{
	"texture_size": [32, 32],
	"textures": {
		"1": "minecraft:item/3dpoop",
		"particle": "minecraft:item/3dpoop"
	},
	"elements": [
		{
			"from": [7.5, 0, 1.75],
			"to": [13.5, 2, 3.75],
			"rotation": {"angle": -22.5, "axis": "y", "origin": [10, 1, 4]},
			"faces": {
				"north": {"uv": [11, 5, 14, 6], "texture": "#1"},
				"east": {"uv": [14, 12, 15, 13], "texture": "#1"},
				"south": {"uv": [11, 6, 14, 7], "texture": "#1"},
				"west": {"uv": [15, 0, 16, 1], "texture": "#1"},
				"up": {"uv": [14, 8, 11, 7], "texture": "#1"},
				"down": {"uv": [14, 8, 11, 9], "texture": "#1"}
			}
		},
		{
			"from": [7.5, 1.25, 2.75],
			"to": [13.5, 5, 6],
			"rotation": {"angle": -22.5, "axis": "y", "origin": [10, 1, 4]},
			"faces": {
				"north": {"uv": [0, 3, 3, 5], "texture": "#1"},
				"east": {"uv": [12, 13, 13.5, 15], "texture": "#1"},
				"south": {"uv": [3, 3, 6, 5], "texture": "#1"},
				"west": {"uv": [3, 13.5, 4.5, 15.5], "texture": "#1"},
				"up": {"uv": [12.5, 3.5, 9.5, 2], "texture": "#1"},
				"down": {"uv": [12.5, 3.5, 9.5, 5], "texture": "#1"}
			}
		},
		{
			"from": [4.04538, 1.25, 5.55944],
			"to": [7.29538, 5, 10.55944],
			"rotation": {"angle": -45, "axis": "y", "origin": [9.17038, 3.125, 7.30944]},
			"faces": {
				"north": {"uv": [6, 13.5, 7.5, 15.5], "texture": "#1"},
				"east": {"uv": [7, 0, 9.5, 2], "texture": "#1"},
				"south": {"uv": [7.5, 13.5, 9, 15.5], "texture": "#1"},
				"west": {"uv": [7, 2, 9.5, 4], "texture": "#1"},
				"up": {"uv": [11, 7.5, 9.5, 5], "texture": "#1"},
				"down": {"uv": [11, 7.5, 9.5, 10], "texture": "#1"}
			}
		},
		{
			"from": [5.61861, 1.25, 4.69332],
			"to": [8.86861, 5, 9.69332],
			"rotation": {"angle": 45, "axis": "y", "origin": [8.99361, 3.125, 8.19332]},
			"faces": {
				"north": {"uv": [13.5, 13, 15, 15], "texture": "#1"},
				"east": {"uv": [7, 4, 9.5, 6], "texture": "#1"},
				"south": {"uv": [0, 14, 1.5, 16], "texture": "#1"},
				"west": {"uv": [7, 6, 9.5, 8], "texture": "#1"},
				"up": {"uv": [6.5, 12.5, 5, 10], "texture": "#1"},
				"down": {"uv": [8, 10, 6.5, 12.5], "texture": "#1"}
			}
		},
		{
			"from": [8.58828, 1.25, 7.63786],
			"to": [11.83828, 5, 12.63786],
			"rotation": {"angle": 45, "axis": "x", "origin": [8.46328, 3.125, 10.13786]},
			"faces": {
				"north": {"uv": [1.5, 14, 3, 16], "texture": "#1"},
				"east": {"uv": [7, 8, 9.5, 10], "texture": "#1"},
				"south": {"uv": [14, 5, 15.5, 7], "texture": "#1"},
				"west": {"uv": [0, 8.5, 2.5, 10.5], "texture": "#1"},
				"up": {"uv": [9.5, 12.5, 8, 10], "texture": "#1"},
				"down": {"uv": [11, 10, 9.5, 12.5], "texture": "#1"}
			}
		},
		{
			"from": [8.58828, 4.2552, 4.63266],
			"to": [11.83828, 8.0052, 9.63266],
			"rotation": {"angle": 0, "axis": "x", "origin": [10.21328, 6.1302, 7.13266]},
			"faces": {
				"north": {"uv": [14, 7, 15.5, 9], "texture": "#1"},
				"east": {"uv": [2.5, 8.5, 5, 10.5], "texture": "#1"},
				"south": {"uv": [9, 14, 10.5, 16], "texture": "#1"},
				"west": {"uv": [9.5, 0, 12, 2], "texture": "#1"},
				"up": {"uv": [1.5, 13, 0, 10.5], "texture": "#1"},
				"down": {"uv": [3, 10.5, 1.5, 13], "texture": "#1"}
			}
		},
		{
			"from": [6.83828, 3.2552, 4.88266],
			"to": [10.08828, 9.7552, 7.63266],
			"rotation": {"angle": 0, "axis": "x", "origin": [10.21328, 6.1302, 7.13266]},
			"faces": {
				"north": {"uv": [0, 5, 1.5, 8.5], "texture": "#1"},
				"east": {"uv": [1.5, 5, 3, 8.5], "texture": "#1"},
				"south": {"uv": [3, 5, 4.5, 8.5], "texture": "#1"},
				"west": {"uv": [4.5, 5, 6, 8.5], "texture": "#1"},
				"up": {"uv": [15.5, 10.5, 14, 9], "texture": "#1"},
				"down": {"uv": [12, 14, 10.5, 15.5], "texture": "#1"}
			}
		},
		{
			"from": [4, 0, 0.75],
			"to": [10, 2, 2.75],
			"rotation": {"angle": 22.5, "axis": "y", "origin": [10, 1, 4]},
			"faces": {
				"north": {"uv": [11, 9, 14, 10], "texture": "#1"},
				"east": {"uv": [15, 1, 16, 2], "texture": "#1"},
				"south": {"uv": [11, 10, 14, 11], "texture": "#1"},
				"west": {"uv": [15, 10.5, 16, 11.5], "texture": "#1"},
				"up": {"uv": [14, 12, 11, 11], "texture": "#1"},
				"down": {"uv": [15, 0, 12, 1], "texture": "#1"}
			}
		},
		{
			"from": [2.75, 0, 3.25],
			"to": [4.75, 2, 9.25],
			"rotation": {"angle": 0, "axis": "y", "origin": [10, 1, 4]},
			"faces": {
				"north": {"uv": [15, 11.5, 16, 12.5], "texture": "#1"},
				"east": {"uv": [12, 1, 15, 2], "texture": "#1"},
				"south": {"uv": [12, 15, 13, 16], "texture": "#1"},
				"west": {"uv": [11, 12, 14, 13], "texture": "#1"},
				"up": {"uv": [6, 3, 5, 0], "texture": "#1"},
				"down": {"uv": [4, 10.5, 3, 13.5], "texture": "#1"}
			}
		},
		{
			"from": [4.5, 0, 9],
			"to": [6.5, 2, 15],
			"rotation": {"angle": 45, "axis": "y", "origin": [3.75, 1, 11.25]},
			"faces": {
				"north": {"uv": [15, 12.5, 16, 13.5], "texture": "#1"},
				"east": {"uv": [12.5, 2, 15.5, 3], "texture": "#1"},
				"south": {"uv": [13, 15, 14, 16], "texture": "#1"},
				"west": {"uv": [12.5, 3, 15.5, 4], "texture": "#1"},
				"up": {"uv": [5, 13.5, 4, 10.5], "texture": "#1"},
				"down": {"uv": [6, 12.5, 5, 15.5], "texture": "#1"}
			}
		},
		{
			"from": [6.75, 0, 11.5],
			"to": [12.75, 2, 13.5],
			"rotation": {"angle": 0, "axis": "y", "origin": [3.75, 1, 11.25]},
			"faces": {
				"north": {"uv": [12.5, 4, 15.5, 5], "texture": "#1"},
				"east": {"uv": [15, 13.5, 16, 14.5], "texture": "#1"},
				"south": {"uv": [6, 12.5, 9, 13.5], "texture": "#1"},
				"west": {"uv": [14, 15, 15, 16], "texture": "#1"},
				"up": {"uv": [3, 14, 0, 13], "texture": "#1"},
				"down": {"uv": [12, 13, 9, 14], "texture": "#1"}
			}
		},
		{
			"from": [11.81492, -0.80585, 4.75],
			"to": [13.81492, 2.44415, 14.25],
			"rotation": {"angle": 22.5, "axis": "x", "origin": [12.06492, 4.44415, 12.5]},
			"faces": {
				"north": {"uv": [5, 8.5, 6, 10], "texture": "#1"},
				"east": {"uv": [0, 0, 5, 1.5], "texture": "#1"},
				"south": {"uv": [14, 10.5, 15, 12], "texture": "#1"},
				"west": {"uv": [0, 1.5, 5, 3], "texture": "#1"},
				"up": {"uv": [7, 5, 6, 0], "texture": "#1"},
				"down": {"uv": [7, 5, 6, 10], "texture": "#1"}
			}
		}
	],
	"display": {
		"thirdperson_righthand": {
			"rotation": [-19.5, 0, 0],
			"translation": [0, 3.5, 0],
			"scale": [0.5, 0.5, 0.5]
		}
	}
}