{
    "parent": "minecraft:item/generated",
    "textures": {
      "layer0": "minecraft:item/arrow"
    },
      "overrides": [
          { "predicate": { "custom_model_data": 1 }, "model": "minecraft:item/artillery_arrow"},
          { "predicate": { "custom_model_data": 2 }, "model": "minecraft:item/combo_arrow"},
          { "predicate": { "custom_model_data": 3 }, "model": "minecraft:item/flame_arrow"},
          { "predicate": { "custom_model_data": 4 }, "model": "minecraft:item/ichor_arrow"},
          { "predicate": { "custom_model_data": 5 }, "model": "minecraft:item/ocean_arrow"},
          { "predicate": { "custom_model_data": 6 }, "model": "minecraft:item/railgun_arrow"},
          { "predicate": { "custom_model_data": 7 }, "model": "minecraft:item/rain_arrow"},
          { "predicate": { "custom_model_data": 8 }, "model": "minecraft:item/requiem_arrow"},
          { "predicate": { "custom_model_data": 9 }, "model": "minecraft:item/wave_arrow"},
          { "predicate": { "custom_model_data": 10 }, "model": "minecraft:item/wind_arrow"}
      ]
  }