{
	"credit": "Made with Blockbench",
	"texture_size": [64, 64],
	"textures": {
		"2": "item/banhammer3d"
	},
	"elements": [
		{
			"from": [0, 0, 4],
			"to": [16, 7, 12],
			"faces": {
				"north": {"uv": [0, 4, 4, 5.75], "texture": "#2"},
				"east": {"uv": [2, 5.75, 4, 7.5], "texture": "#2"},
				"south": {"uv": [4, 0, 8, 1.75], "texture": "#2"},
				"west": {"uv": [6, 1.75, 8, 3.5], "texture": "#2"},
				"up": {"uv": [4, 2, 0, 0], "texture": "#2"},
				"down": {"uv": [4, 2, 0, 4], "texture": "#2"}
			}
		},
		{
			"from": [6, 7, 6],
			"to": [10, 26, 10],
			"faces": {
				"north": {"uv": [4, 1.75, 5, 6.5], "texture": "#2"},
				"east": {"uv": [5, 1.75, 6, 6.5], "texture": "#2"},
				"south": {"uv": [0, 5.75, 1, 10.5], "texture": "#2"},
				"west": {"uv": [1, 5.75, 2, 10.5], "texture": "#2"},
				"up": {"uv": [8.5, 4.5, 7.5, 3.5], "texture": "#2"},
				"down": {"uv": [8.5, 4.5, 7.5, 5.5], "texture": "#2"}
			}
		},
		{
			"from": [5, 26, 5.5],
			"to": [11, 32, 10.5],
			"faces": {
				"north": {"uv": [6, 3.5, 7.5, 5], "texture": "#2"},
				"east": {"uv": [4, 6.5, 5.25, 8], "texture": "#2"},
				"south": {"uv": [6, 5, 7.5, 6.5], "texture": "#2"},
				"west": {"uv": [5.25, 6.5, 6.5, 8], "texture": "#2"},
				"up": {"uv": [8, 7.75, 6.5, 6.5], "texture": "#2"},
				"down": {"uv": [3.5, 7.5, 2, 8.75], "texture": "#2"}
			}
		}
	],
	"display": {}
}