{
	"textures": {
		"1": "minecraft:item/snow4x4",
		"particle": "minecraft:item/snow4x4"
	},
	"elements": [
		{
			"from": [-10, -11, -11],
			"to": [27, 25, 27],
			"rotation": {"angle": 0, "axis": "y", "origin": [4, 4, 2]},
			"faces": {
				"north": {"uv": [0, 0, 16, 16], "texture": "#1"},
				"east": {"uv": [0, 0, 16, 16], "texture": "#1"},
				"south": {"uv": [0, 0, 16, 16], "texture": "#1"},
				"west": {"uv": [0, 0, 16, 16], "texture": "#1"},
				"up": {"uv": [0, 0, 16, 16], "texture": "#1"},
				"down": {"uv": [0, 0, 16, 16], "texture": "#1"}
			}
		},
		{
			"from": [-7, -15, -13],
			"to": [23, 29, 30],
			"rotation": {"angle": 0, "axis": "y", "origin": [4, 4, 2]},
			"faces": {
				"north": {"uv": [0, 0, 16, 16], "texture": "#1"},
				"east": {"uv": [0, 0, 16, 16], "texture": "#1"},
				"south": {"uv": [0, 0, 16, 16], "texture": "#1"},
				"west": {"uv": [0, 0, 16, 16], "texture": "#1"},
				"up": {"uv": [0, 0, 16, 16], "texture": "#1"},
				"down": {"uv": [0, 0, 16, 16], "texture": "#1"}
			}
		},
		{
			"from": [-16, -1, -6],
			"to": [32, 21, 21],
			"rotation": {"angle": 0, "axis": "z", "origin": [4, 4, 2]},
			"faces": {
				"north": {"uv": [0, 0, 16, 16], "texture": "#1"},
				"east": {"uv": [0, 0, 16, 16], "texture": "#1"},
				"south": {"uv": [0, 0, 16, 16], "texture": "#1"},
				"west": {"uv": [0, 0, 16, 16], "texture": "#1"},
				"up": {"uv": [0, 0, 16, 16], "texture": "#1"},
				"down": {"uv": [0, 0, 16, 16], "texture": "#1"}
			}
		},
		{
			"from": [-3, -16, -6],
			"to": [19, 32, 21],
			"rotation": {"angle": 0, "axis": "z", "origin": [4, 4, 2]},
			"faces": {
				"north": {"uv": [0, 0, 16, 16], "rotation": 90, "texture": "#1"},
				"east": {"uv": [0, 0, 16, 16], "rotation": 270, "texture": "#1"},
				"south": {"uv": [0, 0, 16, 16], "rotation": 270, "texture": "#1"},
				"west": {"uv": [0, 0, 16, 16], "rotation": 270, "texture": "#1"},
				"up": {"uv": [0, 0, 16, 16], "rotation": 270, "texture": "#1"},
				"down": {"uv": [0, 0, 16, 16], "rotation": 270, "texture": "#1"}
			}
		},
		{
			"from": [-3, -7, -16],
			"to": [19, 20, 32],
			"rotation": {"angle": 0, "axis": "x", "origin": [4, 4, 2]},
			"faces": {
				"north": {"uv": [0, 0, 16, 16], "rotation": 90, "texture": "#1"},
				"east": {"uv": [0, 0, 16, 16], "rotation": 180, "texture": "#1"},
				"south": {"uv": [0, 0, 16, 16], "rotation": 270, "texture": "#1"},
				"west": {"uv": [0, 0, 16, 16], "texture": "#1"},
				"up": {"uv": [0, 0, 16, 16], "rotation": 270, "texture": "#1"},
				"down": {"uv": [0, 0, 16, 16], "rotation": 270, "texture": "#1"}
			}
		},
		{
			"from": [0, 23, -16],
			"to": [2, 25, -14],
			"faces": {
				"north": {"uv": [0, 0, 2, 2], "texture": "#1"},
				"east": {"uv": [0, 0, 2, 2], "texture": "#1"},
				"south": {"uv": [0, 0, 2, 2], "texture": "#1"},
				"west": {"uv": [0, 0, 2, 2], "texture": "#1"},
				"up": {"uv": [0, 0, 2, 2], "texture": "#1"},
				"down": {"uv": [0, 0, 2, 2], "texture": "#1"}
			}
		},
		{
			"from": [0, 30, 25],
			"to": [2, 32, 27],
			"faces": {
				"north": {"uv": [0, 0, 2, 2], "texture": "#1"},
				"east": {"uv": [0, 0, 2, 2], "texture": "#1"},
				"south": {"uv": [0, 0, 2, 2], "texture": "#1"},
				"west": {"uv": [0, 0, 2, 2], "texture": "#1"},
				"up": {"uv": [0, 0, 2, 2], "texture": "#1"},
				"down": {"uv": [0, 0, 2, 2], "texture": "#1"}
			}
		},
		{
			"from": [11, 25, 25],
			"to": [18, 32, 30],
			"faces": {
				"north": {"uv": [0, 0, 7, 7], "texture": "#1"},
				"east": {"uv": [0, 0, 5, 7], "texture": "#1"},
				"south": {"uv": [0, 0, 7, 7], "texture": "#1"},
				"west": {"uv": [0, 0, 5, 7], "texture": "#1"},
				"up": {"uv": [0, 0, 7, 5], "texture": "#1"},
				"down": {"uv": [0, 0, 7, 5], "texture": "#1"}
			}
		},
		{
			"from": [3, 23, 27],
			"to": [10, 30, 32],
			"faces": {
				"north": {"uv": [0, 0, 7, 7], "texture": "#1"},
				"east": {"uv": [0, 0, 5, 7], "texture": "#1"},
				"south": {"uv": [0, 0, 7, 7], "texture": "#1"},
				"west": {"uv": [0, 0, 5, 7], "texture": "#1"},
				"up": {"uv": [0, 0, 7, 5], "texture": "#1"},
				"down": {"uv": [0, 0, 7, 5], "texture": "#1"}
			}
		},
		{
			"from": [15, 14, 27],
			"to": [22, 21, 32],
			"faces": {
				"north": {"uv": [0, 0, 7, 7], "texture": "#1"},
				"east": {"uv": [0, 0, 5, 7], "texture": "#1"},
				"south": {"uv": [0, 0, 7, 7], "texture": "#1"},
				"west": {"uv": [0, 0, 5, 7], "texture": "#1"},
				"up": {"uv": [0, 0, 7, 5], "texture": "#1"},
				"down": {"uv": [0, 0, 7, 5], "texture": "#1"}
			}
		},
		{
			"from": [18, -7, 27],
			"to": [25, 0, 32],
			"faces": {
				"north": {"uv": [0, 0, 7, 7], "texture": "#1"},
				"east": {"uv": [0, 0, 5, 7], "texture": "#1"},
				"south": {"uv": [0, 0, 7, 7], "texture": "#1"},
				"west": {"uv": [0, 0, 5, 7], "texture": "#1"},
				"up": {"uv": [0, 0, 7, 5], "texture": "#1"},
				"down": {"uv": [0, 0, 7, 5], "texture": "#1"}
			}
		},
		{
			"from": [5, -16, 27],
			"to": [12, -9, 32],
			"faces": {
				"north": {"uv": [0, 0, 7, 7], "texture": "#1"},
				"east": {"uv": [0, 0, 5, 7], "texture": "#1"},
				"south": {"uv": [0, 0, 7, 7], "texture": "#1"},
				"west": {"uv": [0, 0, 5, 7], "texture": "#1"},
				"up": {"uv": [0, 0, 7, 5], "texture": "#1"},
				"down": {"uv": [0, 0, 7, 5], "texture": "#1"}
			}
		},
		{
			"from": [23, 25, -3],
			"to": [30, 32, 2],
			"faces": {
				"north": {"uv": [0, 0, 7, 7], "texture": "#1"},
				"east": {"uv": [0, 0, 5, 7], "texture": "#1"},
				"south": {"uv": [0, 0, 7, 7], "texture": "#1"},
				"west": {"uv": [0, 0, 5, 7], "texture": "#1"},
				"up": {"uv": [0, 0, 7, 5], "texture": "#1"},
				"down": {"uv": [0, 0, 7, 5], "texture": "#1"}
			}
		},
		{
			"from": [23, 10, -14],
			"to": [30, 17, -9],
			"faces": {
				"north": {"uv": [0, 0, 7, 7], "texture": "#1"},
				"east": {"uv": [0, 0, 5, 7], "texture": "#1"},
				"south": {"uv": [0, 0, 7, 7], "texture": "#1"},
				"west": {"uv": [0, 0, 5, 7], "texture": "#1"},
				"up": {"uv": [0, 0, 7, 5], "texture": "#1"},
				"down": {"uv": [0, 0, 7, 5], "texture": "#1"}
			}
		},
		{
			"from": [20, -10, -16],
			"to": [27, -3, -11],
			"faces": {
				"north": {"uv": [0, 0, 7, 7], "texture": "#1"},
				"east": {"uv": [0, 0, 5, 7], "texture": "#1"},
				"south": {"uv": [0, 0, 7, 7], "texture": "#1"},
				"west": {"uv": [0, 0, 5, 7], "texture": "#1"},
				"up": {"uv": [0, 0, 7, 5], "texture": "#1"},
				"down": {"uv": [0, 0, 7, 5], "texture": "#1"}
			}
		},
		{
			"from": [-1, -15, -16],
			"to": [6, -8, -11],
			"faces": {
				"north": {"uv": [0, 0, 7, 7], "texture": "#1"},
				"east": {"uv": [0, 0, 5, 7], "texture": "#1"},
				"south": {"uv": [0, 0, 7, 7], "texture": "#1"},
				"west": {"uv": [0, 0, 5, 7], "texture": "#1"},
				"up": {"uv": [0, 0, 7, 5], "texture": "#1"},
				"down": {"uv": [0, 0, 7, 5], "texture": "#1"}
			}
		},
		{
			"from": [-12, -15, 8],
			"to": [-5, -8, 13],
			"faces": {
				"north": {"uv": [0, 0, 7, 7], "texture": "#1"},
				"east": {"uv": [0, 0, 5, 7], "texture": "#1"},
				"south": {"uv": [0, 0, 7, 7], "texture": "#1"},
				"west": {"uv": [0, 0, 5, 7], "texture": "#1"},
				"up": {"uv": [0, 0, 7, 5], "texture": "#1"},
				"down": {"uv": [0, 0, 7, 5], "texture": "#1"}
			}
		},
		{
			"from": [-12, -11, -7],
			"to": [-5, -4, -2],
			"faces": {
				"north": {"uv": [0, 0, 7, 7], "texture": "#1"},
				"east": {"uv": [0, 0, 5, 7], "texture": "#1"},
				"south": {"uv": [0, 0, 7, 7], "texture": "#1"},
				"west": {"uv": [0, 0, 5, 7], "texture": "#1"},
				"up": {"uv": [0, 0, 7, 5], "texture": "#1"},
				"down": {"uv": [0, 0, 7, 5], "texture": "#1"}
			}
		},
		{
			"from": [-12, -8, 21],
			"to": [-5, -1, 26],
			"faces": {
				"north": {"uv": [0, 0, 7, 7], "texture": "#1"},
				"east": {"uv": [0, 0, 5, 7], "texture": "#1"},
				"south": {"uv": [0, 0, 7, 7], "texture": "#1"},
				"west": {"uv": [0, 0, 5, 7], "texture": "#1"},
				"up": {"uv": [0, 0, 7, 5], "texture": "#1"},
				"down": {"uv": [0, 0, 7, 5], "texture": "#1"}
			}
		},
		{
			"from": [-12, 10, 25],
			"to": [-5, 17, 30],
			"faces": {
				"north": {"uv": [0, 0, 7, 7], "texture": "#1"},
				"east": {"uv": [0, 0, 5, 7], "texture": "#1"},
				"south": {"uv": [0, 0, 7, 7], "texture": "#1"},
				"west": {"uv": [0, 0, 5, 7], "texture": "#1"},
				"up": {"uv": [0, 0, 7, 5], "texture": "#1"},
				"down": {"uv": [0, 0, 7, 5], "texture": "#1"}
			}
		},
		{
			"from": [-12, 21, 22],
			"to": [-5, 28, 27],
			"faces": {
				"north": {"uv": [0, 0, 7, 7], "texture": "#1"},
				"east": {"uv": [0, 0, 5, 7], "texture": "#1"},
				"south": {"uv": [0, 0, 7, 7], "texture": "#1"},
				"west": {"uv": [0, 0, 5, 7], "texture": "#1"},
				"up": {"uv": [0, 0, 7, 5], "texture": "#1"},
				"down": {"uv": [0, 0, 7, 5], "texture": "#1"}
			}
		},
		{
			"from": [-12, 19, 3],
			"to": [-5, 26, 8],
			"faces": {
				"north": {"uv": [0, 0, 7, 7], "texture": "#1"},
				"east": {"uv": [0, 0, 5, 7], "texture": "#1"},
				"south": {"uv": [0, 0, 7, 7], "texture": "#1"},
				"west": {"uv": [0, 0, 5, 7], "texture": "#1"},
				"up": {"uv": [0, 0, 7, 5], "texture": "#1"},
				"down": {"uv": [0, 0, 7, 5], "texture": "#1"}
			}
		},
		{
			"from": [-12, 24, -6],
			"to": [-5, 31, -1],
			"faces": {
				"north": {"uv": [0, 0, 7, 7], "texture": "#1"},
				"east": {"uv": [0, 0, 5, 7], "texture": "#1"},
				"south": {"uv": [0, 0, 7, 7], "texture": "#1"},
				"west": {"uv": [0, 0, 5, 7], "texture": "#1"},
				"up": {"uv": [0, 0, 7, 5], "texture": "#1"},
				"down": {"uv": [0, 0, 7, 5], "texture": "#1"}
			}
		},
		{
			"from": [-8, 24, -16],
			"to": [-1, 31, -11],
			"faces": {
				"north": {"uv": [0, 0, 7, 7], "texture": "#1"},
				"east": {"uv": [0, 0, 5, 7], "texture": "#1"},
				"south": {"uv": [0, 0, 7, 7], "texture": "#1"},
				"west": {"uv": [0, 0, 5, 7], "texture": "#1"},
				"up": {"uv": [0, 0, 7, 5], "texture": "#1"},
				"down": {"uv": [0, 0, 7, 5], "texture": "#1"}
			}
		},
		{
			"from": [11, 18, -16],
			"to": [18, 25, -11],
			"faces": {
				"north": {"uv": [0, 0, 7, 7], "texture": "#1"},
				"east": {"uv": [0, 0, 5, 7], "texture": "#1"},
				"south": {"uv": [0, 0, 7, 7], "texture": "#1"},
				"west": {"uv": [0, 0, 5, 7], "texture": "#1"},
				"up": {"uv": [0, 0, 7, 5], "texture": "#1"},
				"down": {"uv": [0, 0, 7, 5], "texture": "#1"}
			}
		},
		{
			"from": [25, -11, -7],
			"to": [32, -4, -2],
			"faces": {
				"north": {"uv": [0, 0, 7, 7], "texture": "#1"},
				"east": {"uv": [0, 0, 5, 7], "texture": "#1"},
				"south": {"uv": [0, 0, 7, 7], "texture": "#1"},
				"west": {"uv": [0, 0, 5, 7], "texture": "#1"},
				"up": {"uv": [0, 0, 7, 5], "texture": "#1"},
				"down": {"uv": [0, 0, 7, 5], "texture": "#1"}
			}
		},
		{
			"from": [25, -5, 8],
			"to": [32, 2, 13],
			"faces": {
				"north": {"uv": [0, 0, 7, 7], "texture": "#1"},
				"east": {"uv": [0, 0, 5, 7], "texture": "#1"},
				"south": {"uv": [0, 0, 7, 7], "texture": "#1"},
				"west": {"uv": [0, 0, 5, 7], "texture": "#1"},
				"up": {"uv": [0, 0, 7, 5], "texture": "#1"},
				"down": {"uv": [0, 0, 7, 5], "texture": "#1"}
			}
		},
		{
			"from": [25, -10, 21],
			"to": [32, -3, 26],
			"faces": {
				"north": {"uv": [0, 0, 7, 7], "texture": "#1"},
				"east": {"uv": [0, 0, 5, 7], "texture": "#1"},
				"south": {"uv": [0, 0, 7, 7], "texture": "#1"},
				"west": {"uv": [0, 0, 5, 7], "texture": "#1"},
				"up": {"uv": [0, 0, 7, 5], "texture": "#1"},
				"down": {"uv": [0, 0, 7, 5], "texture": "#1"}
			}
		},
		{
			"from": [23, 10, 21],
			"to": [30, 17, 26],
			"faces": {
				"north": {"uv": [0, 0, 7, 7], "texture": "#1"},
				"east": {"uv": [0, 0, 5, 7], "texture": "#1"},
				"south": {"uv": [0, 0, 7, 7], "texture": "#1"},
				"west": {"uv": [0, 0, 5, 7], "texture": "#1"},
				"up": {"uv": [0, 0, 7, 5], "texture": "#1"},
				"down": {"uv": [0, 0, 7, 5], "texture": "#1"}
			}
		},
		{
			"from": [23, 21, 9],
			"to": [30, 28, 14],
			"faces": {
				"north": {"uv": [0, 0, 7, 7], "texture": "#1"},
				"east": {"uv": [0, 0, 5, 7], "texture": "#1"},
				"south": {"uv": [0, 0, 7, 7], "texture": "#1"},
				"west": {"uv": [0, 0, 5, 7], "texture": "#1"},
				"up": {"uv": [0, 0, 7, 5], "texture": "#1"},
				"down": {"uv": [0, 0, 7, 5], "texture": "#1"}
			}
		}
	]
}