{
    "parent": "item/generated",
    "textures": {
        "layer0": "item/bow"
    },
    "display": {
        "thirdperson_righthand": {
            "rotation": [
                -80,
                260,
                -40
            ],
            "translation": [
                -1,
                -2,
                2.5
            ],
            "scale": [
                0.9,
                0.9,
                0.9
            ]
        },
        "thirdperson_lefthand": {
            "rotation": [
                -80,
                -280,
                40
            ],
            "translation": [
                -1,
                -2,
                2.5
            ],
            "scale": [
                0.9,
                0.9,
                0.9
            ]
        },
        "firstperson_righthand": {
            "rotation": [
                0,
                -90,
                25
            ],
            "translation": [
                1.13,
                3.2,
                1.13
            ],
            "scale": [
                0.68,
                0.68,
                0.68
            ]
        },
        "firstperson_lefthand": {
            "rotation": [
                0,
                90,
                -25
            ],
            "translation": [
                1.13,
                3.2,
                1.13
            ],
            "scale": [
                0.68,
                0.68,
                0.68
            ]
        }
    },
    "overrides": [
        {
            "predicate": {
                "pulling": 1
            },
            "model": "item/bow_pulling_0"
        },
        {
            "predicate": {
                "pulling": 1,
                "pull": 0.65
            },
            "model": "item/bow_pulling_1"
        },
        {
            "predicate": {
                "pulling": 1,
                "pull": 0.9
            },
            "model": "item/bow_pulling_2"
        },
        {
            "predicate": {
                "custom_model_data": 533
            },
            "model": "minecraft:item/shulkerbow"
        },
        {
            "predicate": {
                "custom_model_data": 533,
                "pulling": 1
            },
            "model": "minecraft:item/shulkerbow1"
        },
        {
            "predicate": {
                "custom_model_data": 533,
                "pulling": 1,
                "pull": 0.65
            },
            "model": "minecraft:item/shulkerbow2"
        },
        {
            "predicate": {
                "custom_model_data": 533,
                "pulling": 1,
                "pull": 0.9
            },
            "model": "minecraft:item/shulkerbow3"
        },



        
        {
            "predicate": {
                "custom_model_data": 539
            },
            "model": "minecraft:item/doublebow"
        },
        {
            "predicate": {
                "custom_model_data": 539,
                "pulling": 1
            },
            "model": "minecraft:item/doublebow1"
        },
        {
            "predicate": {
                "custom_model_data": 539,
                "pulling": 1,
                "pull": 0.65
            },
            "model": "minecraft:item/doublebow2"
        },
        {
            "predicate": {
                "custom_model_data": 539,
                "pulling": 1,
                "pull": 0.9
            },
            "model": "minecraft:item/doublebow3"
        }











        ,
        {
            "predicate": {
                "custom_model_data": 540
                
            },
            "model": "minecraft:item/railgun_bow"
        },
        {
            "predicate":{
                "pulling":1,
                "custom_model_data":540
            },
            "model":"minecraft:item/railgun_bow_1"
        },
        {
            "predicate":{
                "pulling":1,
                "pull":1,
                "custom_model_data":540
            },
            "model":"minecraft:item/railgun_bow_2"
        },



        {
            "predicate": {
                "custom_model_data": 541
                
            },
            "model": "minecraft:item/shishgun_bow"
        },
        {
            "predicate":{
                "pulling":1,
                "custom_model_data":541
            },
            "model":"minecraft:item/shishgun_bow_1"
        },
        {
            "predicate":{
                "pulling":1,
                "pull":1,
                "custom_model_data":541
            },
            "model":"minecraft:item/shishgun_bow_2"
        }


        ,



        
        {
            "predicate": {
                "custom_model_data": 542
            },
            "model": "minecraft:item/firework"
        },
        {
            "predicate": {
                "custom_model_data": 542,
                "pulling": 1
            },
            "model": "minecraft:item/firework_pulling_0"
        },
        {
            "predicate": {
                "custom_model_data": 542,
                "pulling": 1,
                "pull": 0.65
            },
            "model": "minecraft:item/firework_pulling_1"
        },
        {
            "predicate": {
                "custom_model_data": 542,
                "pulling": 1,
                "pull": 0.9
            },
            "model": "minecraft:item/firework_pulling_2"
        }
    ]
}