{
  "parent": "minecraft:item/handheld_rod",
  "textures": {
    "layer0": "minecraft:item/carrot_on_a_stick"
  },
	"overrides": [
		{ "predicate": { "custom_model_data": 501 }, "model": "minecraft:item/firestorm"},
{ "predicate": { "custom_model_data": 502 }, "model": "minecraft:item/anvilcast"},
{ "predicate": { "custom_model_data": 503 }, "model": "minecraft:item/breaker"},
{ "predicate": { "custom_model_data": 504 }, "model": "minecraft:item/creepers"},
{ "predicate": { "custom_model_data": 505 }, "model": "minecraft:item/healarea"},
{ "predicate": { "custom_model_data": 506 }, "model": "minecraft:item/lava"},
{ "predicate": { "custom_model_data": 507 }, "model": "minecraft:item/lightning"},
{ "predicate": { "custom_model_data": 508 }, "model": "minecraft:item/skeletons"},
{ "predicate": { "custom_model_data": 509 }, "model": "minecraft:item/tnts"},
{ "predicate": { "custom_model_data": 510 }, "model": "minecraft:item/wither"},
{ "predicate": { "custom_model_data": 511 }, "model": "minecraft:item/basswand"},
{ "predicate": { "custom_model_data": 512 }, "model": "minecraft:item/enderwand"},
{ "predicate": { "custom_model_data": 513 }, "model": "minecraft:item/evokerwand"},
{ "predicate": { "custom_model_data": 542 }, "model": "minecraft:item/corruptwand"},
{ "predicate": { "custom_model_data": 546 }, "model": "minecraft:item/vampirewand"},
{ "predicate": { "custom_model_data": 547 }, "model": "minecraft:item/killingwand"},
{ "predicate": { "custom_model_data": 548 }, "model": "minecraft:item/foxuswand"},
{ "predicate": { "custom_model_data": 550 }, "model": "minecraft:item/badwiki"},
{ "predicate": { "custom_model_data": 555 }, "model": "minecraft:item/popit"},
{ "predicate": { "custom_model_data": 558 }, "model": "minecraft:item/sethomer"},
{ "predicate": { "custom_model_data": 560 }, "model": "minecraft:item/advancedenderwand"},
{ "predicate": { "custom_model_data": 561 }, "model": "minecraft:item/wallwand"},
{ "predicate": { "custom_model_data": 563 }, "model": "minecraft:item/starwand"},
{ "predicate": { "custom_model_data": 564 }, "model": "minecraft:item/blazewand"},
{ "predicate": { "custom_model_data": 565 }, "model": "minecraft:item/phantomknifes"},
{ "predicate": { "custom_model_data": 566 }, "model": "minecraft:item/shadowglove"},
{ "predicate": { "custom_model_data": 568 }, "model": "minecraft:item/prism"},
{ "predicate": { "custom_model_data": 570 }, "model": "minecraft:item/unstable_spellbook"},
{ "predicate": { "custom_model_data": 573 }, "model": "minecraft:item/kfcgun"},
{ "predicate": { "custom_model_data": 574 }, "model": "minecraft:item/mobgun"},
{ "predicate": { "custom_model_data": 575 }, "model": "minecraft:item/razorpine"},
{ "predicate": { "custom_model_data": 577 }, "model": "minecraft:item/hedgehogwand"},
{ "predicate": { "custom_model_data": 578 }, "model": "minecraft:item/sheepwand"},
{ "predicate": { "custom_model_data": 579 }, "model": "minecraft:item/psychowand"},
{ "predicate": { "custom_model_data": 583 }, "model": "minecraft:item/lightningwand"},
{ "predicate": { "custom_model_data": 584 }, "model": "minecraft:item/acidwand"},
{ "predicate": { "custom_model_data": 586 }, "model": "minecraft:item/whitearrow"},
{ "predicate": { "custom_model_data": 587 }, "model": "minecraft:item/cyberkatana"},
{ "predicate": { "custom_model_data": 588 }, "model": "minecraft:item/terrasword"},
{ "predicate": { "custom_model_data": 589 }, "model": "minecraft:item/attack_helicopter"},
{ "predicate": { "custom_model_data": 590 }, "model": "minecraft:item/omegaflag"},
{ "predicate": { "custom_model_data": 593 }, "model": "minecraft:item/communism"},
{ "predicate": { "custom_model_data": 594 }, "model": "minecraft:item/summonskeleton"},
{ "predicate": { "custom_model_data": 595 }, "model": "minecraft:item/summonravager"},
{ "predicate": { "custom_model_data": 596 }, "model": "minecraft:item/summonvex"},
{ "predicate": { "custom_model_data": 597 }, "model": "minecraft:item/summoneliteskeleton"},
{ "predicate": { "custom_model_data": 598 }, "model": "minecraft:item/summonghostrider"},
{ "predicate": { "custom_model_data": 599 }, "model": "minecraft:item/summonghast"},
{ "predicate": { "custom_model_data": 600 }, "model": "minecraft:item/summonblaze"},
{ "predicate": { "custom_model_data": 601 }, "model": "minecraft:item/summonguardian"},
{ "predicate": { "custom_model_data": 602 }, "model": "minecraft:item/neutralwand"},
{ "predicate": { "custom_model_data": 604 }, "model": "minecraft:item/lightningboltwand"},
{ "predicate": { "custom_model_data": 605 }, "model": "minecraft:item/infinite_lucky_block"},
{ "predicate": { "custom_model_data": 606 }, "model": "minecraft:item/death_skythe"},
{ "predicate": { "custom_model_data": 607 }, "model": "minecraft:item/best_form/lightning_rapira"},
{ "predicate": { "custom_model_data": 608 }, "model": "minecraft:item/best_form/vampire_fang"},
{ "predicate": { "custom_model_data": 609 }, "model": "minecraft:item/best_form/killer_sword"},
{ "predicate": { "custom_model_data": 610 }, "model": "minecraft:item/best_form/stone_claymore"},
{ "predicate": { "custom_model_data": 611 }, "model": "minecraft:item/best_form/knut"},
{ "predicate": { "custom_model_data": 612 }, "model": "minecraft:item/best_form/ignis"},
{ "predicate": { "custom_model_data": 613 }, "model": "minecraft:item/best_form/ghost"},
{ "predicate": { "custom_model_data": 614 }, "model": "minecraft:item/best_form/time_sword"},
{ "predicate": { "custom_model_data": 615 }, "model": "minecraft:item/best_form/superpos"},
{ "predicate": { "custom_model_data": 616 }, "model": "minecraft:item/best_form/wind_sword"},
{ "predicate": { "custom_model_data": 617 }, "model": "minecraft:item/time_clock"},
{ "predicate": { "custom_model_data": 618 }, "model": "minecraft:item/govnomet"},
{ "predicate": { "custom_model_data": 619 }, "model": "minecraft:item/ak47"},
{ "predicate": { "custom_model_data": 621 }, "model": "minecraft:item/soul_eater"},
{ "predicate": { "custom_model_data": 630 }, "model": "minecraft:item/mum"},
{ "predicate": { "custom_model_data": 631 }, "model": "minecraft:item/exoperso"},

{ "predicate": { "custom_model_data": 632 }, "model": "minecraft:item/st/ruby"},
{ "predicate": { "custom_model_data": 633 }, "model": "minecraft:item/st/terra"},
{ "predicate": { "custom_model_data": 634 }, "model": "minecraft:item/st/electro"},
{ "predicate": { "custom_model_data": 635 }, "model": "minecraft:item/st/air"},
{ "predicate": { "custom_model_data": 636 }, "model": "minecraft:item/st/acid"},
{ "predicate": { "custom_model_data": 637 }, "model": "minecraft:item/st/teleport"},
{ "predicate": { "custom_model_data": 638 }, "model": "minecraft:item/st/stone"},
{ "predicate": { "custom_model_data": 639 }, "model": "minecraft:item/st/fire"},
{ "predicate": { "custom_model_data": 640 }, "model": "minecraft:item/st/blind"},

{ "predicate": { "custom_model_data": 641 }, "model": "minecraft:item/spruce_sapling"},
{ "predicate": { "custom_model_data": 642 }, "model": "minecraft:item/hohlopitek"},
{ "predicate": { "custom_model_data": 643 }, "model": "minecraft:item/vex_sword"},
{ "predicate": { "custom_model_data": 644 }, "model": "minecraft:item/shit_katana"},
{ "predicate": { "custom_model_data": 645 }, "model": "minecraft:item/shetka"},
{ "predicate": { "custom_model_data": 646 }, "model": "minecraft:item/feather"},
{ "predicate": { "custom_model_data": 647 }, "model": "minecraft:item/divider"},
{ "predicate": { "custom_model_data": 648 }, "model": "minecraft:item/balance"},
{ "predicate": { "custom_model_data": 649 }, "model": "minecraft:item/witch_gens"},
{ "predicate": { "custom_model_data": 650 }, "model": "minecraft:item/witch_rabbit"},
{ "predicate": { "custom_model_data": 651 }, "model": "minecraft:item/whale"},
{ "predicate": { "custom_model_data": 652 }, "model": "minecraft:item/snake"},
{ "predicate": { "custom_model_data": 653 }, "model": "minecraft:item/metamorph_flesh"},
{ "predicate": { "custom_model_data": 654 }, "model": "minecraft:item/invisible_hand"},
{ "predicate": { "custom_model_data": 655 }, "model": "minecraft:item/techrunner_katana"},
{ "predicate": { "custom_model_data": 656 }, "model": "minecraft:item/magnum"},
{ "predicate": { "custom_model_data": 657 }, "model": "minecraft:item/dublicating_wand"},
{ "predicate": { "custom_model_data": 658 }, "model": "minecraft:item/consuming_wand"},
{ "predicate": { "custom_model_data": 659 }, "model": "minecraft:item/terrasword_true"},
{ "predicate": { "custom_model_data": 660 }, "model": "minecraft:item/terra_razorpine"},
{ "predicate": { "custom_model_data": 661 }, "model": "minecraft:item/erecto"},
{ "predicate": { "custom_model_data": 662 }, "model": "minecraft:item/exasperato"},
{ "predicate": { "custom_model_data": 663 }, "model": "minecraft:item/homing"},
{ "predicate": { "custom_model_data": 664 }, "model": "minecraft:item/acidacidwand"},
{ "predicate": { "custom_model_data": 665 }, "model": "minecraft:item/acidcorrupt"},
{ "predicate": { "custom_model_data": 666 }, "model": "minecraft:item/boltbolt_wand"},
{ "predicate": { "custom_model_data": 667 }, "model": "minecraft:item/infbolt"},
{ "predicate": { "custom_model_data": 668 }, "model": "minecraft:item/bedrock_wand"},
{ "predicate": { "custom_model_data": 669 }, "model": "minecraft:item/stonekivi"},
{ "predicate": { "custom_model_data": 670 }, "model": "minecraft:item/blazefire"},
{ "predicate": { "custom_model_data": 671 }, "model": "minecraft:item/psychoblind"},
{ "predicate": { "custom_model_data": 672 }, "model": "minecraft:item/blindvex"},
{ "predicate": { "custom_model_data": 673 }, "model": "minecraft:item/lightning_old"},
{ "predicate": { "custom_model_data": 674 }, "model": "minecraft:item/creepers_old"},
{ "predicate": { "custom_model_data": 675 }, "model": "minecraft:item/anvilcast_old"},
{ "predicate": { "custom_model_data": 680 }, "model": "minecraft:item/laser_minigun/1"},
{ "predicate": { "custom_model_data": 681 }, "model": "minecraft:item/laser_minigun/2"},
{ "predicate": { "custom_model_data": 682 }, "model": "minecraft:item/laser_minigun/3"},
{ "predicate": { "custom_model_data": 683 }, "model": "minecraft:item/laser_minigun/4"},
{ "predicate": { "custom_model_data": 684 }, "model": "minecraft:item/laser_minigun/5"},
{ "predicate": { "custom_model_data": 685 }, "model": "minecraft:item/laser_minigun/6"},
{ "predicate": { "custom_model_data": 686 }, "model": "minecraft:item/laser_minigun/7"},
{ "predicate": { "custom_model_data": 687 }, "model": "minecraft:item/laser_minigun/8"},
{ "predicate": { "custom_model_data": 688 }, "model": "minecraft:item/lightsaber_empty"},
{ "predicate": { "custom_model_data": 689 }, "model": "minecraft:item/gaycaster"},
{ "predicate": { "custom_model_data": 690 }, "model": "minecraft:item/time_fragment_tick"},
{ "predicate": { "custom_model_data": 691 }, "model": "minecraft:item/time_fragment_1s"},
{ "predicate": { "custom_model_data": 692 }, "model": "minecraft:item/time_fragment_2s"},
{ "predicate": { "custom_model_data": 693 }, "model": "minecraft:item/time_fragment_2t"},
{ "predicate": { "custom_model_data": 694 }, "model": "minecraft:item/time_fragment_3s"},
{ "predicate": { "custom_model_data": 695 }, "model": "minecraft:item/time_fragment_4s"},
{ "predicate": { "custom_model_data": 696 }, "model": "minecraft:item/time_fragment_5s"},
{ "predicate": { "custom_model_data": 697 }, "model": "minecraft:item/time_fragment_5t"},
{ "predicate": { "custom_model_data": 698 }, "model": "minecraft:item/time_fragment_10s"},
{ "predicate": { "custom_model_data": 699 }, "model": "minecraft:item/time_fragment_10t"},
{ "predicate": { "custom_model_data": 700 }, "model": "minecraft:item/time_fragment_15s"},
{ "predicate": { "custom_model_data": 701 }, "model": "minecraft:item/time_fragment_30s"},
{ "predicate": { "custom_model_data": 702 }, "model": "minecraft:item/time_fragment_jump_1s"},
{ "predicate": { "custom_model_data": 703 }, "model": "minecraft:item/time_fragment_jump_2s"},
{ "predicate": { "custom_model_data": 704 }, "model": "minecraft:item/time_fragment_jump_5s"},
{ "predicate": { "custom_model_data": 705 }, "model": "minecraft:item/time_fragment_jump_10s"},
{ "predicate": { "custom_model_data": 706 }, "model": "minecraft:item/ice_wand"},
{ "predicate": { "custom_model_data": 707 }, "model": "minecraft:item/woodificator"},
{ "predicate": { "custom_model_data": 708 }, "model": "minecraft:item/lightningegg"},
{ "predicate": { "custom_model_data": 709 }, "model": "minecraft:item/neutral_ball"},
{ "predicate": { "custom_model_data": 710 }, "model": "minecraft:item/anal_whip"},
{ "predicate": { "custom_model_data": 711 }, "model": "minecraft:item/banhammer"},
{ "predicate": { "custom_model_data": 712 }, "model": "minecraft:item/oraora"},
{ "predicate": { "custom_model_data": 713 }, "model": "minecraft:item/stand_clock"},
{ "predicate": { "custom_model_data": 714 }, "model": "minecraft:item/homing_lightning"},
{ "predicate": { "custom_model_data": 715 }, "model": "minecraft:item/helicopter_boss"},
{ "predicate": { "custom_model_data": 716 }, "model": "minecraft:item/metal_pipe_divider"},
{ "predicate": { "custom_model_data": 717 }, "model": "minecraft:item/fevgalea_star"},
{ "predicate": { "custom_model_data": 718 }, "model": "minecraft:item/super_rifle"},
{ "predicate": { "custom_model_data": 719 }, "model": "minecraft:item/nexus_compass"},
{ "predicate": { "custom_model_data": 720 }, "model": "minecraft:item/nexus_roadgun"},
{ "predicate": { "custom_model_data": 721 }, "model": "minecraft:item/nexus_corrupter"},
{ "predicate": { "custom_model_data": 722 }, "model": "minecraft:item/piston_sword"},
{ "predicate": { "custom_model_data": 723 }, "model": "minecraft:item/banhammer3d"},
{ "predicate": { "custom_model_data": 724 }, "model": "minecraft:item/nexus_orb_gun"},
{ "predicate": { "custom_model_data": 725 }, "model": "minecraft:item/danmaku"},
{ "predicate": { "custom_model_data": 726 }, "model": "minecraft:item/pulsar"},
{ "predicate": { "custom_model_data": 727 }, "model": "minecraft:item/triple_golden_sword"},
{ "predicate": { "custom_model_data": 728 }, "model": "minecraft:item/uniwand"},

{ "predicate": { "custom_model_data": 729 }, "model": "minecraft:item/st/ruby_tiny"},
{ "predicate": { "custom_model_data": 730 }, "model": "minecraft:item/st/terra_tiny"},
{ "predicate": { "custom_model_data": 731 }, "model": "minecraft:item/st/electro_tiny"},
{ "predicate": { "custom_model_data": 732 }, "model": "minecraft:item/st/air_tiny"},
{ "predicate": { "custom_model_data": 733 }, "model": "minecraft:item/st/acid_tiny"},
{ "predicate": { "custom_model_data": 734 }, "model": "minecraft:item/st/teleport_tiny"},
{ "predicate": { "custom_model_data": 735 }, "model": "minecraft:item/st/stone_tiny"},
{ "predicate": { "custom_model_data": 736 }, "model": "minecraft:item/st/fire_tiny"},
{ "predicate": { "custom_model_data": 737 }, "model": "minecraft:item/st/blind_tiny"},
{ "predicate": { "custom_model_data": 738 }, "model": "minecraft:item/tiny_wands"},
{ "predicate": { "custom_model_data": 739 }, "model": "minecraft:item/new_world"},
{ "predicate": { "custom_model_data": 740 }, "model": "minecraft:item/penis_cultus"},
{ "predicate": { "custom_model_data": 741 }, "model": "minecraft:item/spell"},
{ "predicate": { "custom_model_data": 742 }, "model": "minecraft:item/loopa"},
{ "predicate": { "custom_model_data": 743 }, "model": "minecraft:item/arrow_right"},
{ "predicate": { "custom_model_data": 744 }, "model": "minecraft:item/arrow_left"},
{ "predicate": { "custom_model_data": 745 }, "model": "minecraft:item/x5"},
{ "predicate": { "custom_model_data": 746 }, "model": "minecraft:item/armory_up"},
{ "predicate": { "custom_model_data": 747 }, "model": "minecraft:item/deagle"},
{ "predicate": { "custom_model_data": 748 }, "model": "minecraft:item/snow_wand"},
{ "predicate": { "custom_model_data": 749 }, "model": "minecraft:item/shish_wall_wand"},
{ "predicate": { "custom_model_data": 750 }, "model": "minecraft:item/overload_crux"},

{ "predicate": { "custom_model_data": 1488 }, "model": "minecraft:item/zaika"}
	]
}