{
    "parent": "minecraft:item/generated",
    "textures": {
      "layer0": "minecraft:item/golden_apple"
    },
      "overrides": [
      { "predicate": { "custom_model_data": 300 }, "model": "minecraft:item/basswand"},
      { "predicate": { "custom_model_data": 301 }, "model": "minecraft:item/enderwand"},
      { "predicate": { "custom_model_data": 302 }, "model": "minecraft:item/evokerwand"},
      { "predicate": { "custom_model_data": 303 }, "model": "minecraft:item/corruptwand"},
      { "predicate": { "custom_model_data": 304 }, "model": "minecraft:item/vampirewand"},
      { "predicate": { "custom_model_data": 305 }, "model": "minecraft:item/killingwand"},
      { "predicate": { "custom_model_data": 306 }, "model": "minecraft:item/foxuswand"},
      { "predicate": { "custom_model_data": 307 }, "model": "minecraft:item/badwiki"},
      { "predicate": { "custom_model_data": 308 }, "model": "minecraft:item/advancedenderwand"},
      { "predicate": { "custom_model_data": 309 }, "model": "minecraft:item/wallwand"},
      { "predicate": { "custom_model_data": 310 }, "model": "minecraft:item/starwand"},
      { "predicate": { "custom_model_data": 311 }, "model": "minecraft:item/blazewand"},
      { "predicate": { "custom_model_data": 312 }, "model": "minecraft:item/prism"},
      { "predicate": { "custom_model_data": 313 }, "model": "minecraft:item/unstable_spellbook"},
      { "predicate": { "custom_model_data": 314 }, "model": "minecraft:item/hedgehogwand"},
      { "predicate": { "custom_model_data": 315 }, "model": "minecraft:item/sheepwand"},
      { "predicate": { "custom_model_data": 316 }, "model": "minecraft:item/psychowand"},
      { "predicate": { "custom_model_data": 317 }, "model": "minecraft:item/lightningwand"},
      { "predicate": { "custom_model_data": 318 }, "model": "minecraft:item/acidwand"},
      { "predicate": { "custom_model_data": 319 }, "model": "minecraft:item/omegaflag"},
      { "predicate": { "custom_model_data": 320 }, "model": "minecraft:item/neutralwand"},
      { "predicate": { "custom_model_data": 321 }, "model": "minecraft:item/lightningboltwand"},
      { "predicate": { "custom_model_data": 322 }, "model": "minecraft:item/exoperso"},
      { "predicate": { "custom_model_data": 323 }, "model": "minecraft:item/diamond_pickaxe"},
      { "predicate": { "custom_model_data": 324 }, "model": "minecraft:item/diamond_axe"},
      { "predicate": { "custom_model_data": 325 }, "model": "minecraft:item/diamond_sword"},
      { "predicate": { "custom_model_data": 326 }, "model": "minecraft:item/glass"},
      { "predicate": { "custom_model_data": 327 }, "model": "minecraft:item/sussy_penis_speed"},
      
      { "predicate": { "custom_model_data": 559 }, "model": "minecraft:item/badapple"},
      { "predicate": { "custom_model_data": 580 }, "model": "minecraft:item/aimbobapple"},

      { "predicate": { "custom_model_data": 581 }, "model": "minecraft:item/food/diamond_apple"},
      { "predicate": { "custom_model_data": 582 }, "model": "minecraft:item/food/golden_stew"},
      { "predicate": { "custom_model_data": 583 }, "model": "minecraft:item/food/golden_bread"},
      { "predicate": { "custom_model_data": 584 }, "model": "minecraft:item/food/golden_porkchop"},
      { "predicate": { "custom_model_data": 585 }, "model": "minecraft:item/food/diamond_porkchop"},
      { "predicate": { "custom_model_data": 586 }, "model": "minecraft:item/food/netherite_apple"},
      { "predicate": { "custom_model_data": 587 }, "model": "minecraft:item/food/bedrock_apple"},
      { "predicate": { "custom_model_data": 588 }, "model": "minecraft:item/food/golden_fish"},
      { "predicate": { "custom_model_data": 589 }, "model": "minecraft:item/food/diamond_fish"},
      { "predicate": { "custom_model_data": 590 }, "model": "minecraft:item/food/netherite_fish"},
      { "predicate": { "custom_model_data": 591 }, "model": "minecraft:item/food/netherstar_fish"},
      { "predicate": { "custom_model_data": 592 }, "model": "minecraft:item/food/transdimensional_fish"},
      { "predicate": { "custom_model_data": 593 }, "model": "minecraft:item/food/multiverse_fish"},
      { "predicate": { "custom_model_data": 594 }, "model": "minecraft:item/food/golden_cake"},
      { "predicate": { "custom_model_data": 595 }, "model": "minecraft:item/food/golden_cookie"},
      { "predicate": { "custom_model_data": 596 }, "model": "minecraft:item/food/golden_melon"},
      { "predicate": { "custom_model_data": 597 }, "model": "minecraft:item/food/golden_kelp"},
      { "predicate": { "custom_model_data": 598 }, "model": "minecraft:item/food/golden_beef"},
      { "predicate": { "custom_model_data": 599 }, "model": "minecraft:item/food/diamond_beef"},
      { "predicate": { "custom_model_data": 600 }, "model": "minecraft:item/food/golden_chicken"},
      { "predicate": { "custom_model_data": 601 }, "model": "minecraft:item/food/diamond_chicken"},
      { "predicate": { "custom_model_data": 602 }, "model": "minecraft:item/food/human_flesh"},
      { "predicate": { "custom_model_data": 603 }, "model": "minecraft:item/food/human_eye"},
      { "predicate": { "custom_model_data": 604 }, "model": "minecraft:item/food/golden_chorus"},
      { "predicate": { "custom_model_data": 605 }, "model": "minecraft:item/food/golden_berries"},
      { "predicate": { "custom_model_data": 606 }, "model": "minecraft:item/food/diamond_carrot"},
      { "predicate": { "custom_model_data": 607 }, "model": "minecraft:item/food/netherite_carrot"},
      { "predicate": { "custom_model_data": 608 }, "model": "minecraft:item/food/golden_potato"},
      { "predicate": { "custom_model_data": 609 }, "model": "minecraft:item/food/diamond_potato"},
      { "predicate": { "custom_model_data": 610 }, "model": "minecraft:item/food/netherite_potato"},
      { "predicate": { "custom_model_data": 611 }, "model": "minecraft:item/food/golden_pie"},
      { "predicate": { "custom_model_data": 612 }, "model": "minecraft:item/food/golden_rabbit"},
      { "predicate": { "custom_model_data": 613 }, "model": "minecraft:item/food/diamond_rabbit"},
      { "predicate": { "custom_model_data": 614 }, "model": "minecraft:item/food/diamond_stew"},
      { "predicate": { "custom_model_data": 615 }, "model": "minecraft:item/food/golden_mutton"},
      { "predicate": { "custom_model_data": 616 }, "model": "minecraft:item/food/diamond_mutton"},
      { "predicate": { "custom_model_data": 617 }, "model": "minecraft:item/food/golden_beetroot"},
      { "predicate": { "custom_model_data": 618 }, "model": "minecraft:item/food/netherite_stew"},
      { "predicate": { "custom_model_data": 619 }, "model": "minecraft:item/food/diamond_berries"},
      { "predicate": { "custom_model_data": 620 }, "model": "minecraft:item/food/yellow_lightnings_bottle"},
      { "predicate": { "custom_model_data": 621 }, "model": "minecraft:item/danmaku"}
      ]
  }