{
	"texture_size": [64, 64],
	"textures": {
		"0": "minecraft:item/grimoire_boss",
		"particle": "minecraft:item/grimoire_boss"
	},
	"elements": [
		{
			"from": [4, -16, 4],
			"to": [12, -14, 12],
			"rotation": {"angle": 0, "axis": "y", "origin": [0, -16, 0]},
			"faces": {
				"north": {"uv": [1.75, 8.25, 3.75, 8.75], "texture": "#0"},
				"east": {"uv": [8.5, 0, 10.5, 0.5], "texture": "#0"},
				"south": {"uv": [8.5, 0.5, 10.5, 1], "texture": "#0"},
				"west": {"uv": [8.5, 1, 10.5, 1.5], "texture": "#0"},
				"up": {"uv": [7, 7, 5, 5], "texture": "#0"},
				"down": {"uv": [2, 5.5, 0, 7.5], "texture": "#0"}
			}
		},
		{
			"from": [3, -14, 3],
			"to": [13, -3, 13],
			"rotation": {"angle": 0, "axis": "y", "origin": [0, -16, 0]},
			"faces": {
				"north": {"uv": [0, 0, 2.5, 2.75], "texture": "#0"},
				"east": {"uv": [2.5, 0, 5, 2.75], "texture": "#0"},
				"south": {"uv": [0, 2.75, 2.5, 5.5], "texture": "#0"},
				"west": {"uv": [2.5, 2.75, 5, 5.5], "texture": "#0"},
				"up": {"uv": [7.5, 2.5, 5, 0], "texture": "#0"},
				"down": {"uv": [7.5, 2.5, 5, 5], "texture": "#0"}
			}
		},
		{
			"from": [0, -5, 7],
			"to": [3, 3, 11],
			"rotation": {"angle": 45, "axis": "z", "origin": [1.5, -1.5, 9]},
			"faces": {
				"north": {"uv": [7.75, 6, 8.5, 8], "texture": "#0"},
				"east": {"uv": [7.5, 0, 8.5, 2], "texture": "#0"},
				"south": {"uv": [6.5, 7.75, 7.25, 9.75], "texture": "#0"},
				"west": {"uv": [0.75, 7.5, 1.75, 9.5], "texture": "#0"},
				"up": {"uv": [9.5, 4.25, 8.75, 3.25], "texture": "#0"},
				"down": {"uv": [9.5, 4.25, 8.75, 5.25], "texture": "#0"}
			}
		},
		{
			"from": [-3, -0.28249, 4.31802],
			"to": [0, 10.71751, 7.31802],
			"rotation": {"angle": -45, "axis": "x", "origin": [0.25, 5.21751, 5.81802]},
			"faces": {
				"north": {"uv": [2, 5.5, 2.75, 8.25], "texture": "#0"},
				"east": {"uv": [2.75, 5.5, 3.5, 8.25], "texture": "#0"},
				"south": {"uv": [3.5, 5.5, 4.25, 8.25], "texture": "#0"},
				"west": {"uv": [4.25, 5.5, 5, 8.25], "texture": "#0"},
				"up": {"uv": [9.5, 6, 8.75, 5.25], "texture": "#0"},
				"down": {"uv": [9.75, 1.5, 9, 2.25], "texture": "#0"}
			}
		},
		{
			"from": [1.25334, 7.56631, 1.06802],
			"to": [3.25334, 14.56631, 3.06802],
			"rotation": {"angle": -45, "axis": "z", "origin": [1.50334, 12.81631, 5.31802]},
			"faces": {
				"north": {"uv": [3.75, 8.25, 4.25, 10], "texture": "#0"},
				"east": {"uv": [4.25, 8.25, 4.75, 10], "texture": "#0"},
				"south": {"uv": [8.5, 1.5, 9, 3.25], "texture": "#0"},
				"west": {"uv": [8.5, 6, 9, 7.75], "texture": "#0"},
				"up": {"uv": [7, 7.5, 6.5, 7], "texture": "#0"},
				"down": {"uv": [9.5, 6.75, 9, 7.25], "texture": "#0"}
			}
		},
		{
			"from": [3.99598, 12.49829, 1.56802],
			"to": [4.99598, 17.49829, 2.56802],
			"rotation": {"angle": -22.5, "axis": "z", "origin": [5.74598, 15.99829, 2.06802]},
			"faces": {
				"north": {"uv": [1.5, 9.5, 1.75, 10.75], "texture": "#0"},
				"east": {"uv": [9.5, 3, 9.75, 4.25], "texture": "#0"},
				"south": {"uv": [9.5, 4.25, 9.75, 5.5], "texture": "#0"},
				"west": {"uv": [4.75, 9.5, 5, 10.75], "texture": "#0"},
				"up": {"uv": [7.75, 4.5, 7.5, 4.25], "texture": "#0"},
				"down": {"uv": [7.75, 4.5, 7.5, 4.75], "texture": "#0"}
			}
		},
		{
			"from": [11.00402, 12.49829, 1.56802],
			"to": [12.00402, 17.49829, 2.56802],
			"rotation": {"angle": 22.5, "axis": "z", "origin": [10.25402, 15.99829, 2.06802]},
			"faces": {
				"north": {"uv": [4.75, 8.25, 5, 9.5], "texture": "#0"},
				"east": {"uv": [0.75, 9.5, 1, 10.75], "texture": "#0"},
				"south": {"uv": [1, 9.5, 1.25, 10.75], "texture": "#0"},
				"west": {"uv": [1.25, 9.5, 1.5, 10.75], "texture": "#0"},
				"up": {"uv": [2, 7.75, 1.75, 7.5], "texture": "#0"},
				"down": {"uv": [7.75, 4, 7.5, 4.25], "texture": "#0"}
			}
		},
		{
			"from": [18.92485, 6.39769, 1.06802],
			"to": [20.92485, 13.39769, 3.06802],
			"rotation": {"angle": 45, "axis": "z", "origin": [16.17511, 4.77427, 5.53401]},
			"faces": {
				"north": {"uv": [1.75, 8.75, 2.25, 10.5], "texture": "#0"},
				"east": {"uv": [2.25, 8.75, 2.75, 10.5], "texture": "#0"},
				"south": {"uv": [2.75, 8.75, 3.25, 10.5], "texture": "#0"},
				"west": {"uv": [3.25, 8.75, 3.75, 10.5], "texture": "#0"},
				"up": {"uv": [9.5, 7.75, 9, 7.25], "texture": "#0"},
				"down": {"uv": [10, 5.5, 9.5, 6], "texture": "#0"}
			}
		},
		{
			"from": [15.99112, -5.15013, 7],
			"to": [18.99112, 2.84987, 11],
			"rotation": {"angle": -45, "axis": "z", "origin": [16.17678, 2.03553, 7.40901]},
			"faces": {
				"north": {"uv": [7.25, 8, 8, 10], "texture": "#0"},
				"east": {"uv": [7.5, 2, 8.5, 4], "texture": "#0"},
				"south": {"uv": [8, 8, 8.75, 10], "texture": "#0"},
				"west": {"uv": [7.75, 4, 8.75, 6], "texture": "#0"},
				"up": {"uv": [9.5, 8.75, 8.75, 7.75], "texture": "#0"},
				"down": {"uv": [9.5, 8.75, 8.75, 9.75], "texture": "#0"}
			}
		},
		{
			"from": [16, -0.08947, 7.03401],
			"to": [19, 10.91053, 10.03401],
			"rotation": {"angle": -45, "axis": "x", "origin": [16.17678, 2.03553, 7.40901]},
			"faces": {
				"north": {"uv": [5, 7, 5.75, 9.75], "texture": "#0"},
				"east": {"uv": [7, 5, 7.75, 7.75], "texture": "#0"},
				"south": {"uv": [5.75, 7, 6.5, 9.75], "texture": "#0"},
				"west": {"uv": [0, 7.5, 0.75, 10.25], "texture": "#0"},
				"up": {"uv": [9.75, 3, 9, 2.25], "texture": "#0"},
				"down": {"uv": [9.75, 6, 9, 6.75], "texture": "#0"}
			}
		}
	]
}