{
	"credit": "Made with Blockbench",
	"textures": {
		"0": "minecraft:item/iron4x4",
		"particle": "minecraft:item/iron4x4"
	},
	"elements": [
		{
			"from": [5, 0, 5],
			"to": [11, 1, 11],
			"rotation": {"angle": 0, "axis": "y", "origin": [8, 4.5, 15]},
			"faces": {
				"north": {"uv": [0, 0, 6, 1], "texture": "#0"},
				"east": {"uv": [0, 0, 6, 1], "texture": "#0"},
				"south": {"uv": [0, 0, 6, 1], "texture": "#0"},
				"west": {"uv": [0, 0, 6, 1], "texture": "#0"},
				"up": {"uv": [0, 0, 6, 6], "rotation": 90, "texture": "#0"},
				"down": {"uv": [0, 0, 6, 6], "rotation": 270, "texture": "#0"}
			}
		},
		{
			"from": [5, 1, 5],
			"to": [6, 5, 11],
			"rotation": {"angle": 0, "axis": "y", "origin": [8, 4.5, 15]},
			"faces": {
				"north": {"uv": [0, 0, 1, 4], "texture": "#0"},
				"east": {"uv": [0, 0, 6, 4], "texture": "#0"},
				"south": {"uv": [0, 0, 1, 4], "texture": "#0"},
				"west": {"uv": [0, 0, 6, 4], "texture": "#0"},
				"up": {"uv": [0, 0, 6, 1], "rotation": 90, "texture": "#0"},
				"down": {"uv": [0, 0, 6, 1], "rotation": 270, "texture": "#0"}
			}
		},
		{
			"from": [5, 1, 3],
			"to": [6, 4, 5],
			"rotation": {"angle": 0, "axis": "y", "origin": [8, 4.5, 15]},
			"faces": {
				"north": {"uv": [0, 0, 1, 3], "texture": "#0"},
				"east": {"uv": [0, 0, 2, 3], "texture": "#0"},
				"south": {"uv": [0, 0, 1, 3], "texture": "#0"},
				"west": {"uv": [0, 0, 2, 3], "texture": "#0"},
				"up": {"uv": [0, 0, 2, 1], "rotation": 90, "texture": "#0"},
				"down": {"uv": [0, 0, 2, 1], "rotation": 270, "texture": "#0"}
			}
		},
		{
			"from": [10, 1, 3],
			"to": [11, 4, 5],
			"rotation": {"angle": 0, "axis": "y", "origin": [8, 4.5, 15]},
			"faces": {
				"north": {"uv": [0, 0, 1, 3], "texture": "#0"},
				"east": {"uv": [0, 0, 2, 3], "texture": "#0"},
				"south": {"uv": [0, 0, 1, 3], "texture": "#0"},
				"west": {"uv": [0, 0, 2, 3], "texture": "#0"},
				"up": {"uv": [0, 0, 2, 1], "rotation": 90, "texture": "#0"},
				"down": {"uv": [0, 0, 2, 1], "rotation": 270, "texture": "#0"}
			}
		},
		{
			"from": [10, 4, 4],
			"to": [11, 5, 5],
			"rotation": {"angle": 0, "axis": "y", "origin": [8, 4.5, 15]},
			"faces": {
				"north": {"uv": [0, 0, 1, 1], "texture": "#0"},
				"east": {"uv": [0, 0, 1, 1], "texture": "#0"},
				"south": {"uv": [0, 0, 1, 1], "texture": "#0"},
				"west": {"uv": [0, 0, 1, 1], "texture": "#0"},
				"up": {"uv": [0, 0, 1, 1], "rotation": 90, "texture": "#0"},
				"down": {"uv": [0, 0, 1, 1], "rotation": 270, "texture": "#0"}
			}
		},
		{
			"from": [5, 4, 4],
			"to": [6, 5, 5],
			"rotation": {"angle": 0, "axis": "y", "origin": [8, 4.5, 15]},
			"faces": {
				"north": {"uv": [0, 0, 1, 1], "texture": "#0"},
				"east": {"uv": [0, 0, 1, 1], "texture": "#0"},
				"south": {"uv": [0, 0, 1, 1], "texture": "#0"},
				"west": {"uv": [0, 0, 1, 1], "texture": "#0"},
				"up": {"uv": [0, 0, 1, 1], "rotation": 90, "texture": "#0"},
				"down": {"uv": [0, 0, 1, 1], "rotation": 270, "texture": "#0"}
			}
		},
		{
			"from": [10, 1, 5],
			"to": [11, 5, 11],
			"rotation": {"angle": 0, "axis": "y", "origin": [8, 4.5, 15]},
			"faces": {
				"north": {"uv": [0, 0, 1, 4], "texture": "#0"},
				"east": {"uv": [0, 0, 6, 4], "texture": "#0"},
				"south": {"uv": [0, 0, 1, 4], "texture": "#0"},
				"west": {"uv": [0, 0, 6, 4], "texture": "#0"},
				"up": {"uv": [0, 0, 6, 1], "rotation": 90, "texture": "#0"},
				"down": {"uv": [0, 0, 6, 1], "rotation": 270, "texture": "#0"}
			}
		},
		{
			"from": [6, 5, 5],
			"to": [10, 6, 10],
			"rotation": {"angle": 0, "axis": "y", "origin": [8, 4.5, 15]},
			"faces": {
				"north": {"uv": [0, 0, 4, 1], "texture": "#0"},
				"east": {"uv": [0, 0, 5, 1], "texture": "#0"},
				"south": {"uv": [0, 0, 4, 1], "texture": "#0"},
				"west": {"uv": [0, 0, 5, 1], "texture": "#0"},
				"up": {"uv": [0, 0, 5, 4], "rotation": 90, "texture": "#0"},
				"down": {"uv": [0, 0, 5, 4], "rotation": 270, "texture": "#0"}
			}
		},
		{
			"from": [7, 6, 6.25],
			"to": [9, 7, 8.25],
			"rotation": {"angle": 0, "axis": "y", "origin": [8, 4.5, 15]},
			"faces": {
				"north": {"uv": [0, 0, 2, 1], "texture": "#0"},
				"east": {"uv": [0, 0, 2, 1], "texture": "#0"},
				"south": {"uv": [0, 0, 2, 1], "texture": "#0"},
				"west": {"uv": [0, 0, 2, 1], "texture": "#0"},
				"up": {"uv": [0, 0, 2, 2], "rotation": 90, "texture": "#0"},
				"down": {"uv": [0, 0, 2, 2], "rotation": 270, "texture": "#0"}
			}
		},
		{
			"from": [6.95, 7, -10.8],
			"to": [8.95, 8, 25.2],
			"rotation": {"angle": 0, "axis": "y", "origin": [7.95, 8, 7.2]},
			"faces": {
				"north": {"uv": [0, 0, 2, 1], "texture": "#0"},
				"east": {"uv": [0, 0, 16, 1], "texture": "#0"},
				"south": {"uv": [0, 0, 2, 1], "texture": "#0"},
				"west": {"uv": [0, 0, 16, 1], "texture": "#0"},
				"up": {"uv": [0, 0, 2, 16], "texture": "#0"},
				"down": {"uv": [0, 0, 2, 16], "texture": "#0"}
			}
		},
		{
			"from": [-10.05, 8, 6.2],
			"to": [25.95, 9, 8.2],
			"rotation": {"angle": 0, "axis": "y", "origin": [7.95, 8, 7.2]},
			"faces": {
				"north": {"uv": [0, 0, 16, 1], "texture": "#0"},
				"east": {"uv": [0, 0, 2, 1], "texture": "#0"},
				"south": {"uv": [0, 0, 16, 1], "texture": "#0"},
				"west": {"uv": [0, 0, 2, 1], "texture": "#0"},
				"up": {"uv": [0, 0, 2, 16], "rotation": 90, "texture": "#0"},
				"down": {"uv": [0, 0, 2, 16], "rotation": 270, "texture": "#0"}
			}
		},
		{
			"from": [6, 1, 10],
			"to": [10, 5, 11],
			"rotation": {"angle": 0, "axis": "y", "origin": [8, 4.5, 15]},
			"faces": {
				"north": {"uv": [0, 0, 4, 4], "texture": "#0"},
				"east": {"uv": [0, 0, 1, 4], "texture": "#0"},
				"south": {"uv": [0, 0, 4, 4], "texture": "#0"},
				"west": {"uv": [0, 0, 1, 4], "texture": "#0"},
				"up": {"uv": [0, 0, 1, 4], "rotation": 90, "texture": "#0"},
				"down": {"uv": [0, 0, 1, 4], "rotation": 270, "texture": "#0"}
			}
		},
		{
			"from": [6, 1, 2],
			"to": [10, 2, 5],
			"rotation": {"angle": 0, "axis": "y", "origin": [8, 4.5, 15]},
			"faces": {
				"north": {"uv": [0, 0, 4, 1], "texture": "#0"},
				"east": {"uv": [0, 0, 3, 1], "texture": "#0"},
				"south": {"uv": [0, 0, 4, 1], "texture": "#0"},
				"west": {"uv": [0, 0, 3, 1], "texture": "#0"},
				"up": {"uv": [0, 0, 3, 4], "rotation": 90, "texture": "#0"},
				"down": {"uv": [0, 0, 3, 4], "rotation": 270, "texture": "#0"}
			}
		},
		{
			"from": [5.75, -2.82474, 5.00807],
			"to": [10.25, 1.92526, 5.25807],
			"rotation": {"angle": 22.5, "axis": "x", "origin": [8, 4.5, 15]},
			"faces": {
				"north": {"uv": [0, 0, 4.75, 4.5], "rotation": 270, "texture": "#0"},
				"east": {"uv": [0, 0, 4.75, 0.25], "rotation": 90, "texture": "#0"},
				"south": {"uv": [0, 0, 4.75, 4.5], "rotation": 270, "texture": "#0"},
				"west": {"uv": [0, 0, 4.75, 0.25], "rotation": 270, "texture": "#0"},
				"up": {"uv": [0, 0, 4.5, 0.25], "texture": "#0"},
				"down": {"uv": [0, 0, 4.5, 0.25], "rotation": 180, "texture": "#0"}
			}
		},
		{
			"from": [6, 1, 11],
			"to": [10, 4, 16],
			"rotation": {"angle": 0, "axis": "y", "origin": [8, 4.5, 15]},
			"faces": {
				"north": {"uv": [0, 0, 4, 3], "texture": "#0"},
				"east": {"uv": [0, 0, 5, 3], "texture": "#0"},
				"south": {"uv": [0, 0, 4, 3], "texture": "#0"},
				"west": {"uv": [0, 0, 5, 3], "texture": "#0"},
				"up": {"uv": [0, 0, 5, 4], "rotation": 90, "texture": "#0"},
				"down": {"uv": [0, 0, 5, 4], "rotation": 270, "texture": "#0"}
			}
		},
		{
			"from": [7, 2, 16],
			"to": [9, 4, 22],
			"rotation": {"angle": 0, "axis": "y", "origin": [8, 4.5, 15]},
			"faces": {
				"north": {"uv": [0, 0, 2, 2], "texture": "#0"},
				"east": {"uv": [0, 0, 6, 2], "texture": "#0"},
				"south": {"uv": [0, 0, 2, 2], "texture": "#0"},
				"west": {"uv": [0, 0, 6, 2], "texture": "#0"},
				"up": {"uv": [0, 0, 6, 2], "rotation": 90, "texture": "#0"},
				"down": {"uv": [0, 0, 6, 2], "rotation": 270, "texture": "#0"}
			}
		},
		{
			"from": [7, 3, 22],
			"to": [9, 4, 27],
			"rotation": {"angle": 0, "axis": "y", "origin": [8, 4.5, 15]},
			"faces": {
				"north": {"uv": [0, 0, 2, 1], "texture": "#0"},
				"east": {"uv": [0, 0, 5, 1], "texture": "#0"},
				"south": {"uv": [0, 0, 2, 1], "texture": "#0"},
				"west": {"uv": [0, 0, 5, 1], "texture": "#0"},
				"up": {"uv": [0, 0, 5, 2], "rotation": 90, "texture": "#0"},
				"down": {"uv": [0, 0, 5, 2], "rotation": 270, "texture": "#0"}
			}
		},
		{
			"from": [6, 3, 26],
			"to": [7, 4, 27],
			"rotation": {"angle": 0, "axis": "y", "origin": [8, 4.5, 15]},
			"faces": {
				"north": {"uv": [0, 0, 1, 1], "texture": "#0"},
				"east": {"uv": [0, 0, 1, 1], "texture": "#0"},
				"south": {"uv": [0, 0, 1, 1], "texture": "#0"},
				"west": {"uv": [0, 0, 1, 1], "texture": "#0"},
				"up": {"uv": [0, 0, 1, 1], "rotation": 90, "texture": "#0"},
				"down": {"uv": [0, 0, 1, 1], "rotation": 270, "texture": "#0"}
			}
		},
		{
			"from": [5, 3, 23],
			"to": [6, 4, 30],
			"rotation": {"angle": 0, "axis": "y", "origin": [8, 4.5, 15]},
			"faces": {
				"north": {"uv": [0, 0, 1, 1], "texture": "#0"},
				"east": {"uv": [0, 0, 7, 1], "texture": "#0"},
				"south": {"uv": [0, 0, 1, 1], "texture": "#0"},
				"west": {"uv": [0, 0, 7, 1], "texture": "#0"},
				"up": {"uv": [0, 0, 7, 1], "rotation": 90, "texture": "#0"},
				"down": {"uv": [0, 0, 7, 1], "rotation": 270, "texture": "#0"}
			}
		},
		{
			"from": [5, 0, 26],
			"to": [6, 7, 27],
			"rotation": {"angle": 0, "axis": "y", "origin": [8, 4.5, 15]},
			"faces": {
				"north": {"uv": [0, 0, 1, 7], "texture": "#0"},
				"east": {"uv": [0, 0, 1, 7], "texture": "#0"},
				"south": {"uv": [0, 0, 1, 7], "texture": "#0"},
				"west": {"uv": [0, 0, 1, 7], "texture": "#0"},
				"up": {"uv": [0, 0, 1, 1], "rotation": 90, "texture": "#0"},
				"down": {"uv": [0, 0, 1, 1], "rotation": 270, "texture": "#0"}
			}
		}
	]
}