{
	"credit": "Made with Blockbench",
	"texture_size": [64, 64],
	"textures": {
		"0": "item/ice_crystal_small",
		"particle": "item/ice_crystal_particle"
	},
	"elements": [
		{
			"from": [5, 0, 5],
			"to": [11, 16, 11],
			"faces": {
				"north": {"uv": [1.5, 1.5, 3, 5.5], "texture": "#0"},
				"east": {"uv": [0, 1.5, 1.5, 5.5], "texture": "#0"},
				"south": {"uv": [4.5, 1.5, 6, 5.5], "texture": "#0"},
				"west": {"uv": [3, 1.5, 4.5, 5.5], "texture": "#0"},
				"up": {"uv": [3, 1.5, 1.5, 0], "texture": "#0"},
				"down": {"uv": [4.5, 0, 3, 1.5], "texture": "#0"}
			}
		},
		{
			"from": [9, 0, 3],
			"to": [13, 10, 7],
			"rotation": {"angle": 0, "axis": "z", "origin": [13, 8, 8]},
			"faces": {
				"north": {"uv": [4, 10, 5, 12.5], "texture": "#0"},
				"east": {"uv": [3, 10, 4, 12.5], "texture": "#0"},
				"south": {"uv": [6, 10, 7, 12.5], "texture": "#0"},
				"west": {"uv": [5, 10, 6, 12.5], "texture": "#0"},
				"up": {"uv": [5, 10, 4, 9], "texture": "#0"},
				"down": {"uv": [6, 9, 5, 10], "texture": "#0"}
			}
		},
		{
			"from": [6, 0, 0.5],
			"to": [10, 13, 4.5],
			"rotation": {"angle": -22.5, "axis": "x", "origin": [8, 5, 5]},
			"faces": {
				"north": {"uv": [1, 6.5, 2, 9.75], "texture": "#0"},
				"east": {"uv": [0, 6.5, 1, 9.75], "texture": "#0"},
				"south": {"uv": [3, 6.5, 4, 9.75], "texture": "#0"},
				"west": {"uv": [2, 6.5, 3, 9.75], "texture": "#0"},
				"up": {"uv": [2, 6.5, 1, 5.5], "texture": "#0"},
				"down": {"uv": [3, 5.5, 2, 6.5], "texture": "#0"}
			}
		},
		{
			"from": [9.5, 0, 6],
			"to": [13.5, 12, 10],
			"rotation": {"angle": -22.5, "axis": "z", "origin": [11, 3, 8]},
			"faces": {
				"north": {"uv": [7, 1, 8, 4], "texture": "#0"},
				"east": {"uv": [6, 1, 7, 4], "texture": "#0"},
				"south": {"uv": [9, 1, 10, 4], "texture": "#0"},
				"west": {"uv": [8, 1, 9, 4], "texture": "#0"},
				"up": {"uv": [8, 1, 7, 0], "texture": "#0"},
				"down": {"uv": [9, 0, 8, 1], "texture": "#0"}
			}
		},
		{
			"from": [3, 0, 3],
			"to": [7, 6, 7],
			"rotation": {"angle": 0, "axis": "z", "origin": [13, 8, 8]},
			"faces": {
				"north": {"uv": [12, 6.75, 13, 8.25], "texture": "#0"},
				"east": {"uv": [11, 6.75, 12, 8.25], "texture": "#0"},
				"south": {"uv": [14, 6.75, 15, 8.25], "texture": "#0"},
				"west": {"uv": [13, 6.75, 14, 8.25], "texture": "#0"},
				"up": {"uv": [13, 6.75, 12, 5.75], "texture": "#0"},
				"down": {"uv": [14, 5.75, 13, 6.75], "texture": "#0"}
			}
		},
		{
			"from": [2, 0, 6],
			"to": [6, 10, 10],
			"rotation": {"angle": 22.5, "axis": "z", "origin": [5, 3, 8]},
			"faces": {
				"north": {"uv": [9, 9, 10, 11.5], "texture": "#0"},
				"east": {"uv": [8, 9, 9, 11.5], "texture": "#0"},
				"south": {"uv": [11, 9, 12, 11.5], "texture": "#0"},
				"west": {"uv": [10, 9, 11, 11.5], "texture": "#0"},
				"up": {"uv": [10, 9, 9, 8], "texture": "#0"},
				"down": {"uv": [11, 8, 10, 9], "texture": "#0"}
			}
		},
		{
			"from": [8, 0, 9],
			"to": [12, 6, 13],
			"rotation": {"angle": 0, "axis": "y", "origin": [10, 3, 11]},
			"faces": {
				"north": {"uv": [10, 1, 11, 2.5], "texture": "#0"},
				"east": {"uv": [13, 1, 14, 2.5], "texture": "#0"},
				"south": {"uv": [12, 1, 13, 2.5], "texture": "#0"},
				"west": {"uv": [11, 1, 12, 2.5], "texture": "#0"},
				"up": {"uv": [12, 1, 11, 0], "rotation": 270, "texture": "#0"},
				"down": {"uv": [13, 0, 12, 1], "rotation": 90, "texture": "#0"}
			}
		},
		{
			"from": [6, 0, 10],
			"to": [10, 14, 14],
			"rotation": {"angle": 22.5, "axis": "x", "origin": [8, 3, 11]},
			"faces": {
				"north": {"uv": [6, 5.5, 7, 9], "texture": "#0"},
				"east": {"uv": [5, 5.5, 6, 9], "texture": "#0"},
				"south": {"uv": [8, 5.5, 9, 9], "texture": "#0"},
				"west": {"uv": [7, 5.5, 8, 9], "texture": "#0"},
				"up": {"uv": [7, 5.5, 6, 4.5], "texture": "#0"},
				"down": {"uv": [8, 4.5, 7, 5.5], "texture": "#0"}
			}
		},
		{
			"from": [2, 0, 10],
			"to": [6, 7, 14],
			"rotation": {"angle": 0, "axis": "z", "origin": [13, 8, 8]},
			"faces": {
				"north": {"uv": [10, 4, 11, 5.75], "texture": "#0"},
				"east": {"uv": [9, 4, 10, 5.75], "texture": "#0"},
				"south": {"uv": [12, 4, 13, 5.75], "texture": "#0"},
				"west": {"uv": [11, 4, 12, 5.75], "texture": "#0"},
				"up": {"uv": [11, 4, 10, 3], "texture": "#0"},
				"down": {"uv": [12, 3, 11, 4], "texture": "#0"}
			}
		}
	],
	"display": {
		"head": {
			"translation": [0, -15.25, 0],
			"scale": [4, 4, 4]
		}
	}
}