{
	"credit": "Made with Blockbench",
	"texture_size": [64, 64],
	"textures": {
		"0": "item/ice_crystal_proj",
		"particle": "item/ice_crystal_proj"
	},
	"elements": [
		{
			"from": [5, 5, 5],
			"to": [11, 11, 11],
			"rotation": {"angle": 45, "axis": "x", "origin": [8, 8, 8]},
			"faces": {
				"north": {"uv": [1.5, 4.5, 3, 6], "texture": "#0"},
				"east": {"uv": [0, 4.5, 1.5, 6], "texture": "#0"},
				"south": {"uv": [4.5, 4.5, 6, 6], "texture": "#0"},
				"west": {"uv": [3, 4.5, 4.5, 6], "texture": "#0"},
				"up": {"uv": [3, 4.5, 1.5, 3], "texture": "#0"},
				"down": {"uv": [4.5, 3, 3, 4.5], "texture": "#0"}
			}
		},
		{
			"from": [5, 5, 5],
			"to": [11, 11, 11],
			"rotation": {"angle": 45, "axis": "y", "origin": [8, 8, 8]},
			"faces": {
				"north": {"uv": [1.5, 1.5, 3, 3], "texture": "#0"},
				"east": {"uv": [0, 1.5, 1.5, 3], "texture": "#0"},
				"south": {"uv": [4.5, 1.5, 6, 3], "texture": "#0"},
				"west": {"uv": [3, 1.5, 4.5, 3], "texture": "#0"},
				"up": {"uv": [3, 1.5, 1.5, 0], "texture": "#0"},
				"down": {"uv": [4.5, 0, 3, 1.5], "texture": "#0"}
			}
		},
		{
			"from": [5, 5, 5],
			"to": [11, 11, 11],
			"rotation": {"angle": 45, "axis": "z", "origin": [8, 8, 8]},
			"faces": {
				"north": {"uv": [6, 3, 7.5, 4.5], "texture": "#0"},
				"east": {"uv": [4.5, 3, 6, 4.5], "texture": "#0"},
				"south": {"uv": [9, 3, 10.5, 4.5], "texture": "#0"},
				"west": {"uv": [7.5, 3, 9, 4.5], "texture": "#0"},
				"up": {"uv": [7.5, 3, 6, 1.5], "texture": "#0"},
				"down": {"uv": [9, 1.5, 7.5, 3], "texture": "#0"}
			}
		}
	]
}