{
  "parent": "minecraft:item/handheld",
  "textures": {
    "layer0": "minecraft:item/iron_sword"
  },
	"overrides": [
		{ "predicate": { "custom_model_data": 532 }, "model": "minecraft:item/vampiresword"},
		{ "predicate": { "custom_model_data": 560 }, "model": "minecraft:item/guardiansword"},
		{ "predicate": { "custom_model_data": 561 }, "model": "minecraft:item/gravitysword"},
		{ "predicate": { "custom_model_data": 571 }, "model": "minecraft:item/icesword"},
		{ "predicate": { "custom_model_data": 572 }, "model": "minecraft:item/crowbar"},
		{ "predicate": { "custom_model_data": 573 }, "model": "minecraft:item/one_punch_glove"},
		{ "predicate": { "custom_model_data": 574 }, "model": "minecraft:item/glass_cannon"},
		{ "predicate": { "custom_model_data": 575 }, "model": "minecraft:item/antimagic_stick"},
		{ "predicate": { "custom_model_data": 576 }, "model": "minecraft:item/steampunk_sword"}

	]
}