{
	"credit": "Made with Blockbench",
	"texture_size": [64, 64],
	"textures": {
		"1": "minecraft:item/kfc_gun",
		"particle": "minecraft:item/kfc_gun"
	},
	"elements": [
		{
			"from": [-3.00093, 8.499, 10.5],
			"to": [6.99907, 18.499, 10.5],
			"rotation": {"angle": 0, "axis": "x", "origin": [1.99907, 9.499, 10.5]},
			"faces": {
				"north": {"uv": [2.5, 2.5, 5, 5], "texture": "#1"},
				"east": {"uv": [0, 0, 0, 2.5], "texture": "#1"},
				"south": {"uv": [2.5, 0, 5, 2.5], "texture": "#1"},
				"west": {"uv": [0, 0, 0, 2.5], "texture": "#1"},
				"up": {"uv": [2.5, 0, 0, 0], "rotation": 180, "texture": "#1"},
				"down": {"uv": [2.5, 0, 0, 0], "rotation": 180, "texture": "#1"}
			}
		},
		{
			"from": [1.99907, 8.499, 5.5],
			"to": [1.99907, 18.499, 15.5],
			"rotation": {"angle": 0, "axis": "x", "origin": [1.99907, 9.499, 10.5]},
			"faces": {
				"north": {"uv": [0, 0, 0, 2.5], "texture": "#1"},
				"east": {"uv": [2.5, 2.5, 5, 5], "texture": "#1"},
				"south": {"uv": [0, 0, 0, 2.5], "texture": "#1"},
				"west": {"uv": [2.5, 0, 5, 2.5], "texture": "#1"},
				"up": {"uv": [2.5, 0, 0, 0], "rotation": 270, "texture": "#1"},
				"down": {"uv": [2.5, 0, 0, 0], "rotation": 90, "texture": "#1"}
			}
		},
		{
			"from": [0.49907, 10.999, 8.5],
			"to": [4.49907, 13.999, 12.5],
			"rotation": {"angle": 0, "axis": "z", "origin": [2.49954, 12.2495, 12.5]},
			"faces": {
				"north": {"uv": [11.5, 2.75, 12.5, 3.5], "rotation": 180, "texture": "#1"},
				"east": {"uv": [11.5, 10, 12.5, 10.75], "rotation": 180, "texture": "#1"},
				"south": {"uv": [11.5, 9.25, 12.5, 10], "rotation": 180, "texture": "#1"},
				"west": {"uv": [8, 11.5, 9, 12.25], "rotation": 180, "texture": "#1"},
				"up": {"uv": [9.5, 3.5, 8.5, 4.5], "rotation": 180, "texture": "#1"},
				"down": {"uv": [2.75, 9.5, 1.75, 8.5], "rotation": 180, "texture": "#1"}
			}
		},
		{
			"from": [0.1738, 11.85973, 8.5],
			"to": [0.1738, 14.85973, 12.5],
			"rotation": {"angle": 22.5, "axis": "z", "origin": [2.49954, 12.2495, 12.5]},
			"faces": {
				"north": {"uv": [0, 0, 0, 0.75], "rotation": 180, "texture": "#1"},
				"east": {"uv": [11.5, 11.5, 12.5, 12.25], "rotation": 180, "texture": "#1"},
				"south": {"uv": [0, 0, 0, 0.75], "rotation": 180, "texture": "#1"},
				"west": {"uv": [10.5, 11.5, 11.5, 12.25], "rotation": 180, "texture": "#1"},
				"up": {"uv": [0, 0, 0, 1], "rotation": 180, "texture": "#1"},
				"down": {"uv": [0, 1, 0, 0], "rotation": 180, "texture": "#1"}
			}
		},
		{
			"from": [4.82542, 11.85938, 8.5],
			"to": [4.82542, 14.85938, 12.5],
			"rotation": {"angle": -22.5, "axis": "z", "origin": [2.49954, 12.2495, 12.5]},
			"faces": {
				"north": {"uv": [0, 0, 0, 0.75], "rotation": 180, "texture": "#1"},
				"east": {"uv": [11.75, 0.75, 12.75, 1.5], "rotation": 180, "texture": "#1"},
				"south": {"uv": [0, 0, 0, 0.75], "rotation": 180, "texture": "#1"},
				"west": {"uv": [11.75, 0, 12.75, 0.75], "rotation": 180, "texture": "#1"},
				"up": {"uv": [0, 0, 0, 1], "rotation": 180, "texture": "#1"},
				"down": {"uv": [0, 1, 0, 0], "rotation": 180, "texture": "#1"}
			}
		},
		{
			"from": [0.99907, 12.999, 10.5],
			"to": [3.99907, 14.999, 10.5],
			"rotation": {"angle": 0, "axis": "z", "origin": [2.49954, 12.2495, 12.5]},
			"faces": {
				"north": {"uv": [9, 8, 9.75, 8.5], "rotation": 180, "texture": "#1"},
				"east": {"uv": [0, 0, 0, 0.5], "rotation": 180, "texture": "#1"},
				"south": {"uv": [12.75, 4, 13.5, 4.5], "rotation": 180, "texture": "#1"},
				"west": {"uv": [0, 0, 0, 0.5], "rotation": 180, "texture": "#1"},
				"up": {"uv": [0.75, 0, 0, 0], "rotation": 180, "texture": "#1"},
				"down": {"uv": [0.75, 0, 0, 0], "rotation": 180, "texture": "#1"}
			}
		},
		{
			"from": [0.99907, 15, 10.501],
			"to": [3.99907, 15, 12.501],
			"rotation": {"angle": 0, "axis": "z", "origin": [2.49954, 12.2495, 12.5]},
			"faces": {
				"north": {"uv": [0, 0, 0.75, 0], "rotation": 180, "texture": "#1"},
				"east": {"uv": [0, 0, 0.5, 0], "rotation": 180, "texture": "#1"},
				"south": {"uv": [0, 0, 0.75, 0], "rotation": 180, "texture": "#1"},
				"west": {"uv": [0, 0, 0.5, 0], "rotation": 180, "texture": "#1"},
				"up": {"uv": [7, 12.75, 6.25, 13.25], "rotation": 180, "texture": "#1"},
				"down": {"uv": [13.5, 5, 12.75, 4.5], "rotation": 180, "texture": "#1"}
			}
		},
		{
			"from": [0.99907, 8.999, 11.5],
			"to": [3.99907, 11.999, 13.5],
			"rotation": {"angle": 0, "axis": "z", "origin": [2.49954, 12.2495, 12.5]},
			"faces": {
				"north": {"uv": [10.75, 12.25, 11.5, 13], "rotation": 180, "texture": "#1"},
				"east": {"uv": [9.25, 10.25, 9.75, 11], "rotation": 180, "texture": "#1"},
				"south": {"uv": [11.5, 12.25, 12.25, 13], "rotation": 180, "texture": "#1"},
				"west": {"uv": [9.5, 3.5, 10, 4.25], "rotation": 180, "texture": "#1"},
				"up": {"uv": [13.5, 8.25, 12.75, 8.75], "rotation": 180, "texture": "#1"},
				"down": {"uv": [13.5, 8.25, 12.75, 7.75], "rotation": 180, "texture": "#1"}
			}
		},
		{
			"from": [0.99907, 9.999, 13.5],
			"to": [3.99907, 10.999, 15.5],
			"rotation": {"angle": 0, "axis": "z", "origin": [2.49954, 12.2495, 12.5]},
			"faces": {
				"north": {"uv": [10, 6, 10.75, 6.25], "rotation": 180, "texture": "#1"},
				"east": {"uv": [10.75, 7.75, 11.25, 8], "rotation": 180, "texture": "#1"},
				"south": {"uv": [1.75, 10.25, 2.5, 10.5], "rotation": 180, "texture": "#1"},
				"west": {"uv": [9.5, 4.25, 10, 4.5], "rotation": 180, "texture": "#1"},
				"up": {"uv": [5, 13, 4.25, 13.5], "rotation": 180, "texture": "#1"},
				"down": {"uv": [3, 13.5, 2.25, 13], "rotation": 180, "texture": "#1"}
			}
		},
		{
			"from": [1.49907, 10.999, 13.5],
			"to": [3.49907, 11.999, 14.5],
			"rotation": {"angle": 0, "axis": "z", "origin": [2.49954, 12.2495, 12.5]},
			"faces": {
				"north": {"uv": [11.75, 1.5, 12.25, 1.75], "rotation": 180, "texture": "#1"},
				"east": {"uv": [6, 11.75, 6.25, 12], "rotation": 180, "texture": "#1"},
				"south": {"uv": [13, 6.5, 13.5, 6.75], "rotation": 180, "texture": "#1"},
				"west": {"uv": [11.25, 7.75, 11.5, 8], "rotation": 180, "texture": "#1"},
				"up": {"uv": [9.75, 13, 9.25, 13.25], "rotation": 180, "texture": "#1"},
				"down": {"uv": [8, 13.25, 7.5, 13], "rotation": 180, "texture": "#1"}
			}
		}
	],
	"display": {
		"thirdperson_righthand": {
			"rotation": [-90, 0, -180],
			"translation": [-11.75, -4.75, -3.75]
		},
		"thirdperson_lefthand": {
			"rotation": [-90, 0, -180],
			"translation": [-2.75, -12, -0.5],
			"scale": [0.66, 0.66, 0.66]
		},
		"firstperson_righthand": {
			"rotation": [4, -50, 180],
			"translation": [1.75, 8, -8.25]
		},
		"firstperson_lefthand": {
			"rotation": [-15, -42, 180],
			"translation": [7.5, 6.75, -4]
		},
		"ground": {
			"translation": [2.25, -2.25, -3.75],
			"scale": [0.5, 0.5, 0.5]
		},
		"gui": {
			"rotation": [36, -35.46, -128.49],
			"translation": [-5.75, 5, 0],
			"scale": [1.7, 1.7, 1.7]
		},
		"head": {
			"rotation": [-5.5, 0, 0],
			"translation": [5.5, -31.5, -8]
		},
		"fixed": {
			"rotation": [0, 90, 0],
			"translation": [-4.75, -4, -7.5]
		}
	}
}