{
	"credit": "Made with Blockbench",
	"texture_size": [64, 64],
	"textures": {
		"1": "minecraft:item/kfc_gun",
		"particle": "minecraft:item/kfc_gun"
	},
	"elements": [
		{
			"from": [-1, 9, -12],
			"to": [6, 16, -1],
			"rotation": {"angle": 0, "axis": "y", "origin": [0, 0, -10]},
			"faces": {
				"north": {"uv": [7.75, 0, 9.5, 1.75], "texture": "#1"},
				"east": {"uv": [0, 5, 2.75, 6.75], "texture": "#1"},
				"south": {"uv": [8.5, 1.75, 10.25, 3.5], "texture": "#1"},
				"west": {"uv": [5, 0, 7.75, 1.75], "texture": "#1"},
				"up": {"uv": [6.75, 4.5, 5, 1.75], "texture": "#1"},
				"down": {"uv": [4.5, 5, 2.75, 7.75], "texture": "#1"}
			}
		},
		{
			"from": [0, 10, -1],
			"to": [5, 15, 6],
			"rotation": {"angle": 0, "axis": "y", "origin": [0, 0, -10]},
			"faces": {
				"north": {"uv": [10.75, 6, 12, 7.25], "texture": "#1"},
				"east": {"uv": [9.75, 9.75, 11.5, 11], "texture": "#1"},
				"west": {"uv": [10, 3.5, 11.75, 4.75], "texture": "#1"},
				"up": {"uv": [11.5, 3.5, 10.25, 1.75], "texture": "#1"},
				"down": {"uv": [7.5, 10.25, 6.25, 12], "texture": "#1"}
			}
		},
		{
			"from": [5, 15, 6],
			"to": [0, 10, -1],
			"rotation": {"angle": 0, "axis": "y", "origin": [16, 16, 26]},
			"faces": {
				"east": {"uv": [10, 4.75, 11.75, 6], "texture": "#1"},
				"west": {"uv": [7.5, 10.25, 9.25, 11.5], "texture": "#1"},
				"up": {"uv": [3, 12.25, 1.75, 10.5], "texture": "#1"},
				"down": {"uv": [4.25, 10.5, 3, 12.25], "texture": "#1"}
			}
		},
		{
			"from": [0, 10, 17],
			"to": [5, 15, 19],
			"rotation": {"angle": 0, "axis": "y", "origin": [0, 0, -10]},
			"faces": {
				"east": {"uv": [7, 12, 7.5, 13.25], "texture": "#1"},
				"south": {"uv": [9.25, 11, 10.5, 12.25], "texture": "#1"},
				"west": {"uv": [8, 12.25, 8.5, 13.5], "texture": "#1"},
				"up": {"uv": [13.25, 7.25, 12, 6.75], "texture": "#1"},
				"down": {"uv": [13.25, 8.75, 12, 9.25], "texture": "#1"}
			}
		},
		{
			"from": [-1, 9, 19],
			"to": [6, 16, 21],
			"rotation": {"angle": 0, "axis": "y", "origin": [2.5, 12.5, 20]},
			"faces": {
				"north": {"uv": [6.25, 8.5, 8, 10.25], "texture": "#1"},
				"east": {"uv": [11.25, 0, 11.75, 1.75], "texture": "#1"},
				"south": {"uv": [8, 8.5, 9.75, 10.25], "texture": "#1"},
				"west": {"uv": [1, 11.25, 1.5, 13], "texture": "#1"},
				"up": {"uv": [6.75, 5, 5, 4.5], "texture": "#1"},
				"down": {"uv": [9, 6.25, 7.25, 6.75], "texture": "#1"}
			}
		},
		{
			"from": [-1, 9, 6],
			"to": [6, 16, 17],
			"rotation": {"angle": 0, "axis": "y", "origin": [0, 0, -10]},
			"faces": {
				"north": {"uv": [9, 6.25, 10.75, 8], "texture": "#1"},
				"east": {"uv": [4.5, 5, 7.25, 6.75], "texture": "#1"},
				"south": {"uv": [9.5, 0, 11.25, 1.75], "texture": "#1"},
				"west": {"uv": [0, 6.75, 2.75, 8.5], "texture": "#1"},
				"up": {"uv": [8.5, 4.5, 6.75, 1.75], "texture": "#1"},
				"down": {"uv": [6.25, 6.75, 4.5, 9.5], "texture": "#1"}
			}
		},
		{
			"from": [6, 16, 17],
			"to": [-1, 9, 6],
			"rotation": {"angle": 0, "axis": "y", "origin": [-4.5, 5.5, 15.5]},
			"faces": {
				"north": {"uv": [4.5, 9.5, 6.25, 11.25], "texture": "#1"},
				"east": {"uv": [6.25, 6.75, 9, 8.5], "texture": "#1"},
				"south": {"uv": [9.75, 8, 11.5, 9.75], "texture": "#1"},
				"west": {"uv": [7.25, 4.5, 10, 6.25], "texture": "#1"},
				"up": {"uv": [4.5, 10.5, 2.75, 7.75], "texture": "#1"},
				"down": {"uv": [1.75, 8.5, 0, 11.25], "texture": "#1"}
			}
		},
		{
			"from": [2.5, 7, 19],
			"to": [2.5, 17, 29],
			"rotation": {"angle": 0, "axis": "y", "origin": [0, 0, -10]},
			"faces": {
				"north": {"uv": [0, 0, 0, 2.5], "texture": "#1"},
				"east": {"uv": [0, 0, 2.5, 2.5], "texture": "#1"},
				"south": {"uv": [0, 0, 0, 2.5], "texture": "#1"},
				"west": {"uv": [0, 2.5, 2.5, 5], "texture": "#1"},
				"up": {"uv": [0, 2.5, 0, 0], "texture": "#1"},
				"down": {"uv": [0, 0, 0, 2.5], "texture": "#1"}
			}
		},
		{
			"from": [-2, 7, 24.5],
			"to": [8, 17, 24.5],
			"rotation": {"angle": 0, "axis": "y", "origin": [2.5, 12, 24]},
			"faces": {
				"north": {"uv": [2.5, 0, 5, 2.5], "texture": "#1"},
				"east": {"uv": [0, 0, 0, 2.5], "texture": "#1"},
				"south": {"uv": [2.5, 2.5, 5, 5], "texture": "#1"},
				"west": {"uv": [0, 0, 0, 2.5], "texture": "#1"},
				"up": {"uv": [2.5, 0, 0, 0], "texture": "#1"},
				"down": {"uv": [2.5, 0, 0, 0], "texture": "#1"}
			}
		},
		{
			"from": [5.80552, 12.03596, -10],
			"to": [6.80552, 12.03596, -6],
			"rotation": {"angle": 0, "axis": "z", "origin": [5.80552, 12.03596, -8]},
			"faces": {
				"north": {"uv": [0, 0, 0.25, 0], "texture": "#1"},
				"east": {"uv": [0, 0, 1, 0], "texture": "#1"},
				"south": {"uv": [0, 0, 0.25, 0], "texture": "#1"},
				"west": {"uv": [0, 0, 1, 0], "texture": "#1"},
				"up": {"uv": [1.75, 12.25, 1.5, 11.25], "texture": "#1"},
				"down": {"uv": [1.25, 13, 1, 14], "texture": "#1"}
			}
		},
		{
			"from": [6.61732, 10.07612, -10],
			"to": [9.61732, 13.07612, -6],
			"rotation": {"angle": -22.5, "axis": "z", "origin": [8.11732, 11.57612, -8]},
			"faces": {
				"north": {"uv": [9.25, 12.25, 10, 13], "texture": "#1"},
				"east": {"uv": [1.75, 9.5, 2.75, 10.25], "texture": "#1"},
				"south": {"uv": [10, 12.25, 10.75, 13], "texture": "#1"},
				"west": {"uv": [4.25, 11.25, 5.25, 12], "texture": "#1"},
				"up": {"uv": [6, 12.25, 5.25, 11.25], "texture": "#1"},
				"down": {"uv": [12.25, 1.75, 11.5, 2.75], "texture": "#1"}
			}
		},
		{
			"from": [1.04224, 11.03388, 0.5],
			"to": [4.04224, 14.03388, 4.5],
			"rotation": {"angle": 45, "axis": "z", "origin": [2.54224, 12.53388, 2.5]},
			"faces": {
				"north": {"uv": [12.25, 12.25, 13, 13], "texture": "#1"},
				"east": {"uv": [11.75, 3.5, 12.75, 4.25], "texture": "#1"},
				"south": {"uv": [12.5, 2.5, 13.25, 3.25], "texture": "#1"},
				"west": {"uv": [11.75, 4.25, 12.75, 5], "texture": "#1"},
				"up": {"uv": [12.5, 6, 11.75, 5], "texture": "#1"},
				"down": {"uv": [5, 12, 4.25, 13], "texture": "#1"}
			}
		},
		{
			"from": [9.5454, 7.5318, -10],
			"to": [12.5454, 10.5318, -6],
			"rotation": {"angle": 22.5, "axis": "z", "origin": [12.5454, 12.5454, -8]},
			"faces": {
				"north": {"uv": [12.5, 5, 13.25, 5.75], "texture": "#1"},
				"east": {"uv": [6, 12, 7, 12.75], "texture": "#1"},
				"south": {"uv": [12.5, 9.25, 13.25, 10], "texture": "#1"},
				"west": {"uv": [12, 6, 13, 6.75], "texture": "#1"},
				"up": {"uv": [12.75, 8.75, 12, 7.75], "texture": "#1"},
				"down": {"uv": [2.25, 12.25, 1.5, 13.25], "texture": "#1"}
			}
		},
		{
			"from": [10.31284, 2.46091, -10],
			"to": [13.31284, 5.46091, -6],
			"rotation": {"angle": -22.5, "axis": "z", "origin": [11.81284, 3.96091, -8]},
			"faces": {
				"north": {"uv": [12.5, 10, 13.25, 10.75], "texture": "#1"},
				"east": {"uv": [12.25, 1.5, 13.25, 2.25], "texture": "#1"},
				"south": {"uv": [12.5, 11.5, 13.25, 12.25], "texture": "#1"},
				"west": {"uv": [2.25, 12.25, 3.25, 13], "texture": "#1"},
				"up": {"uv": [4, 13.25, 3.25, 12.25], "texture": "#1"},
				"down": {"uv": [5.75, 12.25, 5, 13.25], "texture": "#1"}
			}
		},
		{
			"from": [10.31493, 9.4403, -10],
			"to": [10.31493, 11.4403, -6],
			"rotation": {"angle": 45, "axis": "z", "origin": [10.31493, 10.1903, -8]},
			"faces": {
				"north": {"uv": [0, 0, 0, 0.5], "texture": "#1"},
				"east": {"uv": [12.75, 0, 13.75, 0.5], "texture": "#1"},
				"south": {"uv": [0, 0, 0, 0.5], "texture": "#1"},
				"west": {"uv": [12.75, 0.5, 13.75, 1], "texture": "#1"},
				"up": {"uv": [0, 1, 0, 0], "texture": "#1"},
				"down": {"uv": [0, 0, 0, 1], "texture": "#1"}
			}
		},
		{
			"from": [12.00668, 5.10607, -10],
			"to": [12.00668, 7.10607, -6],
			"rotation": {"angle": 0, "axis": "z", "origin": [11.50668, 5.85607, -8]},
			"faces": {
				"north": {"uv": [0, 0, 0, 0.5], "texture": "#1"},
				"east": {"uv": [12.75, 1, 13.75, 1.5], "texture": "#1"},
				"south": {"uv": [0, 0, 0, 0.5], "texture": "#1"},
				"west": {"uv": [12.75, 3.5, 13.75, 4], "texture": "#1"},
				"up": {"uv": [0, 1, 0, 0], "texture": "#1"},
				"down": {"uv": [0, 0, 0, 1], "texture": "#1"}
			}
		},
		{
			"from": [2, 15.02753, -10.05487],
			"to": [3, 21.02753, -8.05487],
			"rotation": {"angle": 22.5, "axis": "x", "origin": [2.5, 18.02753, -9.05487]},
			"faces": {
				"north": {"uv": [8.75, 12.25, 9, 13.75], "texture": "#1"},
				"east": {"uv": [7.5, 11.5, 8, 13], "texture": "#1"},
				"south": {"uv": [6, 12.75, 6.25, 14.25], "texture": "#1"},
				"west": {"uv": [11.5, 7.75, 12, 9.25], "texture": "#1"},
				"up": {"uv": [4.5, 11, 4.25, 10.5], "texture": "#1"},
				"down": {"uv": [6.25, 11.25, 6, 11.75], "texture": "#1"}
			}
		},
		{
			"from": [1.5, 19.68185, -10.77904],
			"to": [3.5, 21.68185, 1.22096],
			"rotation": {"angle": 0, "axis": "x", "origin": [2, 17.68185, -13.27904]},
			"faces": {
				"north": {"uv": [6.75, 4.5, 7.25, 5], "texture": "#1"},
				"east": {"uv": [10.75, 7.25, 13.75, 7.75], "texture": "#1"},
				"south": {"uv": [13, 6, 13.5, 6.5], "texture": "#1"},
				"west": {"uv": [10.5, 11, 13.5, 11.5], "texture": "#1"},
				"up": {"uv": [0.5, 14.25, 0, 11.25], "texture": "#1"},
				"down": {"uv": [1, 11.25, 0.5, 14.25], "texture": "#1"}
			}
		},
		{
			"from": [0.5, 10.5, 8.5],
			"to": [4.5, 13.5, 12.5],
			"rotation": {"angle": 0, "axis": "y", "origin": [2, 14.25, 1]},
			"faces": {
				"north": {"uv": [11.5, 2.75, 12.5, 3.5], "texture": "#1"},
				"east": {"uv": [8, 11.5, 9, 12.25], "texture": "#1"},
				"south": {"uv": [11.5, 9.25, 12.5, 10], "texture": "#1"},
				"west": {"uv": [11.5, 10, 12.5, 10.75], "texture": "#1"},
				"up": {"uv": [2.75, 9.5, 1.75, 8.5], "texture": "#1"},
				"down": {"uv": [9.5, 3.5, 8.5, 4.5], "texture": "#1"}
			}
		},
		{
			"from": [4.8437, 10.76708, 8.5],
			"to": [4.8437, 13.76708, 12.5],
			"rotation": {"angle": 22.5, "axis": "z", "origin": [5.3437, 12.76708, 10.5]},
			"faces": {
				"north": {"uv": [0, 0, 0, 0.75], "texture": "#1"},
				"east": {"uv": [10.5, 11.5, 11.5, 12.25], "texture": "#1"},
				"south": {"uv": [0, 0, 0, 0.75], "texture": "#1"},
				"west": {"uv": [11.5, 11.5, 12.5, 12.25], "texture": "#1"},
				"up": {"uv": [0, 1, 0, 0], "texture": "#1"},
				"down": {"uv": [0, 0, 0, 1], "texture": "#1"}
			}
		},
		{
			"from": [-0.07403, 10.61418, 8.5],
			"to": [-0.07403, 13.61418, 12.5],
			"rotation": {"angle": -22.5, "axis": "z", "origin": [-0.07403, 12.11418, 10.5]},
			"faces": {
				"north": {"uv": [0, 0, 0, 0.75], "texture": "#1"},
				"east": {"uv": [11.75, 0, 12.75, 0.75], "texture": "#1"},
				"south": {"uv": [0, 0, 0, 0.75], "texture": "#1"},
				"west": {"uv": [11.75, 0.75, 12.75, 1.5], "texture": "#1"},
				"up": {"uv": [0, 1, 0, 0], "texture": "#1"},
				"down": {"uv": [0, 0, 0, 1], "texture": "#1"}
			}
		},
		{
			"from": [1, 9.5, 10.5],
			"to": [4, 11.5, 10.5],
			"rotation": {"angle": 0, "axis": "y", "origin": [2, 14.25, 1]},
			"faces": {
				"north": {"uv": [9, 8, 9.75, 8.5], "texture": "#1"},
				"east": {"uv": [0, 0, 0, 0.5], "texture": "#1"},
				"south": {"uv": [12.75, 4, 13.5, 4.5], "texture": "#1"},
				"west": {"uv": [0, 0, 0, 0.5], "texture": "#1"},
				"up": {"uv": [0.75, 0, 0, 0], "texture": "#1"},
				"down": {"uv": [0.75, 0, 0, 0], "texture": "#1"}
			}
		},
		{
			"from": [1, 9.499, 10.501],
			"to": [4, 9.499, 12.501],
			"rotation": {"angle": 0, "axis": "x", "origin": [2.5, 9.499, 11.501]},
			"faces": {
				"north": {"uv": [0, 0, 0.75, 0], "texture": "#1"},
				"east": {"uv": [0, 0, 0.5, 0], "texture": "#1"},
				"south": {"uv": [0, 0, 0.75, 0], "texture": "#1"},
				"west": {"uv": [0, 0, 0.5, 0], "texture": "#1"},
				"up": {"uv": [13.5, 5, 12.75, 4.5], "texture": "#1"},
				"down": {"uv": [7, 12.75, 6.25, 13.25], "texture": "#1"}
			}
		},
		{
			"from": [1, 12.5, 11.5],
			"to": [4, 15.5, 13.5],
			"rotation": {"angle": 0, "axis": "y", "origin": [2, 14.25, 1]},
			"faces": {
				"north": {"uv": [10.75, 12.25, 11.5, 13], "texture": "#1"},
				"east": {"uv": [9.5, 3.5, 10, 4.25], "texture": "#1"},
				"south": {"uv": [11.5, 12.25, 12.25, 13], "texture": "#1"},
				"west": {"uv": [9.25, 10.25, 9.75, 11], "texture": "#1"},
				"up": {"uv": [13.5, 8.25, 12.75, 7.75], "texture": "#1"},
				"down": {"uv": [13.5, 8.25, 12.75, 8.75], "texture": "#1"}
			}
		},
		{
			"from": [1, 13.5, 13.5],
			"to": [4, 14.5, 15.5],
			"rotation": {"angle": 0, "axis": "y", "origin": [2, 14.25, 1]},
			"faces": {
				"north": {"uv": [10, 6, 10.75, 6.25], "texture": "#1"},
				"east": {"uv": [9.5, 4.25, 10, 4.5], "texture": "#1"},
				"south": {"uv": [1.75, 10.25, 2.5, 10.5], "texture": "#1"},
				"west": {"uv": [10.75, 7.75, 11.25, 8], "texture": "#1"},
				"up": {"uv": [3, 13.5, 2.25, 13], "texture": "#1"},
				"down": {"uv": [5, 13, 4.25, 13.5], "texture": "#1"}
			}
		},
		{
			"from": [1.5, 12.5, 13.5],
			"to": [3.5, 13.5, 14.5],
			"rotation": {"angle": 0, "axis": "y", "origin": [2, 14.25, 1]},
			"faces": {
				"north": {"uv": [11.75, 1.5, 12.25, 1.75], "texture": "#1"},
				"east": {"uv": [11.25, 7.75, 11.5, 8], "texture": "#1"},
				"south": {"uv": [13, 6.5, 13.5, 6.75], "texture": "#1"},
				"west": {"uv": [6, 11.75, 6.25, 12], "texture": "#1"},
				"up": {"uv": [8, 13.25, 7.5, 13], "texture": "#1"},
				"down": {"uv": [9.75, 13, 9.25, 13.25], "texture": "#1"}
			}
		},
		{
			"from": [6, 9, -2],
			"to": [7, 10, 7],
			"rotation": {"angle": 45, "axis": "z", "origin": [6.5, 8.5, -0.5]},
			"faces": {
				"north": {"uv": [5, 12, 5.25, 12.25], "texture": "#1"},
				"east": {"uv": [12.5, 3.25, 14.75, 3.5], "texture": "#1"},
				"south": {"uv": [12.25, 2.5, 12.5, 2.75], "texture": "#1"},
				"west": {"uv": [12.5, 5.75, 14.75, 6], "texture": "#1"},
				"up": {"uv": [6, 14.5, 5.75, 12.25], "texture": "#1"},
				"down": {"uv": [8.75, 12.25, 8.5, 14.5], "texture": "#1"}
			}
		},
		{
			"from": [-2, 9, -2],
			"to": [-1, 10, 7],
			"rotation": {"angle": -45, "axis": "z", "origin": [-1.5, 8.5, -0.5]},
			"faces": {
				"north": {"uv": [2.5, 10.25, 2.75, 10.5], "texture": "#1"},
				"east": {"uv": [11.5, 10.75, 13.75, 11], "texture": "#1"},
				"south": {"uv": [4.25, 11, 4.5, 11.25], "texture": "#1"},
				"west": {"uv": [12.25, 2.25, 14.5, 2.5], "texture": "#1"},
				"up": {"uv": [9.25, 13.75, 9, 11.5], "texture": "#1"},
				"down": {"uv": [4.25, 12.25, 4, 14.5], "texture": "#1"}
			}
		},
		{
			"from": [8.82843, 10.87868, -2],
			"to": [9.82843, 11.87868, 7],
			"rotation": {"angle": 45, "axis": "z", "origin": [2.5, 9.20711, 2.5]},
			"faces": {
				"north": {"uv": [2.5, 10.25, 2.75, 10.5], "rotation": 90, "texture": "#1"},
				"east": {"uv": [4.25, 12.25, 4, 14.5], "rotation": 270, "texture": "#1"},
				"south": {"uv": [4.25, 11, 4.5, 11.25], "rotation": 270, "texture": "#1"},
				"west": {"uv": [9.25, 13.75, 9, 11.5], "rotation": 270, "texture": "#1"},
				"up": {"uv": [11.5, 10.75, 13.75, 11], "rotation": 270, "texture": "#1"},
				"down": {"uv": [12.25, 2.25, 14.5, 2.5], "rotation": 270, "texture": "#1"}
			}
		},
		{
			"from": [4.17157, 15.53553, -2],
			"to": [5.17157, 16.53553, 7],
			"rotation": {"angle": 45, "axis": "z", "origin": [2.5, 9.20711, 2.5]},
			"faces": {
				"north": {"uv": [5, 12, 5.25, 12.25], "rotation": 180, "texture": "#1"},
				"east": {"uv": [12.5, 5.75, 14.75, 6], "rotation": 180, "texture": "#1"},
				"south": {"uv": [12.25, 2.5, 12.5, 2.75], "rotation": 180, "texture": "#1"},
				"west": {"uv": [12.5, 3.25, 14.75, 3.5], "rotation": 180, "texture": "#1"},
				"up": {"uv": [8.75, 12.25, 8.5, 14.5], "rotation": 180, "texture": "#1"},
				"down": {"uv": [6, 14.5, 5.75, 12.25], "rotation": 180, "texture": "#1"}
			}
		}
	],
	"display": {
		"thirdperson_righthand": {
			"rotation": [-90, 0, -180],
			"translation": [-3, 6.25, -6.5],
			"scale": [0.66, 0.66, 0.66]
		},
		"thirdperson_lefthand": {
			"rotation": [-90, 0, -180],
			"translation": [3.5, 5.75, -7],
			"scale": [0.66, 0.66, 0.66]
		},
		"firstperson_righthand": {
			"rotation": [-168.06, -10.27, -177.86],
			"translation": [-4.25, -2.5, -4],
			"scale": [0.6, 0.6, 0.6]
		},
		"firstperson_lefthand": {
			"rotation": [-173.5, -12.75, 180],
			"translation": [4.25, -2.5, -4],
			"scale": [0.6, 0.6, 0.4]
		},
		"ground": {
			"scale": [0.5, 0.5, 0.5]
		},
		"gui": {
			"rotation": [-114.77, -35.46, -128.49],
			"translation": [-3.5, 0.25, 0],
			"scale": [0.57, 0.57, 0.57]
		},
		"head": {
			"rotation": [-5.5, 0, 0],
			"translation": [5.5, -31.5, -8]
		},
		"fixed": {
			"rotation": [0, 90, 0],
			"translation": [4.25, -4, -9.25]
		}
	}
}