{
	"credit": "Made with Blockbench",
	"textures": {
		"2": "item/laser_mg_ray",
		"particle": "item/laser_mg_ray"
	},
	"elements": [
		{
			"from": [7, 7, 0],
			"to": [9, 9, 8],
			"faces": {
				"north": {"uv": [8, 8, 10, 10], "texture": "#2"},
				"east": {"uv": [4, 4, 12, 6], "texture": "#2"},
				"south": {"uv": [10, 0, 12, 2], "texture": "#2"},
				"west": {"uv": [4, 6, 12, 8], "texture": "#2"},
				"up": {"uv": [6, 16, 4, 8], "texture": "#2"},
				"down": {"uv": [8, 8, 6, 16], "texture": "#2"}
			}
		}
	]
}