{
    "parent": "item/generated",
    "textures": {
        "layer0": "item/leather_chestplate",
        "layer1": "item/leather_chestplate_overlay"
    },
    "overrides":[
        {"predicate":{"custom_model_data":1},"model":"item/armors/tnt_chestplate"},
        {"predicate":{"custom_model_data":2},"model":"item/armors/wyvern_chestplate"},
        {"predicate":{"custom_model_data":3},"model":"item/armors/mage_mantle"},
        {"predicate":{"custom_model_data":4},"model":"item/armors/chaos_chestplate"},
        {"predicate":{"custom_model_data":5},"model":"item/armors/berserk_chestplate"},
        {"predicate":{"custom_model_data":6},"model":"item/armors/traveller_chestplate"},
        {"predicate":{"custom_model_data":7},"model":"item/armors/shulker_chestplate"},
        {"predicate":{"custom_model_data":8},"model":"item/armors/reactive_chestplate"},
        {"predicate":{"custom_model_data":9},"model":"item/armors/shit_chestplate"},
        {"predicate":{"custom_model_data":10},"model":"item/armors/paladin_chestplate"},
        {"predicate":{"custom_model_data":11},"model":"item/armors/assasin_chestplate"},
        {"predicate":{"custom_model_data":12},"model":"item/armors/phantom_chestplate"},
        {"predicate":{"custom_model_data":13},"model":"item/armors/technomk2_chestplate"},
        {"predicate":{"custom_model_data":19},"model":"item/armors/nyauwu_chestplate"},
        {"predicate":{"custom_model_data":20},"model":"item/armors/glass_chestplate"},
        {"predicate":{"custom_model_data":21},"model":"item/armors/flesh_chestplate"},
        {"predicate":{"custom_model_data":22},"model":"item/armors/nanobots_chestplate"},
        {"predicate":{"custom_model_data":23},"model":"item/armors/erosion_chestplate"},
        {"predicate":{"custom_model_data":24},"model":"item/armors/overload_chestplate"}
    ]

}
