{
    "parent": "item/generated",
    "textures": {
        "layer0": "item/leather_helmet",
        "layer1": "item/leather_helmet_overlay"
    },
    "overrides":[
        {"predicate":{"custom_model_data":1},"model":"item/armors/power_helmet"},
        {"predicate":{"custom_model_data":2},"model":"item/armors/berserk"},
        {"predicate":{"custom_model_data":3},"model":"item/armors/mage_hat"},
        {"predicate":{"custom_model_data":4},"model":"item/armors/shulker_helmet"},
        {"predicate":{"custom_model_data":5},"model":"item/armors/shit_helmet"},
        {"predicate":{"custom_model_data":6},"model":"item/armors/reactive_helmet"},
        {"predicate":{"custom_model_data":7},"model":"item/armors/traveller_helmet"},
        {"predicate":{"custom_model_data":8},"model":"item/armors/chaos_helmet"},
        {"predicate":{"custom_model_data":9},"model":"item/armors/paladin_helmet"},
        {"predicate":{"custom_model_data":10},"model":"item/armors/assasin_helmet"},
        {"predicate":{"custom_model_data":11},"model":"item/armors/phantom_helmet"},
        {"predicate":{"custom_model_data":12},"model":"item/mask_1"},
        {"predicate":{"custom_model_data":13},"model":"item/mask_2"},
        {"predicate":{"custom_model_data":14},"model":"item/mask_3"},
        {"predicate":{"custom_model_data":15},"model":"item/mask_4"},
        {"predicate":{"custom_model_data":16},"model":"item/mask_5"},
        {"predicate":{"custom_model_data":17},"model":"item/mask_6"},
        {"predicate":{"custom_model_data":18},"model":"item/armors/technomk2_helmet"},
        {"predicate":{"custom_model_data":19},"model":"item/armors/nyauwu_helmet"},
        {"predicate":{"custom_model_data":20},"model":"item/armors/glass_helmet"},
        {"predicate":{"custom_model_data":21},"model":"item/armors/flesh_helmet"},
        {"predicate":{"custom_model_data":22},"model":"item/armors/nanobots_helmet"},
        {"predicate":{"custom_model_data":23},"model":"item/armors/erosion_helmet"},
        {"predicate":{"custom_model_data":24},"model":"item/armors/overload_helmet"},
        {"predicate":{"custom_model_data":25},"model":"item/bucket_reversed"}
    ]
}
