{
    "parent": "item/generated",
    "textures": {
        "layer0": "item/leather_boots",
        "layer1": "item/leather_boots_overlay"
    },
    "overrides":[
        {"predicate":{"custom_model_data":1},"model":"item/armors/nitroboots"},
        {"predicate":{"custom_model_data":2},"model":"item/armors/reactive"},
        {"predicate":{"custom_model_data":3},"model":"item/armors/hermes_boots"},
        {"predicate":{"custom_model_data":4},"model":"item/armors/mage_boots"},
        {"predicate":{"custom_model_data":5},"model":"item/armors/shit_boots"},
        {"predicate":{"custom_model_data":6},"model":"item/armors/shulker_boots"},
        {"predicate":{"custom_model_data":7},"model":"item/armors/chaos_boots"},
        {"predicate":{"custom_model_data":8},"model":"item/armors/berserk_boots"},
        {"predicate":{"custom_model_data":9},"model":"item/armors/paladin_boots"},
        {"predicate":{"custom_model_data":10},"model":"item/armors/assasin_boots"},
        {"predicate":{"custom_model_data":11},"model":"item/armors/phantom_boots"},
        {"predicate":{"custom_model_data":12},"model":"item/armors/moisei_boots"},
        {"predicate":{"custom_model_data":13},"model":"item/armors/flying_boots"},
        {"predicate":{"custom_model_data":14},"model":"item/armors/technomk2_boots"},
        {"predicate":{"custom_model_data":19},"model":"item/armors/nyauwu_boots"},
        {"predicate":{"custom_model_data":20},"model":"item/armors/glass_boots"},
        {"predicate":{"custom_model_data":21},"model":"item/armors/flesh_boots"},
        {"predicate":{"custom_model_data":22},"model":"item/armors/nanobots_boots"},
        {"predicate":{"custom_model_data":23},"model":"item/armors/erosion_boots"},
        {"predicate":{"custom_model_data":24},"model":"item/armors/overload_boots"}
    ]

}
