{
    "parent": "item/generated",
    "textures": {
        "layer0": "item/leather_leggings",
        "layer1": "item/leather_leggings_overlay"
    },
    "overrides":[
        {"predicate":{"custom_model_data":1},"model":"item/armors/frog_leggings"},
        {"predicate":{"custom_model_data":2},"model":"item/armors/shit_leggings"},
        {"predicate":{"custom_model_data":3},"model":"item/armors/reactive_leggings"},
        {"predicate":{"custom_model_data":4},"model":"item/armors/berserk_leggings"},
        {"predicate":{"custom_model_data":5},"model":"item/armors/chaos_leggings"},
        {"predicate":{"custom_model_data":6},"model":"item/armors/shulker_leggings"},
        {"predicate":{"custom_model_data":7},"model":"item/armors/mage_leggings"},
        {"predicate":{"custom_model_data":8},"model":"item/armors/techno_leggings"},
        {"predicate":{"custom_model_data":9},"model":"item/armors/paladin_leggings"},
        {"predicate":{"custom_model_data":10},"model":"item/armors/assasin_leggings"},
        {"predicate":{"custom_model_data":11},"model":"item/armors/phantom_leggings"},
        {"predicate":{"custom_model_data":12},"model":"item/armors/technomk2_leggings"},
        {"predicate":{"custom_model_data":19},"model":"item/armors/nyauwu_leggings"},
        {"predicate":{"custom_model_data":20},"model":"item/armors/glass_leggings"},
        {"predicate":{"custom_model_data":21},"model":"item/armors/flesh_leggings"},
        {"predicate":{"custom_model_data":22},"model":"item/armors/nanobots_leggings"},
        {"predicate":{"custom_model_data":23},"model":"item/armors/erosion_leggings"},
        {"predicate":{"custom_model_data":24},"model":"item/armors/overload_leggings"}
    ]
}
