{
	"credit": "Made with Blockbench",
	"texture_size": [64, 64],
	"textures": {
		"2": "item/lightsaber_sith",
		"particle": "item/lightsaber_sith"
	},
	"elements": [
		{
			"from": [7, -15.99, 7],
			"to": [9, -3.99, 9],
			"faces": {
				"north": {"uv": [3, 0, 3.5, 3], "texture": "#2"},
				"east": {"uv": [3, 3, 3.5, 6], "texture": "#2"},
				"south": {"uv": [3.5, 0, 4, 3], "texture": "#2"},
				"west": {"uv": [3.5, 3, 4, 6], "texture": "#2"},
				"up": {"uv": [5.25, 3, 4.75, 2.5], "texture": "#2"},
				"down": {"uv": [5.25, 3, 4.75, 3.5], "texture": "#2"}
			}
		},
		{
			"from": [6.5, -7, 6.5],
			"to": [9.5, -6, 9.5],
			"faces": {
				"north": {"uv": [4.75, 3.5, 5.5, 3.75], "texture": "#2"},
				"east": {"uv": [4.75, 3.75, 5.5, 4], "texture": "#2"},
				"south": {"uv": [4.75, 4, 5.5, 4.25], "texture": "#2"},
				"west": {"uv": [4.75, 4.25, 5.5, 4.5], "texture": "#2"},
				"up": {"uv": [4.75, 0.75, 4, 0], "texture": "#2"},
				"down": {"uv": [4.75, 0.75, 4, 1.5], "texture": "#2"}
			}
		},
		{
			"from": [6.5, -5, 6.5],
			"to": [9.5, -4, 9.5],
			"faces": {
				"north": {"uv": [4.75, 4.5, 5.5, 4.75], "texture": "#2"},
				"east": {"uv": [4.75, 4.75, 5.5, 5], "texture": "#2"},
				"south": {"uv": [4, 5, 4.75, 5.25], "texture": "#2"},
				"west": {"uv": [4.75, 5, 5.5, 5.25], "texture": "#2"},
				"up": {"uv": [4.75, 2.25, 4, 1.5], "texture": "#2"},
				"down": {"uv": [4.75, 2.25, 4, 3], "texture": "#2"}
			}
		},
		{
			"from": [6.5, -16, 6.5],
			"to": [9.5, -14, 9.5],
			"faces": {
				"north": {"uv": [4, 4.5, 4.75, 5], "texture": "#2"},
				"east": {"uv": [4.75, 0, 5.5, 0.5], "texture": "#2"},
				"south": {"uv": [4.75, 0.5, 5.5, 1], "texture": "#2"},
				"west": {"uv": [4.75, 1, 5.5, 1.5], "texture": "#2"},
				"up": {"uv": [4.75, 3.75, 4, 3], "texture": "#2"},
				"down": {"uv": [4.75, 3.75, 4, 4.5], "texture": "#2"}
			}
		},
		{
			"from": [6.5, -11.5, 7.5],
			"to": [7.5, -8.5, 8.5],
			"faces": {
				"north": {"uv": [5.25, 1.5, 5.5, 2.25], "texture": "#2"},
				"east": {"uv": [5.25, 2.25, 5.5, 3], "texture": "#2"},
				"south": {"uv": [4, 5.25, 4.25, 6], "texture": "#2"},
				"west": {"uv": [4.25, 5.25, 4.5, 6], "texture": "#2"},
				"up": {"uv": [4.75, 5.5, 4.5, 5.25], "texture": "#2"},
				"down": {"uv": [5, 5.25, 4.75, 5.5], "texture": "#2"}
			}
		}
	],
	"display": {
		"thirdperson_righthand": {
			"translation": [0, 11.25, 1.75],
			"scale": [0.7, 0.7, 0.7]
		},
		"thirdperson_lefthand": {
			"translation": [0, 12.75, 1.75],
			"scale": [0.7, 0.7, 0.7]
		},
		"firstperson_righthand": {
			"rotation": [14.75, 0, 0],
			"translation": [1.5, 5.25, 0],
			"scale": [0.37891, 0.37891, 0.37891]
		},
		"firstperson_lefthand": {
			"rotation": [14.75, 0, 0],
			"translation": [1.5, 5.25, 0],
			"scale": [0.37891, 0.37891, 0.37891]
		},
		"ground": {
			"rotation": [0, 0, 90]
		},
		"gui": {
			"rotation": [0, 0, -45],
			"scale": [0.48438, 0.48438, 0.48438]
		},
		"fixed": {
			"rotation": [0, 0, 45],
			"translation": [0, 0, -1.5],
			"scale": [0.98242, 0.98242, 0.98242]
		}
	}
}