{
	"texture_size": [64, 64],
	"textures": {
		"0": "minecraft:item/metal_pipe",
		"particle": "minecraft:item/metal_pipe"
	},
	"elements": [
		{
			"from": [3, -16, 7],
			"to": [4, 32, 9],
			"rotation": {"angle": 0, "axis": "y", "origin": [8, 1, 8]},
			"faces": {
				"north": {"uv": [0, 0, 0.875, 12.625], "texture": "#0"},
				"east": {"uv": [0, 0, 0.875, 12.625], "texture": "#0"},
				"south": {"uv": [0, 0, 0.875, 12.625], "texture": "#0"},
				"west": {"uv": [0, 0, 0.875, 12.625], "texture": "#0"},
				"up": {"uv": [0, 0, 0.875, 12.625], "texture": "#0"},
				"down": {"uv": [0, 0, 0.875, 12.625], "texture": "#0"}
			}
		},
		{
			"from": [12, -16, 7],
			"to": [13, 32, 9],
			"rotation": {"angle": 0, "axis": "y", "origin": [8, 1, 8]},
			"faces": {
				"north": {"uv": [0, 0, 0.25, 12], "texture": "#0"},
				"east": {"uv": [0, 0, 0.25, 12], "texture": "#0"},
				"south": {"uv": [0, 0, 0.25, 12], "texture": "#0"},
				"west": {"uv": [0, 0, 0.25, 12], "texture": "#0"},
				"up": {"uv": [0, 0, 0.25, 12], "texture": "#0"},
				"down": {"uv": [0, 0, 0.25, 12], "texture": "#0"}
			}
		},
		{
			"from": [7, -16, 12],
			"to": [9, 32, 13],
			"rotation": {"angle": 0, "axis": "y", "origin": [8, 1, 8]},
			"faces": {
				"north": {"uv": [0, 0, 0.5, 12], "texture": "#0"},
				"east": {"uv": [0, 0, 0.5, 12], "texture": "#0"},
				"south": {"uv": [0, 0, 0.5, 12], "texture": "#0"},
				"west": {"uv": [0, 0, 0.5, 12], "texture": "#0"},
				"up": {"uv": [0, 0, 0.5, 12], "texture": "#0"},
				"down": {"uv": [0, 0, 0.5, 12], "texture": "#0"}
			}
		},
		{
			"from": [7, -16, 3],
			"to": [9, 32, 4],
			"rotation": {"angle": 0, "axis": "y", "origin": [8, 1, 8]},
			"faces": {
				"north": {"uv": [0, 0, 0.5, 12], "texture": "#0"},
				"east": {"uv": [0, 0, 0.5, 12], "texture": "#0"},
				"south": {"uv": [0, 0, 0.5, 12], "texture": "#0"},
				"west": {"uv": [0, 0, 0.5, 12], "texture": "#0"},
				"up": {"uv": [0, 0, 0.5, 12], "texture": "#0"},
				"down": {"uv": [0, 0, 0.5, 12], "texture": "#0"}
			}
		},
		{
			"from": [7, -16, 12],
			"to": [9, 32, 13],
			"rotation": {"angle": -22.5, "axis": "y", "origin": [8, 1, 8]},
			"faces": {
				"north": {"uv": [0, 0, 0.5, 12], "texture": "#0"},
				"east": {"uv": [0, 0, 0.5, 12], "texture": "#0"},
				"south": {"uv": [0, 0, 0.5, 12], "texture": "#0"},
				"west": {"uv": [0, 0, 0.5, 12], "texture": "#0"},
				"up": {"uv": [0, 0, 0.5, 12], "texture": "#0"},
				"down": {"uv": [0, 0, 0.5, 12], "texture": "#0"}
			}
		},
		{
			"from": [7, -16, 3],
			"to": [9, 32, 4],
			"rotation": {"angle": -22.5, "axis": "y", "origin": [8, 1, 8]},
			"faces": {
				"north": {"uv": [0, 0, 0.5, 12], "texture": "#0"},
				"east": {"uv": [0, 0, 0.5, 12], "texture": "#0"},
				"south": {"uv": [0, 0, 0.5, 12], "texture": "#0"},
				"west": {"uv": [0, 0, 0.5, 12], "texture": "#0"},
				"up": {"uv": [0, 0, 0.5, 12], "texture": "#0"},
				"down": {"uv": [0, 0, 0.5, 12], "texture": "#0"}
			}
		},
		{
			"from": [12, -16, 7],
			"to": [13, 32, 9],
			"rotation": {"angle": -22.5, "axis": "y", "origin": [8, 1, 8]},
			"faces": {
				"north": {"uv": [0, 0, 0.25, 12], "texture": "#0"},
				"east": {"uv": [0, 0, 0.25, 12], "texture": "#0"},
				"south": {"uv": [0, 0, 0.25, 12], "texture": "#0"},
				"west": {"uv": [0, 0, 0.25, 12], "texture": "#0"},
				"up": {"uv": [0, 0, 0.25, 12], "texture": "#0"},
				"down": {"uv": [0, 0, 0.25, 12], "texture": "#0"}
			}
		},
		{
			"from": [3, -16, 7],
			"to": [4, 32, 9],
			"rotation": {"angle": -22.5, "axis": "y", "origin": [8, 1, 8]},
			"faces": {
				"north": {"uv": [0, 0, 1, 10.875], "texture": "#0"},
				"east": {"uv": [0, 0, 1, 10.875], "texture": "#0"},
				"south": {"uv": [0, 0, 1, 10.875], "texture": "#0"},
				"west": {"uv": [0, 0, 1, 10.875], "texture": "#0"},
				"up": {"uv": [0, 0, 1, 10.875], "texture": "#0"},
				"down": {"uv": [0, 0, 1, 10.875], "texture": "#0"}
			}
		},
		{
			"from": [7, -16, 12],
			"to": [9, 32, 13],
			"rotation": {"angle": -45, "axis": "y", "origin": [8, 1, 8]},
			"faces": {
				"north": {"uv": [0.25, 0.25, 0.75, 12.25], "texture": "#0"},
				"east": {"uv": [0, 0.25, 0.25, 12.25], "texture": "#0"},
				"south": {"uv": [1, 0.25, 1.5, 12.25], "texture": "#0"},
				"west": {"uv": [0.75, 0.25, 1, 12.25], "texture": "#0"},
				"up": {"uv": [0.75, 0.25, 0.25, 0], "rotation": 90, "texture": "#0"},
				"down": {"uv": [1.25, 0, 0.75, 0.25], "rotation": 270, "texture": "#0"}
			}
		},
		{
			"from": [7, -16, 3],
			"to": [9, 32, 4],
			"rotation": {"angle": -45, "axis": "y", "origin": [8, 1, 8]},
			"faces": {
				"north": {"uv": [0, 0, 0.5, 12], "texture": "#0"},
				"east": {"uv": [0, 0, 0.5, 12], "texture": "#0"},
				"south": {"uv": [0, 0, 0.5, 12], "texture": "#0"},
				"west": {"uv": [0, 0, 0.5, 12], "texture": "#0"},
				"up": {"uv": [0, 0, 0.5, 12], "texture": "#0"},
				"down": {"uv": [0, 0, 0.5, 12], "texture": "#0"}
			}
		},
		{
			"from": [12, -16, 7],
			"to": [13, 32, 9],
			"rotation": {"angle": -45, "axis": "y", "origin": [8, 1, 8]},
			"faces": {
				"north": {"uv": [0, 0, 0.5, 12], "texture": "#0"},
				"east": {"uv": [0, 0, 0.5, 12], "texture": "#0"},
				"south": {"uv": [0, 0, 0.5, 12], "texture": "#0"},
				"west": {"uv": [0, 0, 0.5, 12], "texture": "#0"},
				"up": {"uv": [0, 0, 0.5, 12], "texture": "#0"},
				"down": {"uv": [0, 0, 0.5, 12], "texture": "#0"}
			}
		},
		{
			"from": [3, -16, 7],
			"to": [4, 32, 9],
			"rotation": {"angle": -45, "axis": "y", "origin": [8, 1, 8]},
			"faces": {
				"north": {"uv": [0, 0, 0.375, 12.5], "texture": "#0"},
				"east": {"uv": [0, 0, 0.375, 12.5], "texture": "#0"},
				"south": {"uv": [0, 0, 0.375, 12.5], "texture": "#0"},
				"west": {"uv": [0, 0, 0.375, 12.5], "texture": "#0"},
				"up": {"uv": [0, 0, 0.375, 12.5], "texture": "#0"},
				"down": {"uv": [0, 0, 0.375, 12.5], "texture": "#0"}
			}
		},
		{
			"from": [3, -16, 7],
			"to": [4, 32, 9],
			"rotation": {"angle": 22.5, "axis": "y", "origin": [8, 1, 8]},
			"faces": {
				"north": {"uv": [0, 0, 0.5, 12], "texture": "#0"},
				"east": {"uv": [0, 0, 0.5, 12], "texture": "#0"},
				"south": {"uv": [0, 0, 0.5, 12], "texture": "#0"},
				"west": {"uv": [0, 0, 0.5, 12], "texture": "#0"},
				"up": {"uv": [0, 0, 0.5, 12], "texture": "#0"},
				"down": {"uv": [0, 0, 0.5, 12], "texture": "#0"}
			}
		},
		{
			"from": [12, -16, 7],
			"to": [13, 32, 9],
			"rotation": {"angle": 22.5, "axis": "y", "origin": [8, 1, 8]},
			"faces": {
				"north": {"uv": [0, 0, 0.25, 12], "texture": "#0"},
				"east": {"uv": [0, 0, 0.25, 12], "texture": "#0"},
				"south": {"uv": [0, 0, 0.25, 12], "texture": "#0"},
				"west": {"uv": [0, 0, 0.25, 12], "texture": "#0"},
				"up": {"uv": [0, 0, 0.25, 12], "texture": "#0"},
				"down": {"uv": [0, 0, 0.25, 12], "texture": "#0"}
			}
		},
		{
			"from": [7, -16, 12],
			"to": [9, 32, 13],
			"rotation": {"angle": 22.5, "axis": "y", "origin": [8, 1, 8]},
			"faces": {
				"north": {"uv": [0, 0, 0.5, 12], "texture": "#0"},
				"east": {"uv": [0, 0, 0.5, 12], "texture": "#0"},
				"south": {"uv": [0, 0, 0.5, 12], "texture": "#0"},
				"west": {"uv": [0, 0, 0.5, 12], "texture": "#0"},
				"up": {"uv": [0, 0, 0.5, 12], "texture": "#0"},
				"down": {"uv": [0, 0, 0.5, 12], "texture": "#0"}
			}
		},
		{
			"from": [7, -16, 3],
			"to": [9, 32, 4],
			"rotation": {"angle": 22.5, "axis": "y", "origin": [8, 1, 8]},
			"faces": {
				"north": {"uv": [0, 0, 0.5, 12], "texture": "#0"},
				"east": {"uv": [0, 0, 0.5, 12], "texture": "#0"},
				"south": {"uv": [0, 0, 0.5, 12], "texture": "#0"},
				"west": {"uv": [0, 0, 0.5, 12], "texture": "#0"},
				"up": {"uv": [0, 0, 0.5, 12], "texture": "#0"},
				"down": {"uv": [0, 0, 0.5, 12], "texture": "#0"}
			}
		}
	],
	"display": {
		"thirdperson_righthand": {
			"translation": [0, 19.5, 0],
			"scale": [0.4, 0.9, 0.4]
		},
        "ground": {
            "rotation": [90, 0, 0],
			"scale": [0.4, 0.9, 0.4]
        },
        "gui": {
            "rotation": [-67.5, 0, 45],
			"scale": [0.4, 0.9, 0.4]
        },
        "head": {
            "rotation": [90, 0, 0],
            "translation": [0, 0, -32],
			"scale": [0.4, 0.9, 0.4]
        },
        "fixed": {
            "translation": [0, 0, -1.5],
			"scale": [0.4, 0.9, 0.4]
        }
	}
}