{
	"credit": "Made by Daeris_",
	"texture_size": [64, 64],
	"textures": {
		"0": "minecraft:item/mum",
		"particle": "minecraft:item/mum"
	},
	"elements": [
		{
			"name": "head",
			"from": [5, 23.5, 5],
			"to": [11, 30.5, 12],
			"faces": {
				"north": {"uv": [7.75, 3, 9.25, 4.75], "texture": "#0"},
				"east": {"uv": [6, 4.25, 7.75, 6], "texture": "#0"},
				"south": {"uv": [7.75, 4.75, 9.25, 6.5], "texture": "#0"},
				"west": {"uv": [6, 6, 7.75, 7.75], "texture": "#0"},
				"up": {"uv": [7, 9.5, 5.5, 7.75], "texture": "#0"},
				"down": {"uv": [9.25, 6.5, 7.75, 8.25], "texture": "#0"}
			}
		},
		{
			"name": "head",
			"from": [11, 24.9, 5],
			"to": [11.7, 30.5, 12],
			"faces": {
				"north": {"uv": [2.25, 11.5, 2.375, 12.875], "texture": "#0"},
				"east": {"uv": [9.25, 1.75, 11, 3.125], "texture": "#0"},
				"south": {"uv": [10, 11.5, 10.125, 12.875], "texture": "#0"},
				"west": {"uv": [9.25, 3.25, 11, 4.625], "texture": "#0"},
				"up": {"uv": [1.375, 13.25, 1.25, 11.5], "texture": "#0"},
				"down": {"uv": [1.625, 11.5, 1.5, 13.25], "texture": "#0"}
			}
		},
		{
			"name": "head",
			"from": [5, 30.5, 5],
			"to": [11, 31, 12.6],
			"faces": {
				"north": {"uv": [9.5, 1.5, 11, 1.625], "texture": "#0"},
				"east": {"uv": [11.75, 6.75, 13.5, 6.875], "texture": "#0"},
				"south": {"uv": [11.75, 7.25, 13.25, 7.375], "texture": "#0"},
				"west": {"uv": [11.75, 7, 13.5, 7.125], "texture": "#0"},
				"up": {"uv": [9.5, 1.75, 8, 0], "texture": "#0"},
				"down": {"uv": [8.5, 8.25, 7, 10], "texture": "#0"}
			}
		},
		{
			"name": "head",
			"from": [4.4, 24.9, 5],
			"to": [5, 30.5, 12],
			"faces": {
				"north": {"uv": [1.75, 11.5, 1.875, 12.875], "texture": "#0"},
				"east": {"uv": [0, 8.5, 1.75, 9.875], "texture": "#0"},
				"south": {"uv": [2, 11.5, 2.125, 12.875], "texture": "#0"},
				"west": {"uv": [8.5, 8.25, 10.25, 9.625], "texture": "#0"},
				"up": {"uv": [9.875, 13, 9.75, 11.25], "texture": "#0"},
				"down": {"uv": [1.125, 11.5, 1, 13.25], "texture": "#0"}
			}
		},
		{
			"name": "head",
			"from": [4.4, 24.9, 12],
			"to": [11.4, 30.5, 12.6],
			"rotation": {"angle": 0, "axis": "y", "origin": [4.7, 27.7, 8.6]},
			"faces": {
				"north": {"uv": [0, 8.5, 1.75, 9.875], "texture": "#0"},
				"east": {"uv": [2, 11.5, 2.125, 12.875], "texture": "#0"},
				"south": {"uv": [8.5, 8.25, 10.25, 9.625], "texture": "#0"},
				"west": {"uv": [1.75, 11.5, 1.875, 12.875], "texture": "#0"},
				"up": {"uv": [9.875, 13, 9.75, 11.25], "rotation": 270, "texture": "#0"},
				"down": {"uv": [1.125, 11.5, 1, 13.25], "rotation": 90, "texture": "#0"}
			}
		},
		{
			"name": "head",
			"from": [7, 22.5, 4],
			"to": [9, 26.5, 5],
			"faces": {
				"north": {"uv": [5.5, 6.75, 6, 7.75], "texture": "#0"},
				"east": {"uv": [9, 1.75, 9.25, 2.75], "texture": "#0"},
				"south": {"uv": [8, 10, 8.5, 11], "texture": "#0"},
				"west": {"uv": [9.5, 11.25, 9.75, 12.25], "texture": "#0"},
				"up": {"uv": [7.5, 4.25, 7, 4], "texture": "#0"},
				"down": {"uv": [7.5, 7.75, 7, 8], "texture": "#0"}
			}
		},
		{
			"name": "body",
			"from": [1, 6.5, 6],
			"to": [15, 23.5, 11],
			"faces": {
				"north": {"uv": [0, 0, 3.5, 4.25], "texture": "#0"},
				"east": {"uv": [0, 4.25, 1.25, 8.5], "texture": "#0"},
				"south": {"uv": [3.5, 0, 7, 4.25], "texture": "#0"},
				"west": {"uv": [1.25, 4.25, 2.5, 8.5], "texture": "#0"},
				"up": {"uv": [6, 5.5, 2.5, 4.25], "texture": "#0"},
				"down": {"uv": [6, 5.5, 2.5, 6.75], "texture": "#0"}
			}
		},
		{
			"name": "body",
			"from": [8.5, 14.8, 3],
			"to": [14.5, 20.8, 6],
			"faces": {
				"north": {"uv": [9.5, 0, 11, 1.5], "texture": "#0"},
				"east": {"uv": [1, 10, 1.75, 11.5], "texture": "#0"},
				"south": {"uv": [2.5, 9.75, 4, 11.25], "texture": "#0"},
				"west": {"uv": [10.25, 8.25, 11, 9.75], "texture": "#0"},
				"up": {"uv": [12.5, 6, 11, 5.25], "texture": "#0"},
				"down": {"uv": [12.5, 6, 11, 6.75], "texture": "#0"}
			}
		},
		{
			"name": "body",
			"from": [1.5, 14.8, 3],
			"to": [7.5, 20.8, 6],
			"faces": {
				"north": {"uv": [4, 9.75, 5.5, 11.25], "texture": "#0"},
				"east": {"uv": [11, 6.75, 11.75, 8.25], "texture": "#0"},
				"south": {"uv": [8.5, 9.75, 10, 11.25], "texture": "#0"},
				"west": {"uv": [11, 8.25, 11.75, 9.75], "texture": "#0"},
				"up": {"uv": [12.5, 10.5, 11, 9.75], "texture": "#0"},
				"down": {"uv": [12.5, 10.5, 11, 11.25], "texture": "#0"}
			}
		},
		{
			"name": "right_arm",
			"from": [15, 11.5, 6.5],
			"to": [18, 23.5, 10.5],
			"faces": {
				"north": {"uv": [1.75, 8.5, 2.5, 11.5], "texture": "#0"},
				"east": {"uv": [2.5, 6.75, 3.5, 9.75], "texture": "#0"},
				"south": {"uv": [9.25, 4.75, 10, 7.75], "texture": "#0"},
				"west": {"uv": [3.5, 6.75, 4.5, 9.75], "texture": "#0"},
				"up": {"uv": [7.75, 4, 7, 3], "texture": "#0"},
				"down": {"uv": [8.75, 11.25, 8, 12.25], "texture": "#0"}
			}
		},
		{
			"name": "left_arm",
			"from": [-2, 11.5, 6.5],
			"to": [1, 23.5, 10.5],
			"faces": {
				"north": {"uv": [5.5, 9.5, 6.25, 12.5], "texture": "#0"},
				"east": {"uv": [4.5, 6.75, 5.5, 9.75], "texture": "#0"},
				"south": {"uv": [6.25, 9.5, 7, 12.5], "texture": "#0"},
				"west": {"uv": [7, 0, 8, 3], "texture": "#0"},
				"up": {"uv": [9.5, 12.25, 8.75, 11.25], "texture": "#0"},
				"down": {"uv": [11.75, 11.25, 11, 12.25], "texture": "#0"}
			}
		},
		{
			"name": "right_leg",
			"from": [10, -0.5, 6.5],
			"to": [14, 6.5, 10.5],
			"faces": {
				"north": {"uv": [0, 10, 1, 11.75], "texture": "#0"},
				"east": {"uv": [10, 4.75, 11, 6.5], "texture": "#0"},
				"south": {"uv": [10, 6.5, 11, 8.25], "texture": "#0"},
				"west": {"uv": [7, 10, 8, 11.75], "texture": "#0"},
				"up": {"uv": [9, 2.75, 8, 1.75], "texture": "#0"},
				"down": {"uv": [3.5, 11.25, 2.5, 12.25], "texture": "#0"}
			}
		},
		{
			"name": "left_leg",
			"from": [2, -0.5, 6.5],
			"to": [6, 6.5, 10.5],
			"faces": {
				"north": {"uv": [10, 9.75, 11, 11.5], "texture": "#0"},
				"east": {"uv": [11, 0, 12, 1.75], "texture": "#0"},
				"south": {"uv": [11, 1.75, 12, 3.5], "texture": "#0"},
				"west": {"uv": [11, 3.5, 12, 5.25], "texture": "#0"},
				"up": {"uv": [4.5, 12.25, 3.5, 11.25], "texture": "#0"},
				"down": {"uv": [5.5, 11.25, 4.5, 12.25], "texture": "#0"}
			}
		}
	],
	"display": {
		"thirdperson_righthand": {
			"rotation": [90, 0, 0],
			"translation": [-5.5, -1.5, -2.75],
			"scale": [1.12, 1.08, 1.15]
		},
		"thirdperson_lefthand": {
			"rotation": [42.5, 0, 0],
			"translation": [0, -2.25, -2]
		},
		"firstperson_righthand": {
			"rotation": [0, 45, 0],
			"scale": [0.4, 0.4, 0.4]
		},
		"firstperson_lefthand": {
			"rotation": [0, 225, 0],
			"scale": [0.4, 0.4, 0.4]
		},
		"ground": {
			"translation": [0, 0.75, 0],
			"scale": [0.25, 0.25, 0.25]
		},
		"gui": {
			"rotation": [30, 225, 0],
			"translation": [0, -3.25, 0],
			"scale": [0.54, 0.54, 0.54]
		},
		"fixed": {
			"translation": [0, -5.25, 0]
		}
	},
	"groups": [
		{
			"name": "steve",
			"origin": [8, 8, 8],
			"color": 0,
			"children": [0, 1, 2, 3, 4, 5, 6, 7, 8, 9, 10, 11, 12]
		}
	]
}