{
	"credit": "Made with Blockbench",
	"texture_size": [32, 32],
	"textures": {
		"1": "minecraft:item/muravei",
		"particle": "minecraft:item/muravei"
	},
	"elements": [
		{
			"from": [5, 0, 12],
			"to": [6, 3, 14],
			"faces": {
				"north": {"uv": [4.5, 10, 5, 11.5], "texture": "#1"},
				"east": {"uv": [0, 8, 1, 9.5], "texture": "#1"},
				"south": {"uv": [5, 10, 5.5, 11.5], "texture": "#1"},
				"west": {"uv": [1, 8, 2, 9.5], "texture": "#1"},
				"up": {"uv": [11, 10, 10.5, 9], "texture": "#1"},
				"down": {"uv": [10, 10.5, 9.5, 11.5], "texture": "#1"}
			}
		},
		{
			"from": [6, 2, 3],
			"to": [10, 5, 15],
			"faces": {
				"north": {"uv": [4, 7, 6, 8.5], "texture": "#1"},
				"east": {"uv": [4, 0, 10, 1.5], "texture": "#1"},
				"south": {"uv": [6, 7, 8, 8.5], "texture": "#1"},
				"west": {"uv": [4, 1.5, 10, 3], "texture": "#1"},
				"up": {"uv": [2, 6, 0, 0], "texture": "#1"},
				"down": {"uv": [4, 0, 2, 6], "texture": "#1"}
			}
		},
		{
			"from": [6, 5, 2.25],
			"to": [10, 9, 6],
			"faces": {
				"north": {"uv": [4, 3, 6, 5], "texture": "#1"},
				"east": {"uv": [4, 5, 6, 7], "texture": "#1"},
				"south": {"uv": [0, 6, 2, 8], "texture": "#1"},
				"west": {"uv": [2, 6, 4, 8], "texture": "#1"},
				"up": {"uv": [8, 5, 6, 3], "texture": "#1"},
				"down": {"uv": [8, 5, 6, 7], "texture": "#1"}
			}
		},
		{
			"from": [8.25, 7, 2],
			"to": [9.25, 8, 2.5],
			"faces": {
				"north": {"uv": [11.5, 5, 12, 5.5], "texture": "#1"},
				"east": {"uv": [5.5, 11.5, 6, 12], "texture": "#1"},
				"south": {"uv": [11.5, 5.5, 12, 6], "texture": "#1"},
				"west": {"uv": [6, 11.5, 6.5, 12], "texture": "#1"},
				"up": {"uv": [12, 6.5, 11.5, 6], "texture": "#1"},
				"down": {"uv": [7, 11.5, 6.5, 12], "texture": "#1"}
			}
		},
		{
			"from": [6.75, 7, 2],
			"to": [7.75, 8, 2.5],
			"faces": {
				"north": {"uv": [11.5, 6.5, 12, 7], "texture": "#1"},
				"east": {"uv": [7, 11.5, 7.5, 12], "texture": "#1"},
				"south": {"uv": [11.5, 7, 12, 7.5], "texture": "#1"},
				"west": {"uv": [7.5, 11.5, 8, 12], "texture": "#1"},
				"up": {"uv": [12, 8, 11.5, 7.5], "texture": "#1"},
				"down": {"uv": [8.5, 11.5, 8, 12], "texture": "#1"}
			}
		},
		{
			"from": [5.91764, 6.07273, -0.73153],
			"to": [6.41764, 6.57273, 2.26847],
			"rotation": {"angle": -22.5, "axis": "y", "origin": [4.66764, 5.82273, 1.46847]},
			"faces": {
				"north": {"uv": [11.5, 4, 12, 4.5], "texture": "#1"},
				"east": {"uv": [10, 2, 11.5, 2.5], "texture": "#1"},
				"south": {"uv": [4.5, 11.5, 5, 12], "texture": "#1"},
				"west": {"uv": [10, 2.5, 11.5, 3], "texture": "#1"},
				"up": {"uv": [8.5, 11.5, 8, 10], "texture": "#1"},
				"down": {"uv": [9, 10, 8.5, 11.5], "texture": "#1"}
			}
		},
		{
			"from": [9.2816, 6.07273, -0.73864],
			"to": [9.7816, 6.57273, 2.26136],
			"rotation": {"angle": 22.5, "axis": "y", "origin": [11.0316, 6.82273, 0.76136]},
			"faces": {
				"north": {"uv": [11.5, 4.5, 12, 5], "texture": "#1"},
				"east": {"uv": [10, 6.5, 11.5, 7], "texture": "#1"},
				"south": {"uv": [5, 11.5, 5.5, 12], "texture": "#1"},
				"west": {"uv": [9, 10, 10.5, 10.5], "texture": "#1"},
				"up": {"uv": [0.5, 12, 0, 10.5], "texture": "#1"},
				"down": {"uv": [1, 10.5, 0.5, 12], "texture": "#1"}
			}
		},
		{
			"from": [10, 0, 12],
			"to": [11, 3, 14],
			"faces": {
				"north": {"uv": [10, 5, 10.5, 6.5], "texture": "#1"},
				"east": {"uv": [2, 8, 3, 9.5], "texture": "#1"},
				"south": {"uv": [5.5, 10, 6, 11.5], "texture": "#1"},
				"west": {"uv": [3, 8, 4, 9.5], "texture": "#1"},
				"up": {"uv": [10.5, 11.5, 10, 10.5], "texture": "#1"},
				"down": {"uv": [11, 10, 10.5, 11], "texture": "#1"}
			}
		},
		{
			"from": [10, 0, 8],
			"to": [11, 3, 10],
			"faces": {
				"north": {"uv": [7, 10, 7.5, 11.5], "texture": "#1"},
				"east": {"uv": [8, 6, 9, 7.5], "texture": "#1"},
				"south": {"uv": [7.5, 10, 8, 11.5], "texture": "#1"},
				"west": {"uv": [8, 7.5, 9, 9], "texture": "#1"},
				"up": {"uv": [11.5, 11, 11, 10], "texture": "#1"},
				"down": {"uv": [11, 11, 10.5, 12], "texture": "#1"}
			}
		},
		{
			"from": [10, 0, 4],
			"to": [11, 3, 6],
			"faces": {
				"north": {"uv": [10.5, 5, 11, 6.5], "texture": "#1"},
				"east": {"uv": [6, 8.5, 7, 10], "texture": "#1"},
				"south": {"uv": [9, 10.5, 9.5, 12], "texture": "#1"},
				"west": {"uv": [7, 8.5, 8, 10], "texture": "#1"},
				"up": {"uv": [12, 4, 11.5, 3], "texture": "#1"},
				"down": {"uv": [4, 11.5, 3.5, 12.5], "texture": "#1"}
			}
		},
		{
			"from": [5, 0, 8],
			"to": [6, 3, 10],
			"faces": {
				"north": {"uv": [6, 10, 6.5, 11.5], "texture": "#1"},
				"east": {"uv": [8, 3, 9, 4.5], "texture": "#1"},
				"south": {"uv": [6.5, 10, 7, 11.5], "texture": "#1"},
				"west": {"uv": [8, 4.5, 9, 6], "texture": "#1"},
				"up": {"uv": [11.5, 6, 11, 5], "texture": "#1"},
				"down": {"uv": [11.5, 9, 11, 10], "texture": "#1"}
			}
		},
		{
			"from": [5, 0, 4],
			"to": [6, 3, 6],
			"faces": {
				"north": {"uv": [1, 10.5, 1.5, 12], "texture": "#1"},
				"east": {"uv": [4, 8.5, 5, 10], "texture": "#1"},
				"south": {"uv": [1.5, 10.5, 2, 12], "texture": "#1"},
				"west": {"uv": [5, 8.5, 6, 10], "texture": "#1"},
				"up": {"uv": [11.5, 12, 11, 11], "texture": "#1"},
				"down": {"uv": [12, 2, 11.5, 3], "texture": "#1"}
			}
		},
		{
			"from": [11.41899, 7.75, -1.77682],
			"to": [12.41899, 8.5, 3.22318],
			"rotation": {"angle": -22.5, "axis": "y", "origin": [8, 8.92816, -1.20529]},
			"faces": {
				"north": {"uv": [10, 9.5, 10.5, 10], "texture": "#1"},
				"east": {"uv": [9, 3, 11.5, 3.5], "texture": "#1"},
				"south": {"uv": [11, 6, 11.5, 6.5], "texture": "#1"},
				"west": {"uv": [9, 3.5, 11.5, 4], "texture": "#1"},
				"up": {"uv": [9.5, 6.5, 9, 4], "texture": "#1"},
				"down": {"uv": [9.5, 6.5, 9, 9], "texture": "#1"}
			}
		},
		{
			"from": [11.72208, 8.32944, -3.85374],
			"to": [12.72208, 9.07944, 0.14626],
			"rotation": {"angle": 22.5, "axis": "x", "origin": [8, 8.92816, -1.20529]},
			"faces": {
				"north": {"uv": [11.5, 8, 12, 8.5], "texture": "#1"},
				"east": {"uv": [9.5, 4, 11.5, 4.5], "texture": "#1"},
				"south": {"uv": [8.5, 11.5, 9, 12], "texture": "#1"},
				"west": {"uv": [9.5, 4.5, 11.5, 5], "texture": "#1"},
				"up": {"uv": [4, 11.5, 3.5, 9.5], "texture": "#1"},
				"down": {"uv": [10, 5, 9.5, 7], "texture": "#1"}
			}
		},
		{
			"from": [7.49203, 9.60633, -5.62509],
			"to": [11.49203, 9.85633, -5.12509],
			"rotation": {"angle": -22.5, "axis": "y", "origin": [8, 8.92816, -1.20529]},
			"faces": {
				"north": {"uv": [9.5, 7, 11.5, 7.5], "texture": "#1"},
				"east": {"uv": [11.5, 8.5, 12, 9], "texture": "#1"},
				"south": {"uv": [9.5, 7.5, 11.5, 8], "texture": "#1"},
				"west": {"uv": [11.5, 9, 12, 9.5], "texture": "#1"},
				"up": {"uv": [10, 10, 8, 9.5], "texture": "#1"},
				"down": {"uv": [11.5, 8, 9.5, 8.5], "texture": "#1"}
			}
		},
		{
			"from": [3.58101, 7.75, -1.77682],
			"to": [4.58101, 8.5, 3.22318],
			"rotation": {"angle": 22.5, "axis": "y", "origin": [8, 8.92816, -1.20529]},
			"faces": {
				"north": {"uv": [11.5, 10.5, 12, 11], "texture": "#1"},
				"east": {"uv": [8, 9, 10.5, 9.5], "texture": "#1"},
				"south": {"uv": [11.5, 11, 12, 11.5], "texture": "#1"},
				"west": {"uv": [0, 9.5, 2.5, 10], "texture": "#1"},
				"up": {"uv": [3, 12, 2.5, 9.5], "texture": "#1"},
				"down": {"uv": [3.5, 9.5, 3, 12], "texture": "#1"}
			}
		},
		{
			"from": [3.27792, 8.32944, -3.85374],
			"to": [4.27792, 9.07944, 0.14626],
			"rotation": {"angle": 22.5, "axis": "x", "origin": [8, 8.92816, -1.20529]},
			"faces": {
				"north": {"uv": [10, 11.5, 10.5, 12], "texture": "#1"},
				"east": {"uv": [10, 1, 12, 1.5], "texture": "#1"},
				"south": {"uv": [11.5, 10, 12, 10.5], "texture": "#1"},
				"west": {"uv": [10, 1.5, 12, 2], "texture": "#1"},
				"up": {"uv": [2.5, 12, 2, 10], "texture": "#1"},
				"down": {"uv": [4.5, 10, 4, 12], "texture": "#1"}
			}
		},
		{
			"from": [4.50797, 9.60633, -5.62509],
			"to": [8.50797, 9.85633, -5.12509],
			"rotation": {"angle": 22.5, "axis": "y", "origin": [8, 8.92816, -1.20529]},
			"faces": {
				"north": {"uv": [9.5, 8.5, 11.5, 9], "texture": "#1"},
				"east": {"uv": [9.5, 11.5, 10, 12], "texture": "#1"},
				"south": {"uv": [0, 10, 2, 10.5], "texture": "#1"},
				"west": {"uv": [11.5, 9.5, 12, 10], "texture": "#1"},
				"up": {"uv": [12, 0.5, 10, 0], "texture": "#1"},
				"down": {"uv": [12, 0.5, 10, 1], "texture": "#1"}
			}
		}
	],
	"display": {
		"head": {
			"translation": [0, -14.75, 2],
			"scale": [2, 2, 2]
		}
	}
}