{
	"credit": "Made with Blockbench",
	"texture_size": [64, 64],
	"textures": {
		"1": "item/mammamiapepperoni"
	},
	"elements": [
		{
			"from": [0, 0, 0],
			"to": [1, 1, 16],
			"rotation": {"angle": 0, "axis": "y", "origin": [8, 0.5, 8]},
			"faces": {
				"north": {"uv": [13.33333, 1.71053, 14.30263, 1.76754], "texture": "#1"},
				"east": {"uv": [13.33333, 0, 14.24561, 0.05702], "texture": "#1"},
				"south": {"uv": [13.33333, 1.71053, 14.35964, 1.76754], "texture": "#1"},
				"west": {"uv": [13.33333, 0.05702, 14.24561, 0.11404], "texture": "#1"},
				"up": {"uv": [13.39035, 1.02631, 13.33333, 0.11404], "texture": "#1"},
				"down": {"uv": [13.44737, 0.11404, 13.33333, 1.02631], "texture": "#1"}
			}
		},
		{
			"from": [15, 0, 0],
			"to": [16, 1, 16],
			"rotation": {"angle": 0, "axis": "y", "origin": [8, 0.5, 8]},
			"faces": {
				"north": {"uv": [13.33333, 1.71053, 14.41666, 1.76754], "texture": "#1"},
				"east": {"uv": [13.33333, 0.11404, 14.35964, 0.17105], "texture": "#1"},
				"south": {"uv": [13.33333, 1.71053, 14.47368, 1.76754], "texture": "#1"},
				"west": {"uv": [13.33333, 0.17105, 14.35964, 0.22807], "texture": "#1"},
				"up": {"uv": [13.50438, 1.14035, 13.33333, 0.22807], "texture": "#1"},
				"down": {"uv": [13.5614, 0.22807, 13.33333, 1.14035], "texture": "#1"}
			}
		},
		{
			"from": [1, 0, 0],
			"to": [15, 1, 1],
			"rotation": {"angle": 0, "axis": "y", "origin": [8, 0.5, 8]},
			"faces": {
				"north": {"uv": [13.33333, 0.45614, 14.58772, 0.51316], "texture": "#1"},
				"east": {"uv": [13.82748, 1.14035, 15.10087, 1.19737], "texture": "#1"},
				"south": {"uv": [13.33333, 0.51316, 14.58772, 0.57018], "texture": "#1"},
				"west": {"uv": [13.82748, 1.19737, 15.10087, 1.25439], "texture": "#1"},
				"up": {"uv": [14.58772, 0.62719, 13.33333, 0.57018], "texture": "#1"},
				"down": {"uv": [14.58772, 0.62719, 13.33333, 0.68421], "texture": "#1"}
			}
		},
		{
			"from": [1, 0, 15],
			"to": [15, 1, 16],
			"rotation": {"angle": 0, "axis": "y", "origin": [8, 0.5, 8]},
			"faces": {
				"north": {"uv": [13.33333, 0.68421, 14.58772, 0.74123], "texture": "#1"},
				"east": {"uv": [13.82748, 1.25439, 15.10087, 1.3114], "texture": "#1"},
				"south": {"uv": [13.33333, 0.74123, 14.58772, 0.79825], "texture": "#1"},
				"west": {"uv": [13.82748, 1.3114, 15.10087, 1.36842], "texture": "#1"},
				"up": {"uv": [14.58772, 0.85527, 13.33333, 0.79825], "texture": "#1"},
				"down": {"uv": [14.58772, 0.85527, 13.33333, 0.91228], "texture": "#1"}
			}
		},
		{
			"from": [0, 1, 15],
			"to": [1, 15, 16],
			"rotation": {"angle": 0, "axis": "y", "origin": [0.5, 8, 8]},
			"faces": {
				"north": {"uv": [13.33333, 0.91228, 13.84649, 1.71053], "texture": "#1"},
				"east": {"uv": [13.33333, 0.91228, 13.90351, 1.71053], "texture": "#1"},
				"south": {"uv": [13.33333, 0.91228, 13.96052, 1.71053], "texture": "#1"},
				"west": {"uv": [13.33333, 0.91228, 14.01754, 1.71053], "texture": "#1"},
				"up": {"uv": [15.10087, 1.42544, 13.82748, 1.36842], "texture": "#1"},
				"down": {"uv": [15.10087, 1.42544, 13.82748, 1.48246], "texture": "#1"}
			}
		},
		{
			"from": [0, 1, 0],
			"to": [1, 15, 1],
			"rotation": {"angle": 0, "axis": "y", "origin": [0.5, 8, 8]},
			"faces": {
				"north": {"uv": [13.33333, 0.91228, 14.07456, 1.71053], "texture": "#1"},
				"east": {"uv": [13.33333, 0.91228, 14.13158, 1.71053], "texture": "#1"},
				"south": {"uv": [13.33333, 0.91228, 14.1886, 1.71053], "texture": "#1"},
				"west": {"uv": [13.33333, 0.91228, 14.24561, 1.71053], "texture": "#1"},
				"up": {"uv": [15.10087, 1.53948, 13.82748, 1.48246], "texture": "#1"},
				"down": {"uv": [15.10087, 1.53948, 13.82748, 1.59649], "texture": "#1"}
			}
		},
		{
			"from": [15, 1, 0],
			"to": [16, 15, 1],
			"rotation": {"angle": 0, "axis": "y", "origin": [0.5, 8, 8]},
			"faces": {
				"north": {"uv": [13.33333, 0.91228, 14.30263, 1.71053], "texture": "#1"},
				"east": {"uv": [13.33333, 0.91228, 14.35964, 1.71053], "texture": "#1"},
				"south": {"uv": [13.33333, 1.02631, 13.39035, 1.82456], "texture": "#1"},
				"west": {"uv": [13.33333, 1.02631, 13.44737, 1.82456], "texture": "#1"},
				"up": {"uv": [15.10087, 1.65351, 13.82748, 1.59649], "texture": "#1"},
				"down": {"uv": [15.10087, 1.65351, 13.82748, 1.71053], "texture": "#1"}
			}
		},
		{
			"from": [15, 1, 15],
			"to": [16, 15, 16],
			"rotation": {"angle": 0, "axis": "y", "origin": [0.5, 8, 8]},
			"faces": {
				"north": {"uv": [13.33333, 0.91228, 14.41666, 1.71053], "texture": "#1"},
				"east": {"uv": [13.33333, 0.91228, 14.47368, 1.71053], "texture": "#1"},
				"south": {"uv": [13.33333, 1.14035, 13.50438, 1.9386], "texture": "#1"},
				"west": {"uv": [13.33333, 1.14035, 13.5614, 1.9386], "texture": "#1"},
				"up": {"uv": [15.10087, 1.76754, 13.82748, 1.71053], "texture": "#1"},
				"down": {"uv": [14.30263, 1.76754, 13.33333, 1.82456], "texture": "#1"}
			}
		},
		{
			"from": [15, 15, 0],
			"to": [16, 16, 16],
			"rotation": {"angle": 0, "axis": "y", "origin": [8, 0.5, 8]},
			"faces": {
				"north": {"uv": [13.33333, 1.76754, 14.35964, 1.82456], "texture": "#1"},
				"east": {"uv": [13.33333, 0.22807, 14.47368, 0.28509], "texture": "#1"},
				"south": {"uv": [13.33333, 1.76754, 14.41666, 1.82456], "texture": "#1"},
				"west": {"uv": [13.33333, 0.28509, 14.47368, 0.3421], "texture": "#1"},
				"up": {"uv": [13.61842, 1.25439, 13.33333, 0.3421], "texture": "#1"},
				"down": {"uv": [13.67543, 0.3421, 13.33333, 1.25439], "texture": "#1"}
			}
		},
		{
			"from": [1, 15, 0],
			"to": [15, 16, 1],
			"rotation": {"angle": 0, "axis": "y", "origin": [8, 0.5, 8]},
			"faces": {
				"north": {"uv": [13.33333, 0, 15.04386, 0.05702], "texture": "#1"},
				"east": {"uv": [13.33333, 1.76754, 14.47368, 1.82456], "texture": "#1"},
				"south": {"uv": [13.33333, 0.05702, 15.04386, 0.11404], "texture": "#1"},
				"west": {"uv": [13.8845, 1.14035, 15.15789, 1.19737], "texture": "#1"},
				"up": {"uv": [15.15789, 0.17105, 13.33333, 0.11404], "texture": "#1"},
				"down": {"uv": [15.15789, 0.17105, 13.33333, 0.22807], "texture": "#1"}
			}
		},
		{
			"from": [0, 15, 0],
			"to": [1, 16, 16],
			"rotation": {"angle": 0, "axis": "y", "origin": [8, 0.5, 8]},
			"faces": {
				"north": {"uv": [13.8845, 1.19737, 15.15789, 1.25439], "texture": "#1"},
				"east": {"uv": [13.33333, 0.3421, 14.58772, 0.39912], "texture": "#1"},
				"south": {"uv": [13.8845, 1.25439, 15.15789, 1.3114], "texture": "#1"},
				"west": {"uv": [13.33333, 0.39912, 14.58772, 0.45614], "texture": "#1"},
				"up": {"uv": [13.73245, 1.36842, 13.33333, 0.45614], "texture": "#1"},
				"down": {"uv": [13.78947, 0.45614, 13.33333, 1.36842], "texture": "#1"}
			}
		},
		{
			"from": [1, 15, 15],
			"to": [15, 16, 16],
			"rotation": {"angle": 0, "axis": "y", "origin": [8, 0.5, 8]},
			"faces": {
				"north": {"uv": [13.33333, 0.22807, 15.27193, 0.28509], "texture": "#1"},
				"east": {"uv": [13.8845, 1.3114, 15.15789, 1.36842], "texture": "#1"},
				"south": {"uv": [13.33333, 0.28509, 15.27193, 0.3421], "texture": "#1"},
				"west": {"uv": [13.8845, 1.36842, 15.15789, 1.42544], "texture": "#1"},
				"up": {"uv": [15.27193, 0.9693, 13.33333, 0.91228], "texture": "#1"},
				"down": {"uv": [15.27193, 0.9693, 13.33333, 1.02631], "texture": "#1"}
			}
		},
		{
			"from": [3, 3, 3],
			"to": [13, 3.5, 3.5],
			"rotation": {"angle": 0, "axis": "y", "origin": [8, 0.5, 8]},
			"faces": {
				"north": {"uv": [13.33333, 1.02631, 15.04386, 1.08333], "texture": "#1"},
				"east": {"uv": [13.8845, 1.42544, 15.15789, 1.48246], "texture": "#1"},
				"south": {"uv": [13.33333, 1.08333, 15.04386, 1.14035], "texture": "#1"},
				"west": {"uv": [13.8845, 1.48246, 15.15789, 1.53948], "texture": "#1"},
				"up": {"uv": [15.04386, 1.19737, 13.33333, 1.14035], "texture": "#1"},
				"down": {"uv": [15.04386, 1.19737, 13.33333, 1.25439], "texture": "#1"}
			}
		},
		{
			"from": [3, 3, 12.5],
			"to": [13, 3.5, 13],
			"rotation": {"angle": 0, "axis": "y", "origin": [8, 0.5, 8]},
			"faces": {
				"north": {"uv": [13.37134, 0.3421, 15.15789, 0.39912], "texture": "#1"},
				"east": {"uv": [13.8845, 1.53948, 15.15789, 1.59649], "texture": "#1"},
				"south": {"uv": [13.37134, 0.39912, 15.15789, 0.45614], "texture": "#1"},
				"west": {"uv": [13.8845, 1.59649, 15.15789, 1.65351], "texture": "#1"},
				"up": {"uv": [15.15789, 0.51316, 13.37134, 0.45614], "texture": "#1"},
				"down": {"uv": [15.15789, 0.51316, 13.37134, 0.57018], "texture": "#1"}
			}
		},
		{
			"from": [12.5, 3, 3.5],
			"to": [13, 3.5, 12.5],
			"rotation": {"angle": 0, "axis": "y", "origin": [8, 0.5, 8]},
			"faces": {
				"north": {"uv": [13.8845, 1.71053, 15.15789, 1.76754], "texture": "#1"},
				"east": {"uv": [13.33333, 1.48246, 14.92982, 1.53948], "texture": "#1"},
				"south": {"uv": [13.8845, 1.76754, 15.15789, 1.82456], "texture": "#1"},
				"west": {"uv": [13.33333, 1.53948, 14.92982, 1.59649], "texture": "#1"},
				"up": {"uv": [13.73245, 1.82456, 13.33333, 1.36842], "texture": "#1"},
				"down": {"uv": [13.78947, 1.36842, 13.33333, 1.82456], "texture": "#1"}
			}
		},
		{
			"from": [3, 3, 3.5],
			"to": [3.5, 3.5, 12.5],
			"rotation": {"angle": 0, "axis": "y", "origin": [8, 0.5, 8]},
			"faces": {
				"north": {"uv": [13.8845, 1.65351, 15.15789, 1.71053], "texture": "#1"},
				"east": {"uv": [13.33333, 1.36842, 14.92982, 1.42544], "texture": "#1"},
				"south": {"uv": [13.82748, 1.76754, 15.10087, 1.82456], "texture": "#1"},
				"west": {"uv": [13.33333, 1.42544, 14.92982, 1.48246], "texture": "#1"},
				"up": {"uv": [13.61842, 1.71053, 13.33333, 1.25439], "texture": "#1"},
				"down": {"uv": [13.67543, 1.25439, 13.33333, 1.71053], "texture": "#1"}
			}
		},
		{
			"from": [12.5, 12.5, 3.5],
			"to": [13, 13, 12.5],
			"rotation": {"angle": 0, "axis": "y", "origin": [8, 0.5, 8]},
			"faces": {
				"north": {"uv": [13.94152, 0.79825, 15.21491, 0.85527], "texture": "#1"},
				"east": {"uv": [13.82748, 1.02631, 15.5, 1.08333], "texture": "#1"},
				"south": {"uv": [13.94152, 0.85527, 15.21491, 0.91228], "texture": "#1"},
				"west": {"uv": [13.82748, 1.08333, 15.5, 1.14035], "texture": "#1"},
				"up": {"uv": [14.1886, 2.16667, 13.33333, 1.71053], "texture": "#1"},
				"down": {"uv": [14.24561, 1.71053, 13.33333, 2.16667], "texture": "#1"}
			}
		},
		{
			"from": [3, 12.5, 12.5],
			"to": [13, 13, 13],
			"rotation": {"angle": 0, "axis": "y", "origin": [8, 0.5, 8]},
			"faces": {
				"north": {"uv": [13.37134, 0.79825, 15.15789, 0.85527], "texture": "#1"},
				"east": {"uv": [13.94152, 0.68421, 15.21491, 0.74123], "texture": "#1"},
				"south": {"uv": [13.37134, 0.85527, 15.15789, 0.91228], "texture": "#1"},
				"west": {"uv": [13.94152, 0.74123, 15.21491, 0.79825], "texture": "#1"},
				"up": {"uv": [15.04386, 1.3114, 13.33333, 1.25439], "texture": "#1"},
				"down": {"uv": [15.04386, 1.3114, 13.33333, 1.36842], "texture": "#1"}
			}
		},
		{
			"from": [3, 12.5, 3.5],
			"to": [3.5, 13, 12.5],
			"rotation": {"angle": 0, "axis": "y", "origin": [8, 0.5, 8]},
			"faces": {
				"north": {"uv": [13.94152, 0.57018, 15.21491, 0.62719], "texture": "#1"},
				"east": {"uv": [13.82748, 0, 15.5, 0.05702], "texture": "#1"},
				"south": {"uv": [13.94152, 0.62719, 15.21491, 0.68421], "texture": "#1"},
				"west": {"uv": [13.82748, 0.05702, 15.5, 0.11404], "texture": "#1"},
				"up": {"uv": [14.07456, 2.16667, 13.33333, 1.71053], "texture": "#1"},
				"down": {"uv": [14.13158, 1.71053, 13.33333, 2.16667], "texture": "#1"}
			}
		},
		{
			"from": [3, 12.5, 3],
			"to": [13, 13, 3.5],
			"rotation": {"angle": 0, "axis": "y", "origin": [8, 0.5, 8]},
			"faces": {
				"north": {"uv": [13.37134, 0.57018, 15.15789, 0.62719], "texture": "#1"},
				"east": {"uv": [13.94152, 0.45614, 15.21491, 0.51316], "texture": "#1"},
				"south": {"uv": [13.37134, 0.62719, 15.15789, 0.68421], "texture": "#1"},
				"west": {"uv": [13.94152, 0.51316, 15.21491, 0.57018], "texture": "#1"},
				"up": {"uv": [15.15789, 0.74123, 13.37134, 0.68421], "texture": "#1"},
				"down": {"uv": [15.15789, 0.74123, 13.37134, 0.79825], "texture": "#1"}
			}
		},
		{
			"from": [12.5, 3.5, 12.5],
			"to": [13, 12.5, 13],
			"rotation": {"angle": 0, "axis": "y", "origin": [8, 5, 12.5]},
			"faces": {
				"north": {"uv": [13.48538, 1.59649, 14.75877, 2.05263], "texture": "#1"},
				"east": {"uv": [13.71345, 1.36842, 14.98684, 1.82456], "texture": "#1"},
				"south": {"uv": [13.5424, 1.59649, 14.81579, 2.05263], "texture": "#1"},
				"west": {"uv": [13.59941, 1.59649, 14.87281, 2.05263], "texture": "#1"},
				"up": {"uv": [15.21491, 0.17105, 13.94152, 0.11404], "texture": "#1"},
				"down": {"uv": [15.21491, 0.17105, 13.94152, 0.22807], "texture": "#1"}
			}
		},
		{
			"from": [3, 3.5, 12.5],
			"to": [3.5, 12.5, 13],
			"rotation": {"angle": 0, "axis": "y", "origin": [8, 5, 12.5]},
			"faces": {
				"north": {"uv": [13.33333, 1.59649, 14.5307, 2.05263], "texture": "#1"},
				"east": {"uv": [13.33333, 1.59649, 14.58772, 2.05263], "texture": "#1"},
				"south": {"uv": [13.37134, 1.59649, 14.64473, 2.05263], "texture": "#1"},
				"west": {"uv": [13.42836, 1.59649, 14.70175, 2.05263], "texture": "#1"},
				"up": {"uv": [13.39035, 1.88158, 13.33333, 1.82456], "texture": "#1"},
				"down": {"uv": [13.44737, 1.82456, 13.33333, 1.88158], "texture": "#1"}
			}
		},
		{
			"from": [3, 3.5, 3],
			"to": [3.5, 12.5, 3.5],
			"rotation": {"angle": 0, "axis": "y", "origin": [8, 5, 12.5]},
			"faces": {
				"north": {"uv": [13.33333, 1.71053, 13.84649, 2.16667], "texture": "#1"},
				"east": {"uv": [13.33333, 1.71053, 13.90351, 2.16667], "texture": "#1"},
				"south": {"uv": [13.33333, 1.71053, 13.96052, 2.16667], "texture": "#1"},
				"west": {"uv": [13.33333, 1.71053, 14.01754, 2.16667], "texture": "#1"},
				"up": {"uv": [13.78947, 1.88158, 13.33333, 1.82456], "texture": "#1"},
				"down": {"uv": [15.21491, 0.39912, 13.94152, 0.45614], "texture": "#1"}
			}
		},
		{
			"from": [12.5, 3.5, 3],
			"to": [13, 12.5, 3.5],
			"rotation": {"angle": 0, "axis": "y", "origin": [8, 5, 12.5]},
			"faces": {
				"north": {"uv": [13.65643, 1.59649, 14.92982, 2.05263], "texture": "#1"},
				"east": {"uv": [13.77046, 1.36842, 15.04386, 1.82456], "texture": "#1"},
				"south": {"uv": [13.33333, 1.71053, 13.61842, 2.16667], "texture": "#1"},
				"west": {"uv": [13.33333, 1.71053, 13.67543, 2.16667], "texture": "#1"},
				"up": {"uv": [13.73245, 1.88158, 13.33333, 1.82456], "texture": "#1"},
				"down": {"uv": [15.21491, 0.3421, 13.94152, 0.39912], "texture": "#1"}
			}
		},
		{
			"name": "penis",
			"from": [-7, 12.5, 0],
			"to": [0, 13, 0.5],
			"rotation": {"angle": 0, "axis": "y", "origin": [0.5, 8, 8]},
			"faces": {
				"north": {"uv": [13.33333, 0.91228, 14.07456, 1.71053], "texture": "#1"},
				"east": {"uv": [13.33333, 0.91228, 14.13158, 1.71053], "texture": "#1"},
				"south": {"uv": [13.33333, 0.91228, 14.1886, 1.71053], "texture": "#1"},
				"west": {"uv": [13.33333, 0.91228, 14.24561, 1.71053], "texture": "#1"},
				"up": {"uv": [15.10087, 1.53948, 13.82748, 1.48246], "texture": "#1"},
				"down": {"uv": [15.10087, 1.53948, 13.82748, 1.59649], "texture": "#1"}
			}
		},
		{
			"name": "penis",
			"from": [-7, 5.5, 0.5],
			"to": [-6.5, 6, 9.5],
			"rotation": {"angle": 0, "axis": "y", "origin": [0.5, 8, 8]},
			"faces": {
				"north": {"uv": [13.33333, 0.91228, 14.07456, 1.71053], "texture": "#1"},
				"east": {"uv": [13.33333, 0.91228, 14.13158, 1.71053], "texture": "#1"},
				"south": {"uv": [13.33333, 0.91228, 14.1886, 1.71053], "texture": "#1"},
				"west": {"uv": [13.33333, 0.91228, 14.24561, 1.71053], "texture": "#1"},
				"up": {"uv": [15.10087, 1.53948, 13.82748, 1.48246], "texture": "#1"},
				"down": {"uv": [15.10087, 1.53948, 13.82748, 1.59649], "texture": "#1"}
			}
		},
		{
			"name": "penis",
			"from": [-16, 5.5, 9],
			"to": [-7, 6, 9.5],
			"rotation": {"angle": 0, "axis": "y", "origin": [-11.5, 5.5, 9.5]},
			"faces": {
				"north": {"uv": [13.33333, 0.91228, 14.24561, 1.71053], "texture": "#1"},
				"east": {"uv": [13.33333, 0.91228, 14.07456, 1.71053], "texture": "#1"},
				"south": {"uv": [13.33333, 0.91228, 14.13158, 1.71053], "texture": "#1"},
				"west": {"uv": [13.33333, 0.91228, 14.1886, 1.71053], "texture": "#1"},
				"up": {"uv": [15.10087, 1.53948, 13.82748, 1.48246], "rotation": 90, "texture": "#1"},
				"down": {"uv": [15.10087, 1.53948, 13.82748, 1.59649], "rotation": 270, "texture": "#1"}
			}
		},
		{
			"name": "penis",
			"from": [-11.5, 5.5, 9.5],
			"to": [-11, 6, 19],
			"rotation": {"angle": 0, "axis": "y", "origin": [-11.5, 5.5, 9.5]},
			"faces": {
				"north": {"uv": [13.33333, 0.91228, 14.07456, 1.71053], "texture": "#1"},
				"east": {"uv": [13.33333, 0.91228, 14.13158, 1.71053], "texture": "#1"},
				"south": {"uv": [13.33333, 0.91228, 14.1886, 1.71053], "texture": "#1"},
				"west": {"uv": [13.33333, 0.91228, 14.24561, 1.71053], "texture": "#1"},
				"up": {"uv": [15.10087, 1.53948, 13.82748, 1.48246], "texture": "#1"},
				"down": {"uv": [15.10087, 1.53948, 13.82748, 1.59649], "texture": "#1"}
			}
		},
		{
			"name": "penis",
			"from": [-11.5, 5.5, 19],
			"to": [-2.5, 6, 19.5],
			"rotation": {"angle": 0, "axis": "y", "origin": [-11, 5.5, 14.5]},
			"faces": {
				"north": {"uv": [13.33333, 0.91228, 14.13158, 1.71053], "texture": "#1"},
				"east": {"uv": [13.33333, 0.91228, 14.1886, 1.71053], "texture": "#1"},
				"south": {"uv": [13.33333, 0.91228, 14.24561, 1.71053], "texture": "#1"},
				"west": {"uv": [13.33333, 0.91228, 14.07456, 1.71053], "texture": "#1"},
				"up": {"uv": [15.10087, 1.53948, 13.82748, 1.48246], "rotation": 270, "texture": "#1"},
				"down": {"uv": [15.10087, 1.53948, 13.82748, 1.59649], "rotation": 90, "texture": "#1"}
			}
		},
		{
			"name": "penis",
			"from": [-6.5, -4, 19],
			"to": [-6, 5.5, 19.5],
			"rotation": {"angle": 0, "axis": "y", "origin": [-7, 5.5, 19.5]},
			"faces": {
				"north": {"uv": [13.33333, 0.91228, 14.13158, 1.71053], "rotation": 270, "texture": "#1"},
				"east": {"uv": [15.10087, 1.53948, 13.82748, 1.48246], "texture": "#1"},
				"south": {"uv": [13.33333, 0.91228, 14.24561, 1.71053], "rotation": 90, "texture": "#1"},
				"west": {"uv": [15.10087, 1.53948, 13.82748, 1.59649], "rotation": 180, "texture": "#1"},
				"up": {"uv": [13.33333, 0.91228, 14.07456, 1.71053], "rotation": 90, "texture": "#1"},
				"down": {"uv": [13.33333, 0.91228, 14.1886, 1.71053], "rotation": 90, "texture": "#1"}
			}
		},
		{
			"name": "penis",
			"from": [-6.5, -4, 19.5],
			"to": [-6, -3.5, 29],
			"rotation": {"angle": 0, "axis": "y", "origin": [-6, 0.5, 19.5]},
			"faces": {
				"north": {"uv": [13.33333, 0.91228, 14.07456, 1.71053], "rotation": 270, "texture": "#1"},
				"east": {"uv": [15.10087, 1.53948, 13.82748, 1.48246], "rotation": 90, "texture": "#1"},
				"south": {"uv": [13.33333, 0.91228, 14.1886, 1.71053], "rotation": 90, "texture": "#1"},
				"west": {"uv": [15.10087, 1.53948, 13.82748, 1.59649], "rotation": 90, "texture": "#1"},
				"up": {"uv": [13.33333, 0.91228, 14.24561, 1.71053], "rotation": 90, "texture": "#1"},
				"down": {"uv": [13.33333, 0.91228, 14.13158, 1.71053], "rotation": 90, "texture": "#1"}
			}
		},
		{
			"name": "penis",
			"from": [-6.5, -3.5, 28.5],
			"to": [-6, 6, 29],
			"rotation": {"angle": 0, "axis": "y", "origin": [-6, -3.5, 24.5]},
			"faces": {
				"north": {"uv": [13.33333, 0.91228, 14.24561, 1.71053], "rotation": 270, "texture": "#1"},
				"east": {"uv": [15.10087, 1.53948, 13.82748, 1.48246], "rotation": 180, "texture": "#1"},
				"south": {"uv": [13.33333, 0.91228, 14.13158, 1.71053], "rotation": 90, "texture": "#1"},
				"west": {"uv": [15.10087, 1.53948, 13.82748, 1.59649], "texture": "#1"},
				"up": {"uv": [13.33333, 0.91228, 14.1886, 1.71053], "rotation": 90, "texture": "#1"},
				"down": {"uv": [13.33333, 0.91228, 14.07456, 1.71053], "rotation": 90, "texture": "#1"}
			}
		},
		{
			"name": "penis",
			"from": [-15, 6, 28.5],
			"to": [-6, 6.5, 29],
			"rotation": {"angle": 0, "axis": "y", "origin": [-6, 1.5, 28.5]},
			"faces": {
				"north": {"uv": [13.33333, 0.91228, 14.24561, 1.71053], "texture": "#1"},
				"east": {"uv": [13.33333, 0.91228, 14.07456, 1.71053], "texture": "#1"},
				"south": {"uv": [13.33333, 0.91228, 14.13158, 1.71053], "texture": "#1"},
				"west": {"uv": [13.33333, 0.91228, 14.1886, 1.71053], "texture": "#1"},
				"up": {"uv": [15.10087, 1.53948, 13.82748, 1.48246], "rotation": 90, "texture": "#1"},
				"down": {"uv": [15.10087, 1.53948, 13.82748, 1.59649], "rotation": 270, "texture": "#1"}
			}
		},
		{
			"name": "penis",
			"from": [6.5, -4, 31.5],
			"to": [15.5, -3.5, 32],
			"rotation": {"angle": 0, "axis": "y", "origin": [-6, 1.5, 28.5]},
			"faces": {
				"north": {"uv": [13.33333, 0.91228, 14.24561, 1.71053], "texture": "#1"},
				"east": {"uv": [13.33333, 0.91228, 14.07456, 1.71053], "texture": "#1"},
				"south": {"uv": [13.33333, 0.91228, 14.13158, 1.71053], "texture": "#1"},
				"west": {"uv": [13.33333, 0.91228, 14.1886, 1.71053], "texture": "#1"},
				"up": {"uv": [15.10087, 1.53948, 13.82748, 1.48246], "rotation": 90, "texture": "#1"},
				"down": {"uv": [15.10087, 1.53948, 13.82748, 1.59649], "rotation": 270, "texture": "#1"}
			}
		},
		{
			"name": "penis",
			"from": [6, 0, 16],
			"to": [6.5, 0.5, 25],
			"rotation": {"angle": 0, "axis": "y", "origin": [-6, 0.5, 19.5]},
			"faces": {
				"north": {"uv": [13.33333, 0.91228, 14.07456, 1.71053], "rotation": 270, "texture": "#1"},
				"east": {"uv": [15.10087, 1.53948, 13.82748, 1.48246], "rotation": 90, "texture": "#1"},
				"south": {"uv": [13.33333, 0.91228, 14.1886, 1.71053], "rotation": 90, "texture": "#1"},
				"west": {"uv": [15.10087, 1.53948, 13.82748, 1.59649], "rotation": 90, "texture": "#1"},
				"up": {"uv": [13.33333, 0.91228, 14.24561, 1.71053], "rotation": 90, "texture": "#1"},
				"down": {"uv": [13.33333, 0.91228, 14.13158, 1.71053], "rotation": 90, "texture": "#1"}
			}
		},
		{
			"name": "penis",
			"from": [28, 1, 10],
			"to": [28.5, 10, 10.5],
			"rotation": {"angle": 0, "axis": "y", "origin": [25, 0.5, 20.5]},
			"faces": {
				"north": {"uv": [15.10087, 1.53948, 13.82748, 1.48246], "texture": "#1"},
				"east": {"uv": [13.33333, 0.91228, 14.24561, 1.71053], "rotation": 90, "texture": "#1"},
				"south": {"uv": [15.10087, 1.53948, 13.82748, 1.59649], "rotation": 180, "texture": "#1"},
				"west": {"uv": [13.33333, 0.91228, 14.13158, 1.71053], "rotation": 270, "texture": "#1"},
				"up": {"uv": [13.33333, 0.91228, 14.07456, 1.71053], "texture": "#1"},
				"down": {"uv": [13.33333, 0.91228, 14.1886, 1.71053], "rotation": 180, "texture": "#1"}
			}
		},
		{
			"name": "penis",
			"from": [28, 1, 10.5],
			"to": [28.5, 1.5, 19.5],
			"rotation": {"angle": 0, "axis": "y", "origin": [28, 5.5, 10.5]},
			"faces": {
				"north": {"uv": [13.33333, 0.91228, 14.07456, 1.71053], "rotation": 180, "texture": "#1"},
				"east": {"uv": [13.33333, 0.91228, 14.24561, 1.71053], "rotation": 180, "texture": "#1"},
				"south": {"uv": [13.33333, 0.91228, 14.1886, 1.71053], "rotation": 180, "texture": "#1"},
				"west": {"uv": [13.33333, 0.91228, 14.13158, 1.71053], "rotation": 180, "texture": "#1"},
				"up": {"uv": [15.10087, 1.53948, 13.82748, 1.59649], "rotation": 180, "texture": "#1"},
				"down": {"uv": [15.10087, 1.53948, 13.82748, 1.48246], "rotation": 180, "texture": "#1"}
			}
		},
		{
			"name": "penis",
			"from": [10.5, 15.5, 16],
			"to": [11, 16, 25],
			"rotation": {"angle": 0, "axis": "y", "origin": [28, 5.5, 10.5]},
			"faces": {
				"north": {"uv": [13.33333, 0.91228, 14.07456, 1.71053], "rotation": 180, "texture": "#1"},
				"east": {"uv": [13.33333, 0.91228, 14.24561, 1.71053], "rotation": 180, "texture": "#1"},
				"south": {"uv": [13.33333, 0.91228, 14.1886, 1.71053], "rotation": 180, "texture": "#1"},
				"west": {"uv": [13.33333, 0.91228, 14.13158, 1.71053], "rotation": 180, "texture": "#1"},
				"up": {"uv": [15.10087, 1.53948, 13.82748, 1.59649], "rotation": 180, "texture": "#1"},
				"down": {"uv": [15.10087, 1.53948, 13.82748, 1.48246], "rotation": 180, "texture": "#1"}
			}
		},
		{
			"name": "penis",
			"from": [10.5, 16, 20],
			"to": [11, 21, 20.5],
			"rotation": {"angle": 0, "axis": "y", "origin": [11, 15.5, 20.5]},
			"faces": {
				"north": {"uv": [13.33333, 0.91228, 14.13158, 1.71053], "rotation": 90, "texture": "#1"},
				"east": {"uv": [15.10087, 1.53948, 13.82748, 1.59649], "texture": "#1"},
				"south": {"uv": [13.33333, 0.91228, 14.24561, 1.71053], "rotation": 270, "texture": "#1"},
				"west": {"uv": [15.10087, 1.53948, 13.82748, 1.48246], "rotation": 180, "texture": "#1"},
				"up": {"uv": [13.33333, 0.91228, 14.1886, 1.71053], "rotation": 270, "texture": "#1"},
				"down": {"uv": [13.33333, 0.91228, 14.07456, 1.71053], "rotation": 270, "texture": "#1"}
			}
		},
		{
			"name": "penis",
			"from": [10.5, 16, 24.5],
			"to": [11, 25, 25],
			"rotation": {"angle": 0, "axis": "y", "origin": [11, 15.5, 20.5]},
			"faces": {
				"north": {"uv": [15.10087, 1.53948, 13.82748, 1.59649], "texture": "#1"},
				"east": {"uv": [13.33333, 0.91228, 14.24561, 1.71053], "rotation": 270, "texture": "#1"},
				"south": {"uv": [15.10087, 1.53948, 13.82748, 1.48246], "rotation": 180, "texture": "#1"},
				"west": {"uv": [13.33333, 0.91228, 14.13158, 1.71053], "rotation": 90, "texture": "#1"},
				"up": {"uv": [13.33333, 0.91228, 14.1886, 1.71053], "rotation": 180, "texture": "#1"},
				"down": {"uv": [13.33333, 0.91228, 14.07456, 1.71053], "texture": "#1"}
			}
		},
		{
			"name": "penis",
			"from": [11, 24.5, 24.5],
			"to": [20, 25, 25],
			"rotation": {"angle": 0, "axis": "y", "origin": [11, 20.5, 24.5]},
			"faces": {
				"north": {"uv": [15.10087, 1.53948, 13.82748, 1.59649], "rotation": 270, "texture": "#1"},
				"east": {"uv": [13.33333, 0.91228, 14.1886, 1.71053], "rotation": 270, "texture": "#1"},
				"south": {"uv": [15.10087, 1.53948, 13.82748, 1.48246], "rotation": 270, "texture": "#1"},
				"west": {"uv": [13.33333, 0.91228, 14.07456, 1.71053], "rotation": 90, "texture": "#1"},
				"up": {"uv": [13.33333, 0.91228, 14.13158, 1.71053], "rotation": 180, "texture": "#1"},
				"down": {"uv": [13.33333, 0.91228, 14.24561, 1.71053], "texture": "#1"}
			}
		},
		{
			"name": "penis",
			"from": [1.5, 20.5, 24.5],
			"to": [10.5, 21, 25],
			"rotation": {"angle": 0, "axis": "y", "origin": [11, 20.5, 24.5]},
			"faces": {
				"north": {"uv": [15.10087, 1.53948, 13.82748, 1.59649], "rotation": 270, "texture": "#1"},
				"east": {"uv": [13.33333, 0.91228, 14.1886, 1.71053], "rotation": 270, "texture": "#1"},
				"south": {"uv": [15.10087, 1.53948, 13.82748, 1.48246], "rotation": 270, "texture": "#1"},
				"west": {"uv": [13.33333, 0.91228, 14.07456, 1.71053], "rotation": 90, "texture": "#1"},
				"up": {"uv": [13.33333, 0.91228, 14.13158, 1.71053], "rotation": 180, "texture": "#1"},
				"down": {"uv": [13.33333, 0.91228, 14.24561, 1.71053], "texture": "#1"}
			}
		},
		{
			"name": "penis",
			"from": [1.5, 20.5, 15.5],
			"to": [2, 21, 24.5],
			"rotation": {"angle": 0, "axis": "y", "origin": [6, 20.5, 24.5]},
			"faces": {
				"north": {"uv": [13.33333, 0.91228, 14.07456, 1.71053], "rotation": 90, "texture": "#1"},
				"east": {"uv": [15.10087, 1.53948, 13.82748, 1.59649], "rotation": 270, "texture": "#1"},
				"south": {"uv": [13.33333, 0.91228, 14.1886, 1.71053], "rotation": 270, "texture": "#1"},
				"west": {"uv": [15.10087, 1.53948, 13.82748, 1.48246], "rotation": 270, "texture": "#1"},
				"up": {"uv": [13.33333, 0.91228, 14.13158, 1.71053], "rotation": 270, "texture": "#1"},
				"down": {"uv": [13.33333, 0.91228, 14.24561, 1.71053], "rotation": 270, "texture": "#1"}
			}
		},
		{
			"name": "penis",
			"from": [19.5, 24.5, 25],
			"to": [20, 25, 32],
			"rotation": {"angle": 0, "axis": "y", "origin": [16, 24.5, 24.5]},
			"faces": {
				"north": {"uv": [13.33333, 0.91228, 14.07456, 1.71053], "rotation": 90, "texture": "#1"},
				"east": {"uv": [15.10087, 1.53948, 13.82748, 1.59649], "rotation": 270, "texture": "#1"},
				"south": {"uv": [13.33333, 0.91228, 14.1886, 1.71053], "rotation": 270, "texture": "#1"},
				"west": {"uv": [15.10087, 1.53948, 13.82748, 1.48246], "rotation": 270, "texture": "#1"},
				"up": {"uv": [13.33333, 0.91228, 14.13158, 1.71053], "rotation": 270, "texture": "#1"},
				"down": {"uv": [13.33333, 0.91228, 14.24561, 1.71053], "rotation": 270, "texture": "#1"}
			}
		},
		{
			"name": "penis",
			"from": [6, -9, 24.5],
			"to": [6.5, 0, 25],
			"rotation": {"angle": 0, "axis": "y", "origin": [6, 0.5, 19.5]},
			"faces": {
				"north": {"uv": [13.33333, 0.91228, 14.13158, 1.71053], "rotation": 270, "texture": "#1"},
				"east": {"uv": [15.10087, 1.53948, 13.82748, 1.48246], "texture": "#1"},
				"south": {"uv": [13.33333, 0.91228, 14.24561, 1.71053], "rotation": 90, "texture": "#1"},
				"west": {"uv": [15.10087, 1.53948, 13.82748, 1.59649], "rotation": 180, "texture": "#1"},
				"up": {"uv": [13.33333, 0.91228, 14.07456, 1.71053], "rotation": 90, "texture": "#1"},
				"down": {"uv": [13.33333, 0.91228, 14.1886, 1.71053], "rotation": 90, "texture": "#1"}
			}
		},
		{
			"name": "penis",
			"from": [6.5, -9, 24.5],
			"to": [15.5, -8.5, 25],
			"rotation": {"angle": 0, "axis": "y", "origin": [6, -4.5, 24.5]},
			"faces": {
				"north": {"uv": [13.33333, 0.91228, 14.13158, 1.71053], "texture": "#1"},
				"east": {"uv": [13.33333, 0.91228, 14.1886, 1.71053], "texture": "#1"},
				"south": {"uv": [13.33333, 0.91228, 14.24561, 1.71053], "texture": "#1"},
				"west": {"uv": [13.33333, 0.91228, 14.07456, 1.71053], "texture": "#1"},
				"up": {"uv": [15.10087, 1.53948, 13.82748, 1.48246], "rotation": 270, "texture": "#1"},
				"down": {"uv": [15.10087, 1.53948, 13.82748, 1.59649], "rotation": 90, "texture": "#1"}
			}
		},
		{
			"name": "penis",
			"from": [15, -9, 15],
			"to": [15.5, -8.5, 24.5],
			"rotation": {"angle": 0, "axis": "y", "origin": [11, -8.5, 24.5]},
			"faces": {
				"north": {"uv": [13.33333, 0.91228, 14.1886, 1.71053], "texture": "#1"},
				"east": {"uv": [13.33333, 0.91228, 14.24561, 1.71053], "texture": "#1"},
				"south": {"uv": [13.33333, 0.91228, 14.07456, 1.71053], "texture": "#1"},
				"west": {"uv": [13.33333, 0.91228, 14.13158, 1.71053], "texture": "#1"},
				"up": {"uv": [15.10087, 1.53948, 13.82748, 1.48246], "rotation": 180, "texture": "#1"},
				"down": {"uv": [15.10087, 1.53948, 13.82748, 1.59649], "rotation": 180, "texture": "#1"}
			}
		},
		{
			"name": "penis",
			"from": [15.5, -9, 15],
			"to": [23.5, -8.5, 15.5],
			"rotation": {"angle": 0, "axis": "y", "origin": [19, -8.5, 15.5]},
			"faces": {
				"north": {"uv": [13.33333, 0.91228, 14.13158, 1.71053], "texture": "#1"},
				"east": {"uv": [13.33333, 0.91228, 14.1886, 1.71053], "texture": "#1"},
				"south": {"uv": [13.33333, 0.91228, 14.24561, 1.71053], "texture": "#1"},
				"west": {"uv": [13.33333, 0.91228, 14.07456, 1.71053], "texture": "#1"},
				"up": {"uv": [15.10087, 1.53948, 13.82748, 1.48246], "rotation": 270, "texture": "#1"},
				"down": {"uv": [15.10087, 1.53948, 13.82748, 1.59649], "rotation": 90, "texture": "#1"}
			}
		},
		{
			"name": "penis",
			"from": [23, -9, 6],
			"to": [23.5, -8.5, 15],
			"rotation": {"angle": 0, "axis": "y", "origin": [19, -8.5, 15.5]},
			"faces": {
				"north": {"uv": [13.33333, 0.91228, 14.1886, 1.71053], "texture": "#1"},
				"east": {"uv": [13.33333, 0.91228, 14.24561, 1.71053], "texture": "#1"},
				"south": {"uv": [13.33333, 0.91228, 14.07456, 1.71053], "texture": "#1"},
				"west": {"uv": [13.33333, 0.91228, 14.13158, 1.71053], "texture": "#1"},
				"up": {"uv": [15.10087, 1.53948, 13.82748, 1.48246], "rotation": 180, "texture": "#1"},
				"down": {"uv": [15.10087, 1.53948, 13.82748, 1.59649], "rotation": 180, "texture": "#1"}
			}
		},
		{
			"name": "penis",
			"from": [23, -8.5, 10],
			"to": [23.5, 1, 10.5],
			"rotation": {"angle": 0, "axis": "y", "origin": [23, -8.5, 10.5]},
			"faces": {
				"north": {"uv": [15.10087, 1.53948, 13.82748, 1.59649], "texture": "#1"},
				"east": {"uv": [13.33333, 0.91228, 14.24561, 1.71053], "rotation": 270, "texture": "#1"},
				"south": {"uv": [15.10087, 1.53948, 13.82748, 1.48246], "rotation": 180, "texture": "#1"},
				"west": {"uv": [13.33333, 0.91228, 14.13158, 1.71053], "rotation": 90, "texture": "#1"},
				"up": {"uv": [13.33333, 0.91228, 14.1886, 1.71053], "rotation": 180, "texture": "#1"},
				"down": {"uv": [13.33333, 0.91228, 14.07456, 1.71053], "texture": "#1"}
			}
		},
		{
			"name": "penis",
			"from": [23, -3, 1],
			"to": [23.5, -2.5, 10],
			"rotation": {"angle": 0, "axis": "y", "origin": [23, -3.5, 10.5]},
			"faces": {
				"north": {"uv": [13.33333, 0.91228, 14.1886, 1.71053], "texture": "#1"},
				"east": {"uv": [13.33333, 0.91228, 14.24561, 1.71053], "texture": "#1"},
				"south": {"uv": [13.33333, 0.91228, 14.07456, 1.71053], "texture": "#1"},
				"west": {"uv": [13.33333, 0.91228, 14.13158, 1.71053], "texture": "#1"},
				"up": {"uv": [15.10087, 1.53948, 13.82748, 1.48246], "rotation": 180, "texture": "#1"},
				"down": {"uv": [15.10087, 1.53948, 13.82748, 1.59649], "rotation": 180, "texture": "#1"}
			}
		},
		{
			"name": "penis",
			"from": [11.5, -9, 0],
			"to": [12, 0, 0.5],
			"rotation": {"angle": 0, "axis": "y", "origin": [23, -1.5, 5.5]},
			"faces": {
				"north": {"uv": [15.10087, 1.53948, 13.82748, 1.59649], "texture": "#1"},
				"east": {"uv": [13.33333, 0.91228, 14.24561, 1.71053], "rotation": 270, "texture": "#1"},
				"south": {"uv": [15.10087, 1.53948, 13.82748, 1.48246], "rotation": 180, "texture": "#1"},
				"west": {"uv": [13.33333, 0.91228, 14.13158, 1.71053], "rotation": 90, "texture": "#1"},
				"up": {"uv": [13.33333, 0.91228, 14.1886, 1.71053], "rotation": 180, "texture": "#1"},
				"down": {"uv": [13.33333, 0.91228, 14.07456, 1.71053], "texture": "#1"}
			}
		},
		{
			"name": "penis",
			"from": [16, 5.5, -9],
			"to": [25, 6, -8.5],
			"rotation": {"angle": 0, "axis": "y", "origin": [15.5, 5.5, -4.5]},
			"faces": {
				"north": {"uv": [13.33333, 0.91228, 14.13158, 1.71053], "rotation": 180, "texture": "#1"},
				"east": {"uv": [13.33333, 0.91228, 14.07456, 1.71053], "rotation": 180, "texture": "#1"},
				"south": {"uv": [13.33333, 0.91228, 14.24561, 1.71053], "rotation": 180, "texture": "#1"},
				"west": {"uv": [13.33333, 0.91228, 14.1886, 1.71053], "rotation": 180, "texture": "#1"},
				"up": {"uv": [15.10087, 1.53948, 13.82748, 1.59649], "rotation": 270, "texture": "#1"},
				"down": {"uv": [15.10087, 1.53948, 13.82748, 1.48246], "rotation": 90, "texture": "#1"}
			}
		},
		{
			"name": "penis",
			"from": [19.5, 10, -9],
			"to": [24.5, 10.5, -8.5],
			"rotation": {"angle": 0, "axis": "y", "origin": [15.5, 5.5, -4.5]},
			"faces": {
				"north": {"uv": [13.33333, 0.91228, 14.13158, 1.71053], "rotation": 180, "texture": "#1"},
				"east": {"uv": [13.33333, 0.91228, 14.07456, 1.71053], "rotation": 180, "texture": "#1"},
				"south": {"uv": [13.33333, 0.91228, 14.24561, 1.71053], "rotation": 180, "texture": "#1"},
				"west": {"uv": [13.33333, 0.91228, 14.1886, 1.71053], "rotation": 180, "texture": "#1"},
				"up": {"uv": [15.10087, 1.53948, 13.82748, 1.59649], "rotation": 270, "texture": "#1"},
				"down": {"uv": [15.10087, 1.53948, 13.82748, 1.48246], "rotation": 90, "texture": "#1"}
			}
		},
		{
			"name": "penis",
			"from": [24.5, 14.5, -8.5],
			"to": [25, 15, 1],
			"rotation": {"angle": 0, "axis": "y", "origin": [24.5, 10.5, -8.5]},
			"faces": {
				"north": {"uv": [13.33333, 0.91228, 14.1886, 1.71053], "rotation": 270, "texture": "#1"},
				"east": {"uv": [15.10087, 1.53948, 13.82748, 1.48246], "rotation": 270, "texture": "#1"},
				"south": {"uv": [13.33333, 0.91228, 14.07456, 1.71053], "rotation": 90, "texture": "#1"},
				"west": {"uv": [15.10087, 1.53948, 13.82748, 1.59649], "rotation": 270, "texture": "#1"},
				"up": {"uv": [13.33333, 0.91228, 14.13158, 1.71053], "rotation": 90, "texture": "#1"},
				"down": {"uv": [13.33333, 0.91228, 14.24561, 1.71053], "rotation": 90, "texture": "#1"}
			}
		},
		{
			"name": "penis",
			"from": [24.5, 5, 0.5],
			"to": [25, 14.5, 1],
			"rotation": {"angle": 0, "axis": "y", "origin": [24.5, 14.5, -3.5]},
			"faces": {
				"north": {"uv": [13.33333, 0.91228, 14.24561, 1.71053], "rotation": 270, "texture": "#1"},
				"east": {"uv": [15.10087, 1.53948, 13.82748, 1.48246], "rotation": 180, "texture": "#1"},
				"south": {"uv": [13.33333, 0.91228, 14.13158, 1.71053], "rotation": 90, "texture": "#1"},
				"west": {"uv": [15.10087, 1.53948, 13.82748, 1.59649], "texture": "#1"},
				"up": {"uv": [13.33333, 0.91228, 14.1886, 1.71053], "rotation": 90, "texture": "#1"},
				"down": {"uv": [13.33333, 0.91228, 14.07456, 1.71053], "rotation": 90, "texture": "#1"}
			}
		},
		{
			"name": "penis",
			"from": [24.5, 10, 1],
			"to": [25, 10.5, 10],
			"rotation": {"angle": 0, "axis": "y", "origin": [24.5, 9.5, 0.5]},
			"faces": {
				"north": {"uv": [13.33333, 0.91228, 14.07456, 1.71053], "rotation": 270, "texture": "#1"},
				"east": {"uv": [15.10087, 1.53948, 13.82748, 1.48246], "rotation": 90, "texture": "#1"},
				"south": {"uv": [13.33333, 0.91228, 14.1886, 1.71053], "rotation": 90, "texture": "#1"},
				"west": {"uv": [15.10087, 1.53948, 13.82748, 1.59649], "rotation": 90, "texture": "#1"},
				"up": {"uv": [13.33333, 0.91228, 14.24561, 1.71053], "rotation": 90, "texture": "#1"},
				"down": {"uv": [13.33333, 0.91228, 14.13158, 1.71053], "rotation": 90, "texture": "#1"}
			}
		},
		{
			"name": "penis",
			"from": [19.5, 10, 10],
			"to": [28.5, 10.5, 10.5],
			"rotation": {"angle": 0, "axis": "y", "origin": [24.5, 10.5, 5.5]},
			"faces": {
				"north": {"uv": [13.33333, 0.91228, 14.13158, 1.71053], "texture": "#1"},
				"east": {"uv": [13.33333, 0.91228, 14.1886, 1.71053], "texture": "#1"},
				"south": {"uv": [13.33333, 0.91228, 14.24561, 1.71053], "texture": "#1"},
				"west": {"uv": [13.33333, 0.91228, 14.07456, 1.71053], "texture": "#1"},
				"up": {"uv": [15.10087, 1.53948, 13.82748, 1.48246], "rotation": 270, "texture": "#1"},
				"down": {"uv": [15.10087, 1.53948, 13.82748, 1.59649], "rotation": 90, "texture": "#1"}
			}
		},
		{
			"name": "penis",
			"from": [16, 15.5, 7],
			"to": [25, 16, 7.5],
			"rotation": {"angle": 0, "axis": "y", "origin": [20.5, 15.5, 10.5]},
			"faces": {
				"north": {"uv": [13.33333, 0.91228, 14.13158, 1.71053], "texture": "#1"},
				"east": {"uv": [13.33333, 0.91228, 14.1886, 1.71053], "texture": "#1"},
				"south": {"uv": [13.33333, 0.91228, 14.24561, 1.71053], "texture": "#1"},
				"west": {"uv": [13.33333, 0.91228, 14.07456, 1.71053], "texture": "#1"},
				"up": {"uv": [15.10087, 1.53948, 13.82748, 1.48246], "rotation": 270, "texture": "#1"},
				"down": {"uv": [15.10087, 1.53948, 13.82748, 1.59649], "rotation": 90, "texture": "#1"}
			}
		},
		{
			"name": "penis",
			"from": [4.5, 16, 0],
			"to": [5, 25, 0.5],
			"rotation": {"angle": 0, "axis": "y", "origin": [4.5, 15.5, -4.5]},
			"faces": {
				"north": {"uv": [15.10087, 1.53948, 13.82748, 1.48246], "rotation": 180, "texture": "#1"},
				"east": {"uv": [13.33333, 0.91228, 14.13158, 1.71053], "rotation": 90, "texture": "#1"},
				"south": {"uv": [15.10087, 1.53948, 13.82748, 1.59649], "texture": "#1"},
				"west": {"uv": [13.33333, 0.91228, 14.24561, 1.71053], "rotation": 270, "texture": "#1"},
				"up": {"uv": [13.33333, 0.91228, 14.1886, 1.71053], "texture": "#1"},
				"down": {"uv": [13.33333, 0.91228, 14.07456, 1.71053], "rotation": 180, "texture": "#1"}
			}
		},
		{
			"name": "penis",
			"from": [4.5, 24.5, -9],
			"to": [5, 25, 0],
			"rotation": {"angle": 0, "axis": "y", "origin": [4.5, 20.5, 0.5]},
			"faces": {
				"north": {"uv": [13.33333, 0.91228, 14.1886, 1.71053], "rotation": 180, "texture": "#1"},
				"east": {"uv": [13.33333, 0.91228, 14.13158, 1.71053], "rotation": 180, "texture": "#1"},
				"south": {"uv": [13.33333, 0.91228, 14.07456, 1.71053], "rotation": 180, "texture": "#1"},
				"west": {"uv": [13.33333, 0.91228, 14.24561, 1.71053], "rotation": 180, "texture": "#1"},
				"up": {"uv": [15.10087, 1.53948, 13.82748, 1.59649], "texture": "#1"},
				"down": {"uv": [15.10087, 1.53948, 13.82748, 1.48246], "texture": "#1"}
			}
		},
		{
			"name": "penis",
			"from": [5, 24.5, -9],
			"to": [11, 25, -8.5],
			"rotation": {"angle": 0, "axis": "y", "origin": [4.5, 24.5, -4.5]},
			"faces": {
				"north": {"uv": [13.33333, 0.91228, 14.24561, 1.71053], "rotation": 180, "texture": "#1"},
				"east": {"uv": [13.33333, 0.91228, 14.1886, 1.71053], "rotation": 180, "texture": "#1"},
				"south": {"uv": [13.33333, 0.91228, 14.13158, 1.71053], "rotation": 180, "texture": "#1"},
				"west": {"uv": [13.33333, 0.91228, 14.07456, 1.71053], "rotation": 180, "texture": "#1"},
				"up": {"uv": [15.10087, 1.53948, 13.82748, 1.59649], "rotation": 90, "texture": "#1"},
				"down": {"uv": [15.10087, 1.53948, 13.82748, 1.48246], "rotation": 270, "texture": "#1"}
			}
		},
		{
			"name": "penis",
			"from": [11.5, 24.5, -4.5],
			"to": [17.5, 25, -4],
			"rotation": {"angle": 0, "axis": "y", "origin": [4.5, 24.5, -4.5]},
			"faces": {
				"north": {"uv": [13.33333, 0.91228, 14.24561, 1.71053], "rotation": 180, "texture": "#1"},
				"east": {"uv": [13.33333, 0.91228, 14.1886, 1.71053], "rotation": 180, "texture": "#1"},
				"south": {"uv": [13.33333, 0.91228, 14.13158, 1.71053], "rotation": 180, "texture": "#1"},
				"west": {"uv": [13.33333, 0.91228, 14.07456, 1.71053], "rotation": 180, "texture": "#1"},
				"up": {"uv": [15.10087, 1.53948, 13.82748, 1.59649], "rotation": 90, "texture": "#1"},
				"down": {"uv": [15.10087, 1.53948, 13.82748, 1.48246], "rotation": 270, "texture": "#1"}
			}
		},
		{
			"name": "penis",
			"from": [11, 24.5, -11],
			"to": [11.5, 25, -4],
			"rotation": {"angle": 0, "axis": "y", "origin": [9.5, 24.5, -8.5]},
			"faces": {
				"north": {"uv": [13.33333, 0.91228, 14.1886, 1.71053], "rotation": 180, "texture": "#1"},
				"east": {"uv": [13.33333, 0.91228, 14.13158, 1.71053], "rotation": 180, "texture": "#1"},
				"south": {"uv": [13.33333, 0.91228, 14.07456, 1.71053], "rotation": 180, "texture": "#1"},
				"west": {"uv": [13.33333, 0.91228, 14.24561, 1.71053], "rotation": 180, "texture": "#1"},
				"up": {"uv": [15.10087, 1.53948, 13.82748, 1.59649], "texture": "#1"},
				"down": {"uv": [15.10087, 1.53948, 13.82748, 1.48246], "texture": "#1"}
			}
		},
		{
			"name": "penis",
			"from": [25, 15.5, 7],
			"to": [25.5, 16, 16],
			"rotation": {"angle": 0, "axis": "y", "origin": [20.5, 15.5, 7.5]},
			"faces": {
				"north": {"uv": [13.33333, 0.91228, 14.07456, 1.71053], "texture": "#1"},
				"east": {"uv": [13.33333, 0.91228, 14.13158, 1.71053], "texture": "#1"},
				"south": {"uv": [13.33333, 0.91228, 14.1886, 1.71053], "texture": "#1"},
				"west": {"uv": [13.33333, 0.91228, 14.24561, 1.71053], "texture": "#1"},
				"up": {"uv": [15.10087, 1.53948, 13.82748, 1.48246], "texture": "#1"},
				"down": {"uv": [15.10087, 1.53948, 13.82748, 1.59649], "texture": "#1"}
			}
		},
		{
			"name": "penis",
			"from": [25, 16, 15.5],
			"to": [25.5, 25, 16],
			"rotation": {"angle": 0, "axis": "y", "origin": [25.5, 20.5, 15.5]},
			"faces": {
				"north": {"uv": [15.10087, 1.53948, 13.82748, 1.48246], "rotation": 180, "texture": "#1"},
				"east": {"uv": [13.33333, 0.91228, 14.13158, 1.71053], "rotation": 90, "texture": "#1"},
				"south": {"uv": [15.10087, 1.53948, 13.82748, 1.59649], "texture": "#1"},
				"west": {"uv": [13.33333, 0.91228, 14.24561, 1.71053], "rotation": 270, "texture": "#1"},
				"up": {"uv": [13.33333, 0.91228, 14.1886, 1.71053], "texture": "#1"},
				"down": {"uv": [13.33333, 0.91228, 14.07456, 1.71053], "rotation": 180, "texture": "#1"}
			}
		},
		{
			"name": "penis",
			"from": [16, 20, 15.5],
			"to": [25, 20.5, 16],
			"rotation": {"angle": 0, "axis": "y", "origin": [25.5, 20.5, 15.5]},
			"faces": {
				"north": {"uv": [15.10087, 1.53948, 13.82748, 1.48246], "rotation": 90, "texture": "#1"},
				"east": {"uv": [13.33333, 0.91228, 14.1886, 1.71053], "rotation": 90, "texture": "#1"},
				"south": {"uv": [15.10087, 1.53948, 13.82748, 1.59649], "rotation": 90, "texture": "#1"},
				"west": {"uv": [13.33333, 0.91228, 14.07456, 1.71053], "rotation": 270, "texture": "#1"},
				"up": {"uv": [13.33333, 0.91228, 14.24561, 1.71053], "texture": "#1"},
				"down": {"uv": [13.33333, 0.91228, 14.13158, 1.71053], "rotation": 180, "texture": "#1"}
			}
		},
		{
			"name": "penis",
			"from": [16, 20, 6],
			"to": [16.5, 20.5, 15.5],
			"rotation": {"angle": 0, "axis": "y", "origin": [20.5, 20.5, 15.5]},
			"faces": {
				"north": {"uv": [13.33333, 0.91228, 14.07456, 1.71053], "rotation": 270, "texture": "#1"},
				"east": {"uv": [15.10087, 1.53948, 13.82748, 1.48246], "rotation": 90, "texture": "#1"},
				"south": {"uv": [13.33333, 0.91228, 14.1886, 1.71053], "rotation": 90, "texture": "#1"},
				"west": {"uv": [15.10087, 1.53948, 13.82748, 1.59649], "rotation": 90, "texture": "#1"},
				"up": {"uv": [13.33333, 0.91228, 14.24561, 1.71053], "rotation": 90, "texture": "#1"},
				"down": {"uv": [13.33333, 0.91228, 14.13158, 1.71053], "rotation": 90, "texture": "#1"}
			}
		},
		{
			"name": "penis",
			"from": [13, 20, 5.5],
			"to": [22, 20.5, 6],
			"rotation": {"angle": 0, "axis": "y", "origin": [16.5, 20.5, 10.5]},
			"faces": {
				"north": {"uv": [15.10087, 1.53948, 13.82748, 1.59649], "rotation": 90, "texture": "#1"},
				"east": {"uv": [13.33333, 0.91228, 14.07456, 1.71053], "rotation": 270, "texture": "#1"},
				"south": {"uv": [15.10087, 1.53948, 13.82748, 1.48246], "rotation": 90, "texture": "#1"},
				"west": {"uv": [13.33333, 0.91228, 14.1886, 1.71053], "rotation": 90, "texture": "#1"},
				"up": {"uv": [13.33333, 0.91228, 14.24561, 1.71053], "rotation": 180, "texture": "#1"},
				"down": {"uv": [13.33333, 0.91228, 14.13158, 1.71053], "texture": "#1"}
			}
		},
		{
			"name": "penis",
			"from": [25, 5, 0.5],
			"to": [32, 5.5, 1],
			"rotation": {"angle": 0, "axis": "y", "origin": [24.5, 9.5, 0.5]},
			"faces": {
				"north": {"uv": [13.33333, 0.91228, 14.24561, 1.71053], "texture": "#1"},
				"east": {"uv": [13.33333, 0.91228, 14.07456, 1.71053], "texture": "#1"},
				"south": {"uv": [13.33333, 0.91228, 14.13158, 1.71053], "texture": "#1"},
				"west": {"uv": [13.33333, 0.91228, 14.1886, 1.71053], "texture": "#1"},
				"up": {"uv": [15.10087, 1.53948, 13.82748, 1.48246], "rotation": 90, "texture": "#1"},
				"down": {"uv": [15.10087, 1.53948, 13.82748, 1.59649], "rotation": 270, "texture": "#1"}
			}
		},
		{
			"name": "penis",
			"from": [24.5, 6, -9],
			"to": [25, 15, -8.5],
			"rotation": {"angle": 0, "axis": "y", "origin": [24.5, 10.5, -8.5]},
			"faces": {
				"north": {"uv": [13.33333, 0.91228, 14.13158, 1.71053], "rotation": 270, "texture": "#1"},
				"east": {"uv": [15.10087, 1.53948, 13.82748, 1.48246], "texture": "#1"},
				"south": {"uv": [13.33333, 0.91228, 14.24561, 1.71053], "rotation": 90, "texture": "#1"},
				"west": {"uv": [15.10087, 1.53948, 13.82748, 1.59649], "rotation": 180, "texture": "#1"},
				"up": {"uv": [13.33333, 0.91228, 14.07456, 1.71053], "rotation": 90, "texture": "#1"},
				"down": {"uv": [13.33333, 0.91228, 14.1886, 1.71053], "rotation": 90, "texture": "#1"}
			}
		},
		{
			"name": "penis",
			"from": [15.5, 5.5, -9],
			"to": [16, 6, 0],
			"rotation": {"angle": 0, "axis": "y", "origin": [12, -4.5, 0.5]},
			"faces": {
				"north": {"uv": [13.33333, 0.91228, 14.07456, 1.71053], "rotation": 180, "texture": "#1"},
				"east": {"uv": [13.33333, 0.91228, 14.24561, 1.71053], "rotation": 180, "texture": "#1"},
				"south": {"uv": [13.33333, 0.91228, 14.1886, 1.71053], "rotation": 180, "texture": "#1"},
				"west": {"uv": [13.33333, 0.91228, 14.13158, 1.71053], "rotation": 180, "texture": "#1"},
				"up": {"uv": [15.10087, 1.53948, 13.82748, 1.59649], "rotation": 180, "texture": "#1"},
				"down": {"uv": [15.10087, 1.53948, 13.82748, 1.48246], "rotation": 180, "texture": "#1"}
			}
		},
		{
			"name": "penis",
			"from": [2.5, -9, 0],
			"to": [11.5, -8.5, 0.5],
			"rotation": {"angle": 0, "axis": "y", "origin": [12, -4.5, 0.5]},
			"faces": {
				"north": {"uv": [15.10087, 1.53948, 13.82748, 1.59649], "rotation": 270, "texture": "#1"},
				"east": {"uv": [13.33333, 0.91228, 14.1886, 1.71053], "rotation": 270, "texture": "#1"},
				"south": {"uv": [15.10087, 1.53948, 13.82748, 1.48246], "rotation": 270, "texture": "#1"},
				"west": {"uv": [13.33333, 0.91228, 14.07456, 1.71053], "rotation": 90, "texture": "#1"},
				"up": {"uv": [13.33333, 0.91228, 14.13158, 1.71053], "rotation": 180, "texture": "#1"},
				"down": {"uv": [13.33333, 0.91228, 14.24561, 1.71053], "texture": "#1"}
			}
		},
		{
			"name": "penis",
			"from": [7.5, -16, 0],
			"to": [16.5, -15.5, 0.5],
			"rotation": {"angle": 0, "axis": "y", "origin": [12, -4.5, 0.5]},
			"faces": {
				"north": {"uv": [15.10087, 1.53948, 13.82748, 1.59649], "rotation": 270, "texture": "#1"},
				"east": {"uv": [13.33333, 0.91228, 14.1886, 1.71053], "rotation": 270, "texture": "#1"},
				"south": {"uv": [15.10087, 1.53948, 13.82748, 1.48246], "rotation": 270, "texture": "#1"},
				"west": {"uv": [13.33333, 0.91228, 14.07456, 1.71053], "rotation": 90, "texture": "#1"},
				"up": {"uv": [13.33333, 0.91228, 14.13158, 1.71053], "rotation": 180, "texture": "#1"},
				"down": {"uv": [13.33333, 0.91228, 14.24561, 1.71053], "texture": "#1"}
			}
		},
		{
			"name": "penis",
			"from": [16, -16, 0.5],
			"to": [16.5, -15.5, 10],
			"rotation": {"angle": 0, "axis": "y", "origin": [12, -15.5, 0.5]},
			"faces": {
				"north": {"uv": [13.33333, 0.91228, 14.07456, 1.71053], "rotation": 90, "texture": "#1"},
				"east": {"uv": [15.10087, 1.53948, 13.82748, 1.59649], "rotation": 270, "texture": "#1"},
				"south": {"uv": [13.33333, 0.91228, 14.1886, 1.71053], "rotation": 270, "texture": "#1"},
				"west": {"uv": [15.10087, 1.53948, 13.82748, 1.48246], "rotation": 270, "texture": "#1"},
				"up": {"uv": [13.33333, 0.91228, 14.13158, 1.71053], "rotation": 270, "texture": "#1"},
				"down": {"uv": [13.33333, 0.91228, 14.24561, 1.71053], "rotation": 270, "texture": "#1"}
			}
		},
		{
			"name": "penis",
			"from": [9.5, -16, 9.5],
			"to": [16, -15.5, 10],
			"rotation": {"angle": 0, "axis": "y", "origin": [16, -15.5, 5.5]},
			"faces": {
				"north": {"uv": [15.10087, 1.53948, 13.82748, 1.48246], "rotation": 270, "texture": "#1"},
				"east": {"uv": [13.33333, 0.91228, 14.07456, 1.71053], "rotation": 90, "texture": "#1"},
				"south": {"uv": [15.10087, 1.53948, 13.82748, 1.59649], "rotation": 270, "texture": "#1"},
				"west": {"uv": [13.33333, 0.91228, 14.1886, 1.71053], "rotation": 270, "texture": "#1"},
				"up": {"uv": [13.33333, 0.91228, 14.13158, 1.71053], "texture": "#1"},
				"down": {"uv": [13.33333, 0.91228, 14.24561, 1.71053], "rotation": 180, "texture": "#1"}
			}
		},
		{
			"name": "penis",
			"from": [7, -16, 0],
			"to": [7.5, -9, 0.5],
			"rotation": {"angle": 0, "axis": "y", "origin": [7, -8.5, 0.5]},
			"faces": {
				"north": {"uv": [15.10087, 1.53948, 13.82748, 1.59649], "rotation": 180, "texture": "#1"},
				"east": {"uv": [13.33333, 0.91228, 14.13158, 1.71053], "rotation": 270, "texture": "#1"},
				"south": {"uv": [15.10087, 1.53948, 13.82748, 1.48246], "texture": "#1"},
				"west": {"uv": [13.33333, 0.91228, 14.24561, 1.71053], "rotation": 90, "texture": "#1"},
				"up": {"uv": [13.33333, 0.91228, 14.07456, 1.71053], "rotation": 180, "texture": "#1"},
				"down": {"uv": [13.33333, 0.91228, 14.1886, 1.71053], "texture": "#1"}
			}
		},
		{
			"name": "penis",
			"from": [2.5, -9, -9],
			"to": [3, -8.5, 0],
			"rotation": {"angle": 0, "axis": "y", "origin": [3, -8.5, -4.5]},
			"faces": {
				"north": {"uv": [13.33333, 0.91228, 14.07456, 1.71053], "rotation": 90, "texture": "#1"},
				"east": {"uv": [15.10087, 1.53948, 13.82748, 1.59649], "rotation": 270, "texture": "#1"},
				"south": {"uv": [13.33333, 0.91228, 14.1886, 1.71053], "rotation": 270, "texture": "#1"},
				"west": {"uv": [15.10087, 1.53948, 13.82748, 1.48246], "rotation": 270, "texture": "#1"},
				"up": {"uv": [13.33333, 0.91228, 14.13158, 1.71053], "rotation": 270, "texture": "#1"},
				"down": {"uv": [13.33333, 0.91228, 14.24561, 1.71053], "rotation": 270, "texture": "#1"}
			}
		},
		{
			"name": "penis",
			"from": [2.5, -8.5, -7],
			"to": [3, 1, -6.5],
			"rotation": {"angle": 0, "axis": "y", "origin": [3, -8.5, -4.5]},
			"faces": {
				"north": {"uv": [13.33333, 0.91228, 14.24561, 1.71053], "rotation": 90, "texture": "#1"},
				"east": {"uv": [15.10087, 1.53948, 13.82748, 1.59649], "rotation": 180, "texture": "#1"},
				"south": {"uv": [13.33333, 0.91228, 14.13158, 1.71053], "rotation": 270, "texture": "#1"},
				"west": {"uv": [15.10087, 1.53948, 13.82748, 1.48246], "texture": "#1"},
				"up": {"uv": [13.33333, 0.91228, 14.07456, 1.71053], "rotation": 270, "texture": "#1"},
				"down": {"uv": [13.33333, 0.91228, 14.1886, 1.71053], "rotation": 270, "texture": "#1"}
			}
		},
		{
			"name": "penis",
			"from": [-6.5, 0.5, -7],
			"to": [2.5, 1, -6.5],
			"rotation": {"angle": 0, "axis": "y", "origin": [3, -3.5, -6.5]},
			"faces": {
				"north": {"uv": [13.33333, 0.91228, 14.24561, 1.71053], "rotation": 180, "texture": "#1"},
				"east": {"uv": [13.33333, 0.91228, 14.1886, 1.71053], "rotation": 180, "texture": "#1"},
				"south": {"uv": [13.33333, 0.91228, 14.13158, 1.71053], "rotation": 180, "texture": "#1"},
				"west": {"uv": [13.33333, 0.91228, 14.07456, 1.71053], "rotation": 180, "texture": "#1"},
				"up": {"uv": [15.10087, 1.53948, 13.82748, 1.59649], "rotation": 90, "texture": "#1"},
				"down": {"uv": [15.10087, 1.53948, 13.82748, 1.48246], "rotation": 270, "texture": "#1"}
			}
		},
		{
			"name": "penis",
			"from": [-6.5, 0.5, -16],
			"to": [-6, 1, -7],
			"rotation": {"angle": 0, "axis": "y", "origin": [-2, 0.5, -6.5]},
			"faces": {
				"north": {"uv": [13.33333, 0.91228, 14.07456, 1.71053], "rotation": 90, "texture": "#1"},
				"east": {"uv": [15.10087, 1.53948, 13.82748, 1.59649], "rotation": 270, "texture": "#1"},
				"south": {"uv": [13.33333, 0.91228, 14.1886, 1.71053], "rotation": 270, "texture": "#1"},
				"west": {"uv": [15.10087, 1.53948, 13.82748, 1.48246], "rotation": 270, "texture": "#1"},
				"up": {"uv": [13.33333, 0.91228, 14.13158, 1.71053], "rotation": 270, "texture": "#1"},
				"down": {"uv": [13.33333, 0.91228, 14.24561, 1.71053], "rotation": 270, "texture": "#1"}
			}
		},
		{
			"name": "penis",
			"from": [-6, 0.5, -16],
			"to": [3.5, 1, -15.5],
			"rotation": {"angle": 0, "axis": "y", "origin": [-6, 0.5, -11.5]},
			"faces": {
				"north": {"uv": [15.10087, 1.53948, 13.82748, 1.59649], "rotation": 270, "texture": "#1"},
				"east": {"uv": [13.33333, 0.91228, 14.1886, 1.71053], "rotation": 270, "texture": "#1"},
				"south": {"uv": [15.10087, 1.53948, 13.82748, 1.48246], "rotation": 270, "texture": "#1"},
				"west": {"uv": [13.33333, 0.91228, 14.07456, 1.71053], "rotation": 90, "texture": "#1"},
				"up": {"uv": [13.33333, 0.91228, 14.13158, 1.71053], "rotation": 180, "texture": "#1"},
				"down": {"uv": [13.33333, 0.91228, 14.24561, 1.71053], "texture": "#1"}
			}
		},
		{
			"name": "penis",
			"from": [3, 1, -16],
			"to": [3.5, 10, -15.5],
			"rotation": {"angle": 0, "axis": "y", "origin": [-1, 0.5, -15.5]},
			"faces": {
				"north": {"uv": [15.10087, 1.53948, 13.82748, 1.59649], "texture": "#1"},
				"east": {"uv": [13.33333, 0.91228, 14.24561, 1.71053], "rotation": 270, "texture": "#1"},
				"south": {"uv": [15.10087, 1.53948, 13.82748, 1.48246], "rotation": 180, "texture": "#1"},
				"west": {"uv": [13.33333, 0.91228, 14.13158, 1.71053], "rotation": 90, "texture": "#1"},
				"up": {"uv": [13.33333, 0.91228, 14.1886, 1.71053], "rotation": 180, "texture": "#1"},
				"down": {"uv": [13.33333, 0.91228, 14.07456, 1.71053], "texture": "#1"}
			}
		},
		{
			"name": "penis",
			"from": [8, 9, -15],
			"to": [8.5, 9.5, -6],
			"rotation": {"angle": 0, "axis": "y", "origin": [8, 9.5, -10.5]},
			"faces": {
				"north": {"uv": [13.33333, 0.91228, 14.1886, 1.71053], "rotation": 270, "texture": "#1"},
				"east": {"uv": [15.10087, 1.53948, 13.82748, 1.48246], "rotation": 270, "texture": "#1"},
				"south": {"uv": [13.33333, 0.91228, 14.07456, 1.71053], "rotation": 90, "texture": "#1"},
				"west": {"uv": [15.10087, 1.53948, 13.82748, 1.59649], "rotation": 270, "texture": "#1"},
				"up": {"uv": [13.33333, 0.91228, 14.13158, 1.71053], "rotation": 90, "texture": "#1"},
				"down": {"uv": [13.33333, 0.91228, 14.24561, 1.71053], "rotation": 90, "texture": "#1"}
			}
		},
		{
			"name": "penis",
			"from": [3.5, 9.5, -16],
			"to": [12.5, 10, -15.5],
			"rotation": {"angle": 0, "axis": "y", "origin": [3, 5.5, -15.5]},
			"faces": {
				"north": {"uv": [15.10087, 1.53948, 13.82748, 1.59649], "rotation": 270, "texture": "#1"},
				"east": {"uv": [13.33333, 0.91228, 14.1886, 1.71053], "rotation": 270, "texture": "#1"},
				"south": {"uv": [15.10087, 1.53948, 13.82748, 1.48246], "rotation": 270, "texture": "#1"},
				"west": {"uv": [13.33333, 0.91228, 14.07456, 1.71053], "rotation": 90, "texture": "#1"},
				"up": {"uv": [13.33333, 0.91228, 14.13158, 1.71053], "rotation": 180, "texture": "#1"},
				"down": {"uv": [13.33333, 0.91228, 14.24561, 1.71053], "texture": "#1"}
			}
		},
		{
			"name": "penis",
			"from": [15, -16, 20],
			"to": [15.5, -9, 20.5],
			"rotation": {"angle": 0, "axis": "y", "origin": [23, -1.5, 14.5]},
			"faces": {
				"north": {"uv": [15.10087, 1.53948, 13.82748, 1.59649], "texture": "#1"},
				"east": {"uv": [13.33333, 0.91228, 14.24561, 1.71053], "rotation": 270, "texture": "#1"},
				"south": {"uv": [15.10087, 1.53948, 13.82748, 1.48246], "rotation": 180, "texture": "#1"},
				"west": {"uv": [13.33333, 0.91228, 14.13158, 1.71053], "rotation": 90, "texture": "#1"},
				"up": {"uv": [13.33333, 0.91228, 14.1886, 1.71053], "rotation": 180, "texture": "#1"},
				"down": {"uv": [13.33333, 0.91228, 14.07456, 1.71053], "texture": "#1"}
			}
		},
		{
			"name": "penis",
			"from": [6, -4, 25],
			"to": [6.5, -3.5, 32],
			"rotation": {"angle": 0, "axis": "y", "origin": [11, -8.5, 24.5]},
			"faces": {
				"north": {"uv": [13.33333, 0.91228, 14.07456, 1.71053], "texture": "#1"},
				"east": {"uv": [13.33333, 0.91228, 14.13158, 1.71053], "texture": "#1"},
				"south": {"uv": [13.33333, 0.91228, 14.1886, 1.71053], "texture": "#1"},
				"west": {"uv": [13.33333, 0.91228, 14.24561, 1.71053], "texture": "#1"},
				"up": {"uv": [15.10087, 1.53948, 13.82748, 1.48246], "texture": "#1"},
				"down": {"uv": [15.10087, 1.53948, 13.82748, 1.59649], "texture": "#1"}
			}
		},
		{
			"name": "penis",
			"from": [15, -13, 31.5],
			"to": [15.5, -4, 32],
			"rotation": {"angle": 0, "axis": "y", "origin": [15, -3.5, 26.5]},
			"faces": {
				"north": {"uv": [15.10087, 1.53948, 13.82748, 1.48246], "rotation": 180, "texture": "#1"},
				"east": {"uv": [13.33333, 0.91228, 14.13158, 1.71053], "rotation": 90, "texture": "#1"},
				"south": {"uv": [15.10087, 1.53948, 13.82748, 1.59649], "texture": "#1"},
				"west": {"uv": [13.33333, 0.91228, 14.24561, 1.71053], "rotation": 270, "texture": "#1"},
				"up": {"uv": [13.33333, 0.91228, 14.1886, 1.71053], "texture": "#1"},
				"down": {"uv": [13.33333, 0.91228, 14.07456, 1.71053], "rotation": 180, "texture": "#1"}
			}
		},
		{
			"name": "penis",
			"from": [-7, 5.5, 0],
			"to": [-6.5, 12.5, 0.5],
			"rotation": {"angle": 0, "axis": "y", "origin": [-6.5, 8.5, 0.5]},
			"faces": {
				"north": {"uv": [13.33333, 0.91228, 14.07456, 1.71053], "texture": "#1"},
				"east": {"uv": [13.33333, 0.91228, 14.13158, 1.71053], "texture": "#1"},
				"south": {"uv": [13.33333, 0.91228, 14.1886, 1.71053], "texture": "#1"},
				"west": {"uv": [13.33333, 0.91228, 14.24561, 1.71053], "texture": "#1"},
				"up": {"uv": [15.10087, 1.53948, 13.82748, 1.48246], "texture": "#1"},
				"down": {"uv": [15.10087, 1.53948, 13.82748, 1.59649], "texture": "#1"}
			}
		},
		{
			"name": "penis",
			"from": [0, 0, 0],
			"to": [1, 1, 1],
			"faces": {
				"north": {"uv": [13.33333, 0, 13.39035, 0.05702], "texture": "#1"},
				"east": {"uv": [13.33333, 0, 13.39035, 0.05702], "texture": "#1"},
				"south": {"uv": [13.33333, 0, 13.39035, 0.05702], "texture": "#1"},
				"west": {"uv": [13.33333, 0, 13.39035, 0.05702], "texture": "#1"},
				"up": {"uv": [13.33333, 0, 13.39035, 0.05702], "texture": "#1"},
				"down": {"uv": [13.33333, 0, 13.39035, 0.05702], "texture": "#1"}
			}
		}
	],
	"display": {
		"thirdperson_righthand": {
			"rotation": [169.75, 0, 0],
			"translation": [-7.25, -5.25, 0],
			"scale": [0.32, 0.32, 0.32]
		},
		"gui": {
			"rotation": [0, -86, 0]
		},
		"fixed": {
			"scale": [1.25, 1.25, 1.25]
		}
	},
	"groups": [
		{
			"name": "outer",
			"origin": [8, 0.5, 8],
			"color": 0,
			"nbt": "{}",
			"children": [0, 1, 2, 3, 4, 5, 6, 7, 8, 9, 10, 11]
		},
		{
			"name": "inner",
			"origin": [8, 0.5, 8],
			"color": 0,
			"nbt": "{}",
			"children": [12, 13, 14, 15, 16, 17, 18, 19, 20, 21, 22, 23]
		},
		24,
		25,
		26,
		27,
		28,
		29,
		30,
		31,
		32,
		33,
		34,
		35,
		36,
		37,
		38,
		39,
		40,
		41,
		42,
		43,
		44,
		45,
		46,
		47,
		48,
		49,
		50,
		51,
		52,
		53,
		54,
		55,
		56,
		57,
		58,
		59,
		60,
		61,
		62,
		63,
		64,
		65,
		66,
		67,
		68,
		69,
		70,
		71,
		72,
		73,
		74,
		75,
		76,
		77,
		78,
		79,
		80,
		81,
		82,
		83,
		84,
		85,
		86,
		87,
		88,
		89
	]
}