{
	"credit": "Made with Blockbench",
	"texture_size": [64, 64],
	"textures": {
		"1": "minecraft:item/banan"
	},
	"elements": [
		{
			"from": [0, 0, 0],
			"to": [1, 1, 16],
			"rotation": {"angle": 0, "axis": "y", "origin": [8, 0.5, 8]},
			"faces": {
				"north": {"uv": [5.33333, 3.28947, 7.19737, 3.39912], "texture": "#1"},
				"east": {"uv": [5.33333, 0, 7.08772, 0.10965], "texture": "#1"},
				"south": {"uv": [5.33333, 3.28947, 7.30701, 3.39912], "texture": "#1"},
				"west": {"uv": [5.33333, 0.10965, 7.08772, 0.2193], "texture": "#1"},
				"up": {"uv": [5.44298, 1.97368, 5.33333, 0.2193], "texture": "#1"},
				"down": {"uv": [5.55263, 0.2193, 5.33333, 1.97368], "texture": "#1"}
			}
		},
		{
			"from": [15, 0, 0],
			"to": [16, 1, 16],
			"rotation": {"angle": 0, "axis": "y", "origin": [8, 0.5, 8]},
			"faces": {
				"north": {"uv": [5.33333, 3.28947, 7.41666, 3.39912], "texture": "#1"},
				"east": {"uv": [5.33333, 0.2193, 7.30701, 0.32895], "texture": "#1"},
				"south": {"uv": [5.33333, 3.28947, 7.52631, 3.39912], "texture": "#1"},
				"west": {"uv": [5.33333, 0.32895, 7.30701, 0.4386], "texture": "#1"},
				"up": {"uv": [5.66228, 2.19298, 5.33333, 0.4386], "texture": "#1"},
				"down": {"uv": [5.77193, 0.4386, 5.33333, 2.19298], "texture": "#1"}
			}
		},
		{
			"from": [1, 0, 0],
			"to": [15, 1, 1],
			"rotation": {"angle": 0, "axis": "y", "origin": [8, 0.5, 8]},
			"faces": {
				"north": {"uv": [5.33333, 0.87719, 7.74561, 0.98684], "texture": "#1"},
				"east": {"uv": [6.28362, 2.19298, 8.73245, 2.30263], "texture": "#1"},
				"south": {"uv": [5.33333, 0.98684, 7.74561, 1.09649], "texture": "#1"},
				"west": {"uv": [6.28362, 2.30263, 8.73245, 2.41228], "texture": "#1"},
				"up": {"uv": [7.74561, 1.20614, 5.33333, 1.09649], "texture": "#1"},
				"down": {"uv": [7.74561, 1.20614, 5.33333, 1.31579], "texture": "#1"}
			}
		},
		{
			"from": [1, 0, 15],
			"to": [15, 1, 16],
			"rotation": {"angle": 0, "axis": "y", "origin": [8, 0.5, 8]},
			"faces": {
				"north": {"uv": [5.33333, 1.31579, 7.74561, 1.42544], "texture": "#1"},
				"east": {"uv": [6.28362, 2.41228, 8.73245, 2.52193], "texture": "#1"},
				"south": {"uv": [5.33333, 1.42544, 7.74561, 1.53509], "texture": "#1"},
				"west": {"uv": [6.28362, 2.52193, 8.73245, 2.63158], "texture": "#1"},
				"up": {"uv": [7.74561, 1.64474, 5.33333, 1.53509], "texture": "#1"},
				"down": {"uv": [7.74561, 1.64474, 5.33333, 1.75439], "texture": "#1"}
			}
		},
		{
			"from": [0, 1, 15],
			"to": [1, 15, 16],
			"rotation": {"angle": 0, "axis": "y", "origin": [0.5, 8, 8]},
			"faces": {
				"north": {"uv": [5.33333, 1.75439, 6.32017, 3.28947], "texture": "#1"},
				"east": {"uv": [5.33333, 1.75439, 6.42982, 3.28947], "texture": "#1"},
				"south": {"uv": [5.33333, 1.75439, 6.53947, 3.28947], "texture": "#1"},
				"west": {"uv": [5.33333, 1.75439, 6.64912, 3.28947], "texture": "#1"},
				"up": {"uv": [8.73245, 2.74123, 6.28362, 2.63158], "texture": "#1"},
				"down": {"uv": [8.73245, 2.74123, 6.28362, 2.85088], "texture": "#1"}
			}
		},
		{
			"from": [0, 1, 0],
			"to": [1, 15, 1],
			"rotation": {"angle": 0, "axis": "y", "origin": [0.5, 8, 8]},
			"faces": {
				"north": {"uv": [5.33333, 1.75439, 6.75877, 3.28947], "texture": "#1"},
				"east": {"uv": [5.33333, 1.75439, 6.86842, 3.28947], "texture": "#1"},
				"south": {"uv": [5.33333, 1.75439, 6.97807, 3.28947], "texture": "#1"},
				"west": {"uv": [5.33333, 1.75439, 7.08772, 3.28947], "texture": "#1"},
				"up": {"uv": [8.73245, 2.96053, 6.28362, 2.85088], "texture": "#1"},
				"down": {"uv": [8.73245, 2.96053, 6.28362, 3.07018], "texture": "#1"}
			}
		},
		{
			"from": [15, 1, 0],
			"to": [16, 15, 1],
			"rotation": {"angle": 0, "axis": "y", "origin": [0.5, 8, 8]},
			"faces": {
				"north": {"uv": [5.33333, 1.75439, 7.19737, 3.28947], "texture": "#1"},
				"east": {"uv": [5.33333, 1.75439, 7.30701, 3.28947], "texture": "#1"},
				"south": {"uv": [5.33333, 1.97368, 5.44298, 3.50877], "texture": "#1"},
				"west": {"uv": [5.33333, 1.97368, 5.55263, 3.50877], "texture": "#1"},
				"up": {"uv": [8.73245, 3.17982, 6.28362, 3.07018], "texture": "#1"},
				"down": {"uv": [8.73245, 3.17982, 6.28362, 3.28947], "texture": "#1"}
			}
		},
		{
			"from": [15, 1, 15],
			"to": [16, 15, 16],
			"rotation": {"angle": 0, "axis": "y", "origin": [0.5, 8, 8]},
			"faces": {
				"north": {"uv": [5.33333, 1.75439, 7.41666, 3.28947], "texture": "#1"},
				"east": {"uv": [5.33333, 1.75439, 7.52631, 3.28947], "texture": "#1"},
				"south": {"uv": [5.33333, 2.19298, 5.66228, 3.72807], "texture": "#1"},
				"west": {"uv": [5.33333, 2.19298, 5.77193, 3.72807], "texture": "#1"},
				"up": {"uv": [8.73245, 3.39912, 6.28362, 3.28947], "texture": "#1"},
				"down": {"uv": [7.19737, 3.39912, 5.33333, 3.50877], "texture": "#1"}
			}
		},
		{
			"from": [15, 15, 0],
			"to": [16, 16, 16],
			"rotation": {"angle": 0, "axis": "y", "origin": [8, 0.5, 8]},
			"faces": {
				"north": {"uv": [5.33333, 3.39912, 7.30701, 3.50877], "texture": "#1"},
				"east": {"uv": [5.33333, 0.4386, 7.52631, 0.54825], "texture": "#1"},
				"south": {"uv": [5.33333, 3.39912, 7.41666, 3.50877], "texture": "#1"},
				"west": {"uv": [5.33333, 0.54825, 7.52631, 0.65789], "texture": "#1"},
				"up": {"uv": [5.88158, 2.41228, 5.33333, 0.65789], "texture": "#1"},
				"down": {"uv": [5.99122, 0.65789, 5.33333, 2.41228], "texture": "#1"}
			}
		},
		{
			"from": [1, 15, 0],
			"to": [15, 16, 1],
			"rotation": {"angle": 0, "axis": "y", "origin": [8, 0.5, 8]},
			"faces": {
				"north": {"uv": [5.33333, 0, 8.6228, 0.10965], "texture": "#1"},
				"east": {"uv": [5.33333, 3.39912, 7.52631, 3.50877], "texture": "#1"},
				"south": {"uv": [5.33333, 0.10965, 8.6228, 0.2193], "texture": "#1"},
				"west": {"uv": [6.39327, 2.19298, 8.8421, 2.30263], "texture": "#1"},
				"up": {"uv": [8.8421, 0.32895, 5.33333, 0.2193], "texture": "#1"},
				"down": {"uv": [8.8421, 0.32895, 5.33333, 0.4386], "texture": "#1"}
			}
		},
		{
			"from": [0, 15, 0],
			"to": [1, 16, 16],
			"rotation": {"angle": 0, "axis": "y", "origin": [8, 0.5, 8]},
			"faces": {
				"north": {"uv": [6.39327, 2.30263, 8.8421, 2.41228], "texture": "#1"},
				"east": {"uv": [5.33333, 0.65789, 7.74561, 0.76754], "texture": "#1"},
				"south": {"uv": [6.39327, 2.41228, 8.8421, 2.52193], "texture": "#1"},
				"west": {"uv": [5.33333, 0.76754, 7.74561, 0.87719], "texture": "#1"},
				"up": {"uv": [6.10087, 2.63158, 5.33333, 0.87719], "texture": "#1"},
				"down": {"uv": [6.21052, 0.87719, 5.33333, 2.63158], "texture": "#1"}
			}
		},
		{
			"from": [1, 15, 15],
			"to": [15, 16, 16],
			"rotation": {"angle": 0, "axis": "y", "origin": [8, 0.5, 8]},
			"faces": {
				"north": {"uv": [5.33333, 0.4386, 9.0614, 0.54825], "texture": "#1"},
				"east": {"uv": [6.39327, 2.52193, 8.8421, 2.63158], "texture": "#1"},
				"south": {"uv": [5.33333, 0.54825, 9.0614, 0.65789], "texture": "#1"},
				"west": {"uv": [6.39327, 2.63158, 8.8421, 2.74123], "texture": "#1"},
				"up": {"uv": [9.0614, 1.86404, 5.33333, 1.75439], "texture": "#1"},
				"down": {"uv": [9.0614, 1.86404, 5.33333, 1.97368], "texture": "#1"}
			}
		},
		{
			"from": [3, 3, 3],
			"to": [13, 3.5, 3.5],
			"rotation": {"angle": 0, "axis": "y", "origin": [8, 0.5, 8]},
			"faces": {
				"north": {"uv": [5.33333, 1.97368, 8.6228, 2.08333], "texture": "#1"},
				"east": {"uv": [6.39327, 2.74123, 8.8421, 2.85088], "texture": "#1"},
				"south": {"uv": [5.33333, 2.08333, 8.6228, 2.19298], "texture": "#1"},
				"west": {"uv": [6.39327, 2.85088, 8.8421, 2.96053], "texture": "#1"},
				"up": {"uv": [8.6228, 2.30263, 5.33333, 2.19298], "texture": "#1"},
				"down": {"uv": [8.6228, 2.30263, 5.33333, 2.41228], "texture": "#1"}
			}
		},
		{
			"from": [3, 3, 12.5],
			"to": [13, 3.5, 13],
			"rotation": {"angle": 0, "axis": "y", "origin": [8, 0.5, 8]},
			"faces": {
				"north": {"uv": [5.40643, 0.65789, 8.8421, 0.76754], "texture": "#1"},
				"east": {"uv": [6.39327, 2.96053, 8.8421, 3.07018], "texture": "#1"},
				"south": {"uv": [5.40643, 0.76754, 8.8421, 0.87719], "texture": "#1"},
				"west": {"uv": [6.39327, 3.07018, 8.8421, 3.17982], "texture": "#1"},
				"up": {"uv": [8.8421, 0.98684, 5.40643, 0.87719], "texture": "#1"},
				"down": {"uv": [8.8421, 0.98684, 5.40643, 1.09649], "texture": "#1"}
			}
		},
		{
			"from": [12.5, 3, 3.5],
			"to": [13, 3.5, 12.5],
			"rotation": {"angle": 0, "axis": "y", "origin": [8, 0.5, 8]},
			"faces": {
				"north": {"uv": [6.39327, 3.28947, 8.8421, 3.39912], "texture": "#1"},
				"east": {"uv": [5.33333, 2.85088, 8.40351, 2.96053], "texture": "#1"},
				"south": {"uv": [6.39327, 3.39912, 8.8421, 3.50877], "texture": "#1"},
				"west": {"uv": [5.33333, 2.96053, 8.40351, 3.07018], "texture": "#1"},
				"up": {"uv": [6.10087, 3.50877, 5.33333, 2.63158], "texture": "#1"},
				"down": {"uv": [6.21052, 2.63158, 5.33333, 3.50877], "texture": "#1"}
			}
		},
		{
			"from": [3, 3, 3.5],
			"to": [3.5, 3.5, 12.5],
			"rotation": {"angle": 0, "axis": "y", "origin": [8, 0.5, 8]},
			"faces": {
				"north": {"uv": [6.39327, 3.17982, 8.8421, 3.28947], "texture": "#1"},
				"east": {"uv": [5.33333, 2.63158, 8.40351, 2.74123], "texture": "#1"},
				"south": {"uv": [6.28362, 3.39912, 8.73245, 3.50877], "texture": "#1"},
				"west": {"uv": [5.33333, 2.74123, 8.40351, 2.85088], "texture": "#1"},
				"up": {"uv": [5.88158, 3.28947, 5.33333, 2.41228], "texture": "#1"},
				"down": {"uv": [5.99122, 2.41228, 5.33333, 3.28947], "texture": "#1"}
			}
		},
		{
			"from": [12.5, 12.5, 3.5],
			"to": [13, 13, 12.5],
			"rotation": {"angle": 0, "axis": "y", "origin": [8, 0.5, 8]},
			"faces": {
				"north": {"uv": [6.50292, 1.53509, 8.95175, 1.64474], "texture": "#1"},
				"east": {"uv": [6.28362, 1.97368, 9.5, 2.08333], "texture": "#1"},
				"south": {"uv": [6.50292, 1.64474, 8.95175, 1.75439], "texture": "#1"},
				"west": {"uv": [6.28362, 2.08333, 9.5, 2.19298], "texture": "#1"},
				"up": {"uv": [6.97807, 4.16667, 5.33333, 3.28947], "texture": "#1"},
				"down": {"uv": [7.08772, 3.28947, 5.33333, 4.16667], "texture": "#1"}
			}
		},
		{
			"from": [3, 12.5, 12.5],
			"to": [13, 13, 13],
			"rotation": {"angle": 0, "axis": "y", "origin": [8, 0.5, 8]},
			"faces": {
				"north": {"uv": [5.40643, 1.53509, 8.8421, 1.64474], "texture": "#1"},
				"east": {"uv": [6.50292, 1.31579, 8.95175, 1.42544], "texture": "#1"},
				"south": {"uv": [5.40643, 1.64474, 8.8421, 1.75439], "texture": "#1"},
				"west": {"uv": [6.50292, 1.42544, 8.95175, 1.53509], "texture": "#1"},
				"up": {"uv": [8.6228, 2.52193, 5.33333, 2.41228], "texture": "#1"},
				"down": {"uv": [8.6228, 2.52193, 5.33333, 2.63158], "texture": "#1"}
			}
		},
		{
			"from": [3, 12.5, 3.5],
			"to": [3.5, 13, 12.5],
			"rotation": {"angle": 0, "axis": "y", "origin": [8, 0.5, 8]},
			"faces": {
				"north": {"uv": [6.50292, 1.09649, 8.95175, 1.20614], "texture": "#1"},
				"east": {"uv": [6.28362, 0, 9.5, 0.10965], "texture": "#1"},
				"south": {"uv": [6.50292, 1.20614, 8.95175, 1.31579], "texture": "#1"},
				"west": {"uv": [6.28362, 0.10965, 9.5, 0.2193], "texture": "#1"},
				"up": {"uv": [6.75877, 4.16667, 5.33333, 3.28947], "texture": "#1"},
				"down": {"uv": [6.86842, 3.28947, 5.33333, 4.16667], "texture": "#1"}
			}
		},
		{
			"from": [3, 12.5, 3],
			"to": [13, 13, 3.5],
			"rotation": {"angle": 0, "axis": "y", "origin": [8, 0.5, 8]},
			"faces": {
				"north": {"uv": [5.40643, 1.09649, 8.8421, 1.20614], "texture": "#1"},
				"east": {"uv": [6.50292, 0.87719, 8.95175, 0.98684], "texture": "#1"},
				"south": {"uv": [5.40643, 1.20614, 8.8421, 1.31579], "texture": "#1"},
				"west": {"uv": [6.50292, 0.98684, 8.95175, 1.09649], "texture": "#1"},
				"up": {"uv": [8.8421, 1.42544, 5.40643, 1.31579], "texture": "#1"},
				"down": {"uv": [8.8421, 1.42544, 5.40643, 1.53509], "texture": "#1"}
			}
		},
		{
			"from": [12.5, 3.5, 12.5],
			"to": [13, 12.5, 13],
			"rotation": {"angle": 0, "axis": "y", "origin": [8, 5, 12.5]},
			"faces": {
				"north": {"uv": [5.62573, 3.07018, 8.07456, 3.94737], "texture": "#1"},
				"east": {"uv": [6.06432, 2.63158, 8.51315, 3.50877], "texture": "#1"},
				"south": {"uv": [5.73538, 3.07018, 8.18421, 3.94737], "texture": "#1"},
				"west": {"uv": [5.84503, 3.07018, 8.29386, 3.94737], "texture": "#1"},
				"up": {"uv": [8.95175, 0.32895, 6.50292, 0.2193], "texture": "#1"},
				"down": {"uv": [8.95175, 0.32895, 6.50292, 0.4386], "texture": "#1"}
			}
		},
		{
			"from": [3, 3.5, 12.5],
			"to": [3.5, 12.5, 13],
			"rotation": {"angle": 0, "axis": "y", "origin": [8, 5, 12.5]},
			"faces": {
				"north": {"uv": [5.33333, 3.07018, 7.63596, 3.94737], "texture": "#1"},
				"east": {"uv": [5.33333, 3.07018, 7.74561, 3.94737], "texture": "#1"},
				"south": {"uv": [5.40643, 3.07018, 7.85526, 3.94737], "texture": "#1"},
				"west": {"uv": [5.51608, 3.07018, 7.96491, 3.94737], "texture": "#1"},
				"up": {"uv": [5.44298, 3.61842, 5.33333, 3.50877], "texture": "#1"},
				"down": {"uv": [5.55263, 3.50877, 5.33333, 3.61842], "texture": "#1"}
			}
		},
		{
			"from": [3, 3.5, 3],
			"to": [3.5, 12.5, 3.5],
			"rotation": {"angle": 0, "axis": "y", "origin": [8, 5, 12.5]},
			"faces": {
				"north": {"uv": [5.33333, 3.28947, 6.32017, 4.16667], "texture": "#1"},
				"east": {"uv": [5.33333, 3.28947, 6.42982, 4.16667], "texture": "#1"},
				"south": {"uv": [5.33333, 3.28947, 6.53947, 4.16667], "texture": "#1"},
				"west": {"uv": [5.33333, 3.28947, 6.64912, 4.16667], "texture": "#1"},
				"up": {"uv": [6.21052, 3.61842, 5.33333, 3.50877], "texture": "#1"},
				"down": {"uv": [8.95175, 0.76754, 6.50292, 0.87719], "texture": "#1"}
			}
		},
		{
			"from": [12.5, 3.5, 3],
			"to": [13, 12.5, 3.5],
			"rotation": {"angle": 0, "axis": "y", "origin": [8, 5, 12.5]},
			"faces": {
				"north": {"uv": [5.95468, 3.07018, 8.40351, 3.94737], "texture": "#1"},
				"east": {"uv": [6.17397, 2.63158, 8.6228, 3.50877], "texture": "#1"},
				"south": {"uv": [5.33333, 3.28947, 5.88158, 4.16667], "texture": "#1"},
				"west": {"uv": [5.33333, 3.28947, 5.99122, 4.16667], "texture": "#1"},
				"up": {"uv": [6.10087, 3.61842, 5.33333, 3.50877], "texture": "#1"},
				"down": {"uv": [8.95175, 0.65789, 6.50292, 0.76754], "texture": "#1"}
			}
		},
		{
			"name": "penis",
			"from": [-7, 12.5, 0],
			"to": [0, 13, 0.5],
			"rotation": {"angle": 0, "axis": "y", "origin": [0.5, 8, 8]},
			"faces": {
				"north": {"uv": [5.33333, 1.75439, 6.75877, 3.28947], "texture": "#1"},
				"east": {"uv": [5.33333, 1.75439, 6.86842, 3.28947], "texture": "#1"},
				"south": {"uv": [5.33333, 1.75439, 6.97807, 3.28947], "texture": "#1"},
				"west": {"uv": [5.33333, 1.75439, 7.08772, 3.28947], "texture": "#1"},
				"up": {"uv": [8.73245, 2.96053, 6.28362, 2.85088], "texture": "#1"},
				"down": {"uv": [8.73245, 2.96053, 6.28362, 3.07018], "texture": "#1"}
			}
		},
		{
			"name": "penis",
			"from": [-7, 5.5, 0.5],
			"to": [-6.5, 6, 9.5],
			"rotation": {"angle": 0, "axis": "y", "origin": [0.5, 8, 8]},
			"faces": {
				"north": {"uv": [5.33333, 1.75439, 6.75877, 3.28947], "texture": "#1"},
				"east": {"uv": [5.33333, 1.75439, 6.86842, 3.28947], "texture": "#1"},
				"south": {"uv": [5.33333, 1.75439, 6.97807, 3.28947], "texture": "#1"},
				"west": {"uv": [5.33333, 1.75439, 7.08772, 3.28947], "texture": "#1"},
				"up": {"uv": [8.73245, 2.96053, 6.28362, 2.85088], "texture": "#1"},
				"down": {"uv": [8.73245, 2.96053, 6.28362, 3.07018], "texture": "#1"}
			}
		},
		{
			"name": "penis",
			"from": [-16, 5.5, 9],
			"to": [-7, 6, 9.5],
			"rotation": {"angle": 0, "axis": "y", "origin": [-11.5, 5.5, 9.5]},
			"faces": {
				"north": {"uv": [5.33333, 1.75439, 7.08772, 3.28947], "texture": "#1"},
				"east": {"uv": [5.33333, 1.75439, 6.75877, 3.28947], "texture": "#1"},
				"south": {"uv": [5.33333, 1.75439, 6.86842, 3.28947], "texture": "#1"},
				"west": {"uv": [5.33333, 1.75439, 6.97807, 3.28947], "texture": "#1"},
				"up": {"uv": [8.73245, 2.96053, 6.28362, 2.85088], "rotation": 90, "texture": "#1"},
				"down": {"uv": [8.73245, 2.96053, 6.28362, 3.07018], "rotation": 270, "texture": "#1"}
			}
		},
		{
			"name": "penis",
			"from": [-11.5, 5.5, 9.5],
			"to": [-11, 6, 19],
			"rotation": {"angle": 0, "axis": "y", "origin": [-11.5, 5.5, 9.5]},
			"faces": {
				"north": {"uv": [5.33333, 1.75439, 6.75877, 3.28947], "texture": "#1"},
				"east": {"uv": [5.33333, 1.75439, 6.86842, 3.28947], "texture": "#1"},
				"south": {"uv": [5.33333, 1.75439, 6.97807, 3.28947], "texture": "#1"},
				"west": {"uv": [5.33333, 1.75439, 7.08772, 3.28947], "texture": "#1"},
				"up": {"uv": [8.73245, 2.96053, 6.28362, 2.85088], "texture": "#1"},
				"down": {"uv": [8.73245, 2.96053, 6.28362, 3.07018], "texture": "#1"}
			}
		},
		{
			"name": "penis",
			"from": [-11.5, 5.5, 19],
			"to": [-2.5, 6, 19.5],
			"rotation": {"angle": 0, "axis": "y", "origin": [-11, 5.5, 14.5]},
			"faces": {
				"north": {"uv": [5.33333, 1.75439, 6.86842, 3.28947], "texture": "#1"},
				"east": {"uv": [5.33333, 1.75439, 6.97807, 3.28947], "texture": "#1"},
				"south": {"uv": [5.33333, 1.75439, 7.08772, 3.28947], "texture": "#1"},
				"west": {"uv": [5.33333, 1.75439, 6.75877, 3.28947], "texture": "#1"},
				"up": {"uv": [8.73245, 2.96053, 6.28362, 2.85088], "rotation": 270, "texture": "#1"},
				"down": {"uv": [8.73245, 2.96053, 6.28362, 3.07018], "rotation": 90, "texture": "#1"}
			}
		},
		{
			"name": "penis",
			"from": [-6.5, -4, 19],
			"to": [-6, 5.5, 19.5],
			"rotation": {"angle": 0, "axis": "y", "origin": [-7, 5.5, 19.5]},
			"faces": {
				"north": {"uv": [5.33333, 1.75439, 6.86842, 3.28947], "rotation": 270, "texture": "#1"},
				"east": {"uv": [8.73245, 2.96053, 6.28362, 2.85088], "texture": "#1"},
				"south": {"uv": [5.33333, 1.75439, 7.08772, 3.28947], "rotation": 90, "texture": "#1"},
				"west": {"uv": [8.73245, 2.96053, 6.28362, 3.07018], "rotation": 180, "texture": "#1"},
				"up": {"uv": [5.33333, 1.75439, 6.75877, 3.28947], "rotation": 90, "texture": "#1"},
				"down": {"uv": [5.33333, 1.75439, 6.97807, 3.28947], "rotation": 90, "texture": "#1"}
			}
		},
		{
			"name": "penis",
			"from": [-6.5, -4, 19.5],
			"to": [-6, -3.5, 29],
			"rotation": {"angle": 0, "axis": "y", "origin": [-6, 0.5, 19.5]},
			"faces": {
				"north": {"uv": [5.33333, 1.75439, 6.75877, 3.28947], "rotation": 270, "texture": "#1"},
				"east": {"uv": [8.73245, 2.96053, 6.28362, 2.85088], "rotation": 90, "texture": "#1"},
				"south": {"uv": [5.33333, 1.75439, 6.97807, 3.28947], "rotation": 90, "texture": "#1"},
				"west": {"uv": [8.73245, 2.96053, 6.28362, 3.07018], "rotation": 90, "texture": "#1"},
				"up": {"uv": [5.33333, 1.75439, 7.08772, 3.28947], "rotation": 90, "texture": "#1"},
				"down": {"uv": [5.33333, 1.75439, 6.86842, 3.28947], "rotation": 90, "texture": "#1"}
			}
		},
		{
			"name": "penis",
			"from": [-6.5, -3.5, 28.5],
			"to": [-6, 6, 29],
			"rotation": {"angle": 0, "axis": "y", "origin": [-6, -3.5, 24.5]},
			"faces": {
				"north": {"uv": [5.33333, 1.75439, 7.08772, 3.28947], "rotation": 270, "texture": "#1"},
				"east": {"uv": [8.73245, 2.96053, 6.28362, 2.85088], "rotation": 180, "texture": "#1"},
				"south": {"uv": [5.33333, 1.75439, 6.86842, 3.28947], "rotation": 90, "texture": "#1"},
				"west": {"uv": [8.73245, 2.96053, 6.28362, 3.07018], "texture": "#1"},
				"up": {"uv": [5.33333, 1.75439, 6.97807, 3.28947], "rotation": 90, "texture": "#1"},
				"down": {"uv": [5.33333, 1.75439, 6.75877, 3.28947], "rotation": 90, "texture": "#1"}
			}
		},
		{
			"name": "penis",
			"from": [-15, 6, 28.5],
			"to": [-6, 6.5, 29],
			"rotation": {"angle": 0, "axis": "y", "origin": [-6, 1.5, 28.5]},
			"faces": {
				"north": {"uv": [5.33333, 1.75439, 7.08772, 3.28947], "texture": "#1"},
				"east": {"uv": [5.33333, 1.75439, 6.75877, 3.28947], "texture": "#1"},
				"south": {"uv": [5.33333, 1.75439, 6.86842, 3.28947], "texture": "#1"},
				"west": {"uv": [5.33333, 1.75439, 6.97807, 3.28947], "texture": "#1"},
				"up": {"uv": [8.73245, 2.96053, 6.28362, 2.85088], "rotation": 90, "texture": "#1"},
				"down": {"uv": [8.73245, 2.96053, 6.28362, 3.07018], "rotation": 270, "texture": "#1"}
			}
		},
		{
			"name": "penis",
			"from": [6.5, -4, 31.5],
			"to": [15.5, -3.5, 32],
			"rotation": {"angle": 0, "axis": "y", "origin": [-6, 1.5, 28.5]},
			"faces": {
				"north": {"uv": [5.33333, 1.75439, 7.08772, 3.28947], "texture": "#1"},
				"east": {"uv": [5.33333, 1.75439, 6.75877, 3.28947], "texture": "#1"},
				"south": {"uv": [5.33333, 1.75439, 6.86842, 3.28947], "texture": "#1"},
				"west": {"uv": [5.33333, 1.75439, 6.97807, 3.28947], "texture": "#1"},
				"up": {"uv": [8.73245, 2.96053, 6.28362, 2.85088], "rotation": 90, "texture": "#1"},
				"down": {"uv": [8.73245, 2.96053, 6.28362, 3.07018], "rotation": 270, "texture": "#1"}
			}
		},
		{
			"name": "penis",
			"from": [6, 0, 16],
			"to": [6.5, 0.5, 25],
			"rotation": {"angle": 0, "axis": "y", "origin": [-6, 0.5, 19.5]},
			"faces": {
				"north": {"uv": [5.33333, 1.75439, 6.75877, 3.28947], "rotation": 270, "texture": "#1"},
				"east": {"uv": [8.73245, 2.96053, 6.28362, 2.85088], "rotation": 90, "texture": "#1"},
				"south": {"uv": [5.33333, 1.75439, 6.97807, 3.28947], "rotation": 90, "texture": "#1"},
				"west": {"uv": [8.73245, 2.96053, 6.28362, 3.07018], "rotation": 90, "texture": "#1"},
				"up": {"uv": [5.33333, 1.75439, 7.08772, 3.28947], "rotation": 90, "texture": "#1"},
				"down": {"uv": [5.33333, 1.75439, 6.86842, 3.28947], "rotation": 90, "texture": "#1"}
			}
		},
		{
			"name": "penis",
			"from": [28, 1, 10],
			"to": [28.5, 10, 10.5],
			"rotation": {"angle": 0, "axis": "y", "origin": [25, 0.5, 20.5]},
			"faces": {
				"north": {"uv": [8.73245, 2.96053, 6.28362, 2.85088], "texture": "#1"},
				"east": {"uv": [5.33333, 1.75439, 7.08772, 3.28947], "rotation": 90, "texture": "#1"},
				"south": {"uv": [8.73245, 2.96053, 6.28362, 3.07018], "rotation": 180, "texture": "#1"},
				"west": {"uv": [5.33333, 1.75439, 6.86842, 3.28947], "rotation": 270, "texture": "#1"},
				"up": {"uv": [5.33333, 1.75439, 6.75877, 3.28947], "texture": "#1"},
				"down": {"uv": [5.33333, 1.75439, 6.97807, 3.28947], "rotation": 180, "texture": "#1"}
			}
		},
		{
			"name": "penis",
			"from": [28, 1, 10.5],
			"to": [28.5, 1.5, 19.5],
			"rotation": {"angle": 0, "axis": "y", "origin": [28, 5.5, 10.5]},
			"faces": {
				"north": {"uv": [5.33333, 1.75439, 6.75877, 3.28947], "rotation": 180, "texture": "#1"},
				"east": {"uv": [5.33333, 1.75439, 7.08772, 3.28947], "rotation": 180, "texture": "#1"},
				"south": {"uv": [5.33333, 1.75439, 6.97807, 3.28947], "rotation": 180, "texture": "#1"},
				"west": {"uv": [5.33333, 1.75439, 6.86842, 3.28947], "rotation": 180, "texture": "#1"},
				"up": {"uv": [8.73245, 2.96053, 6.28362, 3.07018], "rotation": 180, "texture": "#1"},
				"down": {"uv": [8.73245, 2.96053, 6.28362, 2.85088], "rotation": 180, "texture": "#1"}
			}
		},
		{
			"name": "penis",
			"from": [10.5, 15.5, 16],
			"to": [11, 16, 25],
			"rotation": {"angle": 0, "axis": "y", "origin": [28, 5.5, 10.5]},
			"faces": {
				"north": {"uv": [5.33333, 1.75439, 6.75877, 3.28947], "rotation": 180, "texture": "#1"},
				"east": {"uv": [5.33333, 1.75439, 7.08772, 3.28947], "rotation": 180, "texture": "#1"},
				"south": {"uv": [5.33333, 1.75439, 6.97807, 3.28947], "rotation": 180, "texture": "#1"},
				"west": {"uv": [5.33333, 1.75439, 6.86842, 3.28947], "rotation": 180, "texture": "#1"},
				"up": {"uv": [8.73245, 2.96053, 6.28362, 3.07018], "rotation": 180, "texture": "#1"},
				"down": {"uv": [8.73245, 2.96053, 6.28362, 2.85088], "rotation": 180, "texture": "#1"}
			}
		},
		{
			"name": "penis",
			"from": [10.5, 16, 20],
			"to": [11, 21, 20.5],
			"rotation": {"angle": 0, "axis": "y", "origin": [11, 15.5, 20.5]},
			"faces": {
				"north": {"uv": [5.33333, 1.75439, 6.86842, 3.28947], "rotation": 90, "texture": "#1"},
				"east": {"uv": [8.73245, 2.96053, 6.28362, 3.07018], "texture": "#1"},
				"south": {"uv": [5.33333, 1.75439, 7.08772, 3.28947], "rotation": 270, "texture": "#1"},
				"west": {"uv": [8.73245, 2.96053, 6.28362, 2.85088], "rotation": 180, "texture": "#1"},
				"up": {"uv": [5.33333, 1.75439, 6.97807, 3.28947], "rotation": 270, "texture": "#1"},
				"down": {"uv": [5.33333, 1.75439, 6.75877, 3.28947], "rotation": 270, "texture": "#1"}
			}
		},
		{
			"name": "penis",
			"from": [10.5, 16, 24.5],
			"to": [11, 25, 25],
			"rotation": {"angle": 0, "axis": "y", "origin": [11, 15.5, 20.5]},
			"faces": {
				"north": {"uv": [8.73245, 2.96053, 6.28362, 3.07018], "texture": "#1"},
				"east": {"uv": [5.33333, 1.75439, 7.08772, 3.28947], "rotation": 270, "texture": "#1"},
				"south": {"uv": [8.73245, 2.96053, 6.28362, 2.85088], "rotation": 180, "texture": "#1"},
				"west": {"uv": [5.33333, 1.75439, 6.86842, 3.28947], "rotation": 90, "texture": "#1"},
				"up": {"uv": [5.33333, 1.75439, 6.97807, 3.28947], "rotation": 180, "texture": "#1"},
				"down": {"uv": [5.33333, 1.75439, 6.75877, 3.28947], "texture": "#1"}
			}
		},
		{
			"name": "penis",
			"from": [11, 24.5, 24.5],
			"to": [20, 25, 25],
			"rotation": {"angle": 0, "axis": "y", "origin": [11, 20.5, 24.5]},
			"faces": {
				"north": {"uv": [8.73245, 2.96053, 6.28362, 3.07018], "rotation": 270, "texture": "#1"},
				"east": {"uv": [5.33333, 1.75439, 6.97807, 3.28947], "rotation": 270, "texture": "#1"},
				"south": {"uv": [8.73245, 2.96053, 6.28362, 2.85088], "rotation": 270, "texture": "#1"},
				"west": {"uv": [5.33333, 1.75439, 6.75877, 3.28947], "rotation": 90, "texture": "#1"},
				"up": {"uv": [5.33333, 1.75439, 6.86842, 3.28947], "rotation": 180, "texture": "#1"},
				"down": {"uv": [5.33333, 1.75439, 7.08772, 3.28947], "texture": "#1"}
			}
		},
		{
			"name": "penis",
			"from": [1.5, 20.5, 24.5],
			"to": [10.5, 21, 25],
			"rotation": {"angle": 0, "axis": "y", "origin": [11, 20.5, 24.5]},
			"faces": {
				"north": {"uv": [8.73245, 2.96053, 6.28362, 3.07018], "rotation": 270, "texture": "#1"},
				"east": {"uv": [5.33333, 1.75439, 6.97807, 3.28947], "rotation": 270, "texture": "#1"},
				"south": {"uv": [8.73245, 2.96053, 6.28362, 2.85088], "rotation": 270, "texture": "#1"},
				"west": {"uv": [5.33333, 1.75439, 6.75877, 3.28947], "rotation": 90, "texture": "#1"},
				"up": {"uv": [5.33333, 1.75439, 6.86842, 3.28947], "rotation": 180, "texture": "#1"},
				"down": {"uv": [5.33333, 1.75439, 7.08772, 3.28947], "texture": "#1"}
			}
		},
		{
			"name": "penis",
			"from": [1.5, 20.5, 15.5],
			"to": [2, 21, 24.5],
			"rotation": {"angle": 0, "axis": "y", "origin": [6, 20.5, 24.5]},
			"faces": {
				"north": {"uv": [5.33333, 1.75439, 6.75877, 3.28947], "rotation": 90, "texture": "#1"},
				"east": {"uv": [8.73245, 2.96053, 6.28362, 3.07018], "rotation": 270, "texture": "#1"},
				"south": {"uv": [5.33333, 1.75439, 6.97807, 3.28947], "rotation": 270, "texture": "#1"},
				"west": {"uv": [8.73245, 2.96053, 6.28362, 2.85088], "rotation": 270, "texture": "#1"},
				"up": {"uv": [5.33333, 1.75439, 6.86842, 3.28947], "rotation": 270, "texture": "#1"},
				"down": {"uv": [5.33333, 1.75439, 7.08772, 3.28947], "rotation": 270, "texture": "#1"}
			}
		},
		{
			"name": "penis",
			"from": [19.5, 24.5, 25],
			"to": [20, 25, 32],
			"rotation": {"angle": 0, "axis": "y", "origin": [16, 24.5, 24.5]},
			"faces": {
				"north": {"uv": [5.33333, 1.75439, 6.75877, 3.28947], "rotation": 90, "texture": "#1"},
				"east": {"uv": [8.73245, 2.96053, 6.28362, 3.07018], "rotation": 270, "texture": "#1"},
				"south": {"uv": [5.33333, 1.75439, 6.97807, 3.28947], "rotation": 270, "texture": "#1"},
				"west": {"uv": [8.73245, 2.96053, 6.28362, 2.85088], "rotation": 270, "texture": "#1"},
				"up": {"uv": [5.33333, 1.75439, 6.86842, 3.28947], "rotation": 270, "texture": "#1"},
				"down": {"uv": [5.33333, 1.75439, 7.08772, 3.28947], "rotation": 270, "texture": "#1"}
			}
		},
		{
			"name": "penis",
			"from": [6, -9, 24.5],
			"to": [6.5, 0, 25],
			"rotation": {"angle": 0, "axis": "y", "origin": [6, 0.5, 19.5]},
			"faces": {
				"north": {"uv": [5.33333, 1.75439, 6.86842, 3.28947], "rotation": 270, "texture": "#1"},
				"east": {"uv": [8.73245, 2.96053, 6.28362, 2.85088], "texture": "#1"},
				"south": {"uv": [5.33333, 1.75439, 7.08772, 3.28947], "rotation": 90, "texture": "#1"},
				"west": {"uv": [8.73245, 2.96053, 6.28362, 3.07018], "rotation": 180, "texture": "#1"},
				"up": {"uv": [5.33333, 1.75439, 6.75877, 3.28947], "rotation": 90, "texture": "#1"},
				"down": {"uv": [5.33333, 1.75439, 6.97807, 3.28947], "rotation": 90, "texture": "#1"}
			}
		},
		{
			"name": "penis",
			"from": [6.5, -9, 24.5],
			"to": [15.5, -8.5, 25],
			"rotation": {"angle": 0, "axis": "y", "origin": [6, -4.5, 24.5]},
			"faces": {
				"north": {"uv": [5.33333, 1.75439, 6.86842, 3.28947], "texture": "#1"},
				"east": {"uv": [5.33333, 1.75439, 6.97807, 3.28947], "texture": "#1"},
				"south": {"uv": [5.33333, 1.75439, 7.08772, 3.28947], "texture": "#1"},
				"west": {"uv": [5.33333, 1.75439, 6.75877, 3.28947], "texture": "#1"},
				"up": {"uv": [8.73245, 2.96053, 6.28362, 2.85088], "rotation": 270, "texture": "#1"},
				"down": {"uv": [8.73245, 2.96053, 6.28362, 3.07018], "rotation": 90, "texture": "#1"}
			}
		},
		{
			"name": "penis",
			"from": [15, -9, 15],
			"to": [15.5, -8.5, 24.5],
			"rotation": {"angle": 0, "axis": "y", "origin": [11, -8.5, 24.5]},
			"faces": {
				"north": {"uv": [5.33333, 1.75439, 6.97807, 3.28947], "texture": "#1"},
				"east": {"uv": [5.33333, 1.75439, 7.08772, 3.28947], "texture": "#1"},
				"south": {"uv": [5.33333, 1.75439, 6.75877, 3.28947], "texture": "#1"},
				"west": {"uv": [5.33333, 1.75439, 6.86842, 3.28947], "texture": "#1"},
				"up": {"uv": [8.73245, 2.96053, 6.28362, 2.85088], "rotation": 180, "texture": "#1"},
				"down": {"uv": [8.73245, 2.96053, 6.28362, 3.07018], "rotation": 180, "texture": "#1"}
			}
		},
		{
			"name": "penis",
			"from": [15.5, -9, 15],
			"to": [23.5, -8.5, 15.5],
			"rotation": {"angle": 0, "axis": "y", "origin": [19, -8.5, 15.5]},
			"faces": {
				"north": {"uv": [5.33333, 1.75439, 6.86842, 3.28947], "texture": "#1"},
				"east": {"uv": [5.33333, 1.75439, 6.97807, 3.28947], "texture": "#1"},
				"south": {"uv": [5.33333, 1.75439, 7.08772, 3.28947], "texture": "#1"},
				"west": {"uv": [5.33333, 1.75439, 6.75877, 3.28947], "texture": "#1"},
				"up": {"uv": [8.73245, 2.96053, 6.28362, 2.85088], "rotation": 270, "texture": "#1"},
				"down": {"uv": [8.73245, 2.96053, 6.28362, 3.07018], "rotation": 90, "texture": "#1"}
			}
		},
		{
			"name": "penis",
			"from": [23, -9, 6],
			"to": [23.5, -8.5, 15],
			"rotation": {"angle": 0, "axis": "y", "origin": [19, -8.5, 15.5]},
			"faces": {
				"north": {"uv": [5.33333, 1.75439, 6.97807, 3.28947], "texture": "#1"},
				"east": {"uv": [5.33333, 1.75439, 7.08772, 3.28947], "texture": "#1"},
				"south": {"uv": [5.33333, 1.75439, 6.75877, 3.28947], "texture": "#1"},
				"west": {"uv": [5.33333, 1.75439, 6.86842, 3.28947], "texture": "#1"},
				"up": {"uv": [8.73245, 2.96053, 6.28362, 2.85088], "rotation": 180, "texture": "#1"},
				"down": {"uv": [8.73245, 2.96053, 6.28362, 3.07018], "rotation": 180, "texture": "#1"}
			}
		},
		{
			"name": "penis",
			"from": [23, -8.5, 10],
			"to": [23.5, 1, 10.5],
			"rotation": {"angle": 0, "axis": "y", "origin": [23, -8.5, 10.5]},
			"faces": {
				"north": {"uv": [8.73245, 2.96053, 6.28362, 3.07018], "texture": "#1"},
				"east": {"uv": [5.33333, 1.75439, 7.08772, 3.28947], "rotation": 270, "texture": "#1"},
				"south": {"uv": [8.73245, 2.96053, 6.28362, 2.85088], "rotation": 180, "texture": "#1"},
				"west": {"uv": [5.33333, 1.75439, 6.86842, 3.28947], "rotation": 90, "texture": "#1"},
				"up": {"uv": [5.33333, 1.75439, 6.97807, 3.28947], "rotation": 180, "texture": "#1"},
				"down": {"uv": [5.33333, 1.75439, 6.75877, 3.28947], "texture": "#1"}
			}
		},
		{
			"name": "penis",
			"from": [23, -3, 1],
			"to": [23.5, -2.5, 10],
			"rotation": {"angle": 0, "axis": "y", "origin": [23, -3.5, 10.5]},
			"faces": {
				"north": {"uv": [5.33333, 1.75439, 6.97807, 3.28947], "texture": "#1"},
				"east": {"uv": [5.33333, 1.75439, 7.08772, 3.28947], "texture": "#1"},
				"south": {"uv": [5.33333, 1.75439, 6.75877, 3.28947], "texture": "#1"},
				"west": {"uv": [5.33333, 1.75439, 6.86842, 3.28947], "texture": "#1"},
				"up": {"uv": [8.73245, 2.96053, 6.28362, 2.85088], "rotation": 180, "texture": "#1"},
				"down": {"uv": [8.73245, 2.96053, 6.28362, 3.07018], "rotation": 180, "texture": "#1"}
			}
		},
		{
			"name": "penis",
			"from": [11.5, -9, 0],
			"to": [12, 0, 0.5],
			"rotation": {"angle": 0, "axis": "y", "origin": [23, -1.5, 5.5]},
			"faces": {
				"north": {"uv": [8.73245, 2.96053, 6.28362, 3.07018], "texture": "#1"},
				"east": {"uv": [5.33333, 1.75439, 7.08772, 3.28947], "rotation": 270, "texture": "#1"},
				"south": {"uv": [8.73245, 2.96053, 6.28362, 2.85088], "rotation": 180, "texture": "#1"},
				"west": {"uv": [5.33333, 1.75439, 6.86842, 3.28947], "rotation": 90, "texture": "#1"},
				"up": {"uv": [5.33333, 1.75439, 6.97807, 3.28947], "rotation": 180, "texture": "#1"},
				"down": {"uv": [5.33333, 1.75439, 6.75877, 3.28947], "texture": "#1"}
			}
		},
		{
			"name": "penis",
			"from": [16, 5.5, -9],
			"to": [25, 6, -8.5],
			"rotation": {"angle": 0, "axis": "y", "origin": [15.5, 5.5, -4.5]},
			"faces": {
				"north": {"uv": [5.33333, 1.75439, 6.86842, 3.28947], "rotation": 180, "texture": "#1"},
				"east": {"uv": [5.33333, 1.75439, 6.75877, 3.28947], "rotation": 180, "texture": "#1"},
				"south": {"uv": [5.33333, 1.75439, 7.08772, 3.28947], "rotation": 180, "texture": "#1"},
				"west": {"uv": [5.33333, 1.75439, 6.97807, 3.28947], "rotation": 180, "texture": "#1"},
				"up": {"uv": [8.73245, 2.96053, 6.28362, 3.07018], "rotation": 270, "texture": "#1"},
				"down": {"uv": [8.73245, 2.96053, 6.28362, 2.85088], "rotation": 90, "texture": "#1"}
			}
		},
		{
			"name": "penis",
			"from": [19.5, 10, -9],
			"to": [24.5, 10.5, -8.5],
			"rotation": {"angle": 0, "axis": "y", "origin": [15.5, 5.5, -4.5]},
			"faces": {
				"north": {"uv": [5.33333, 1.75439, 6.86842, 3.28947], "rotation": 180, "texture": "#1"},
				"east": {"uv": [5.33333, 1.75439, 6.75877, 3.28947], "rotation": 180, "texture": "#1"},
				"south": {"uv": [5.33333, 1.75439, 7.08772, 3.28947], "rotation": 180, "texture": "#1"},
				"west": {"uv": [5.33333, 1.75439, 6.97807, 3.28947], "rotation": 180, "texture": "#1"},
				"up": {"uv": [8.73245, 2.96053, 6.28362, 3.07018], "rotation": 270, "texture": "#1"},
				"down": {"uv": [8.73245, 2.96053, 6.28362, 2.85088], "rotation": 90, "texture": "#1"}
			}
		},
		{
			"name": "penis",
			"from": [24.5, 14.5, -8.5],
			"to": [25, 15, 1],
			"rotation": {"angle": 0, "axis": "y", "origin": [24.5, 10.5, -8.5]},
			"faces": {
				"north": {"uv": [5.33333, 1.75439, 6.97807, 3.28947], "rotation": 270, "texture": "#1"},
				"east": {"uv": [8.73245, 2.96053, 6.28362, 2.85088], "rotation": 270, "texture": "#1"},
				"south": {"uv": [5.33333, 1.75439, 6.75877, 3.28947], "rotation": 90, "texture": "#1"},
				"west": {"uv": [8.73245, 2.96053, 6.28362, 3.07018], "rotation": 270, "texture": "#1"},
				"up": {"uv": [5.33333, 1.75439, 6.86842, 3.28947], "rotation": 90, "texture": "#1"},
				"down": {"uv": [5.33333, 1.75439, 7.08772, 3.28947], "rotation": 90, "texture": "#1"}
			}
		},
		{
			"name": "penis",
			"from": [24.5, 5, 0.5],
			"to": [25, 14.5, 1],
			"rotation": {"angle": 0, "axis": "y", "origin": [24.5, 14.5, -3.5]},
			"faces": {
				"north": {"uv": [5.33333, 1.75439, 7.08772, 3.28947], "rotation": 270, "texture": "#1"},
				"east": {"uv": [8.73245, 2.96053, 6.28362, 2.85088], "rotation": 180, "texture": "#1"},
				"south": {"uv": [5.33333, 1.75439, 6.86842, 3.28947], "rotation": 90, "texture": "#1"},
				"west": {"uv": [8.73245, 2.96053, 6.28362, 3.07018], "texture": "#1"},
				"up": {"uv": [5.33333, 1.75439, 6.97807, 3.28947], "rotation": 90, "texture": "#1"},
				"down": {"uv": [5.33333, 1.75439, 6.75877, 3.28947], "rotation": 90, "texture": "#1"}
			}
		},
		{
			"name": "penis",
			"from": [24.5, 10, 1],
			"to": [25, 10.5, 10],
			"rotation": {"angle": 0, "axis": "y", "origin": [24.5, 9.5, 0.5]},
			"faces": {
				"north": {"uv": [5.33333, 1.75439, 6.75877, 3.28947], "rotation": 270, "texture": "#1"},
				"east": {"uv": [8.73245, 2.96053, 6.28362, 2.85088], "rotation": 90, "texture": "#1"},
				"south": {"uv": [5.33333, 1.75439, 6.97807, 3.28947], "rotation": 90, "texture": "#1"},
				"west": {"uv": [8.73245, 2.96053, 6.28362, 3.07018], "rotation": 90, "texture": "#1"},
				"up": {"uv": [5.33333, 1.75439, 7.08772, 3.28947], "rotation": 90, "texture": "#1"},
				"down": {"uv": [5.33333, 1.75439, 6.86842, 3.28947], "rotation": 90, "texture": "#1"}
			}
		},
		{
			"name": "penis",
			"from": [19.5, 10, 10],
			"to": [28.5, 10.5, 10.5],
			"rotation": {"angle": 0, "axis": "y", "origin": [24.5, 10.5, 5.5]},
			"faces": {
				"north": {"uv": [5.33333, 1.75439, 6.86842, 3.28947], "texture": "#1"},
				"east": {"uv": [5.33333, 1.75439, 6.97807, 3.28947], "texture": "#1"},
				"south": {"uv": [5.33333, 1.75439, 7.08772, 3.28947], "texture": "#1"},
				"west": {"uv": [5.33333, 1.75439, 6.75877, 3.28947], "texture": "#1"},
				"up": {"uv": [8.73245, 2.96053, 6.28362, 2.85088], "rotation": 270, "texture": "#1"},
				"down": {"uv": [8.73245, 2.96053, 6.28362, 3.07018], "rotation": 90, "texture": "#1"}
			}
		},
		{
			"name": "penis",
			"from": [16, 15.5, 7],
			"to": [25, 16, 7.5],
			"rotation": {"angle": 0, "axis": "y", "origin": [20.5, 15.5, 10.5]},
			"faces": {
				"north": {"uv": [5.33333, 1.75439, 6.86842, 3.28947], "texture": "#1"},
				"east": {"uv": [5.33333, 1.75439, 6.97807, 3.28947], "texture": "#1"},
				"south": {"uv": [5.33333, 1.75439, 7.08772, 3.28947], "texture": "#1"},
				"west": {"uv": [5.33333, 1.75439, 6.75877, 3.28947], "texture": "#1"},
				"up": {"uv": [8.73245, 2.96053, 6.28362, 2.85088], "rotation": 270, "texture": "#1"},
				"down": {"uv": [8.73245, 2.96053, 6.28362, 3.07018], "rotation": 90, "texture": "#1"}
			}
		},
		{
			"name": "penis",
			"from": [4.5, 16, 0],
			"to": [5, 25, 0.5],
			"rotation": {"angle": 0, "axis": "y", "origin": [4.5, 15.5, -4.5]},
			"faces": {
				"north": {"uv": [8.73245, 2.96053, 6.28362, 2.85088], "rotation": 180, "texture": "#1"},
				"east": {"uv": [5.33333, 1.75439, 6.86842, 3.28947], "rotation": 90, "texture": "#1"},
				"south": {"uv": [8.73245, 2.96053, 6.28362, 3.07018], "texture": "#1"},
				"west": {"uv": [5.33333, 1.75439, 7.08772, 3.28947], "rotation": 270, "texture": "#1"},
				"up": {"uv": [5.33333, 1.75439, 6.97807, 3.28947], "texture": "#1"},
				"down": {"uv": [5.33333, 1.75439, 6.75877, 3.28947], "rotation": 180, "texture": "#1"}
			}
		},
		{
			"name": "penis",
			"from": [4.5, 24.5, -9],
			"to": [5, 25, 0],
			"rotation": {"angle": 0, "axis": "y", "origin": [4.5, 20.5, 0.5]},
			"faces": {
				"north": {"uv": [5.33333, 1.75439, 6.97807, 3.28947], "rotation": 180, "texture": "#1"},
				"east": {"uv": [5.33333, 1.75439, 6.86842, 3.28947], "rotation": 180, "texture": "#1"},
				"south": {"uv": [5.33333, 1.75439, 6.75877, 3.28947], "rotation": 180, "texture": "#1"},
				"west": {"uv": [5.33333, 1.75439, 7.08772, 3.28947], "rotation": 180, "texture": "#1"},
				"up": {"uv": [8.73245, 2.96053, 6.28362, 3.07018], "texture": "#1"},
				"down": {"uv": [8.73245, 2.96053, 6.28362, 2.85088], "texture": "#1"}
			}
		},
		{
			"name": "penis",
			"from": [5, 24.5, -9],
			"to": [11, 25, -8.5],
			"rotation": {"angle": 0, "axis": "y", "origin": [4.5, 24.5, -4.5]},
			"faces": {
				"north": {"uv": [5.33333, 1.75439, 7.08772, 3.28947], "rotation": 180, "texture": "#1"},
				"east": {"uv": [5.33333, 1.75439, 6.97807, 3.28947], "rotation": 180, "texture": "#1"},
				"south": {"uv": [5.33333, 1.75439, 6.86842, 3.28947], "rotation": 180, "texture": "#1"},
				"west": {"uv": [5.33333, 1.75439, 6.75877, 3.28947], "rotation": 180, "texture": "#1"},
				"up": {"uv": [8.73245, 2.96053, 6.28362, 3.07018], "rotation": 90, "texture": "#1"},
				"down": {"uv": [8.73245, 2.96053, 6.28362, 2.85088], "rotation": 270, "texture": "#1"}
			}
		},
		{
			"name": "penis",
			"from": [11.5, 24.5, -4.5],
			"to": [17.5, 25, -4],
			"rotation": {"angle": 0, "axis": "y", "origin": [4.5, 24.5, -4.5]},
			"faces": {
				"north": {"uv": [5.33333, 1.75439, 7.08772, 3.28947], "rotation": 180, "texture": "#1"},
				"east": {"uv": [5.33333, 1.75439, 6.97807, 3.28947], "rotation": 180, "texture": "#1"},
				"south": {"uv": [5.33333, 1.75439, 6.86842, 3.28947], "rotation": 180, "texture": "#1"},
				"west": {"uv": [5.33333, 1.75439, 6.75877, 3.28947], "rotation": 180, "texture": "#1"},
				"up": {"uv": [8.73245, 2.96053, 6.28362, 3.07018], "rotation": 90, "texture": "#1"},
				"down": {"uv": [8.73245, 2.96053, 6.28362, 2.85088], "rotation": 270, "texture": "#1"}
			}
		},
		{
			"name": "penis",
			"from": [11, 24.5, -11],
			"to": [11.5, 25, -4],
			"rotation": {"angle": 0, "axis": "y", "origin": [9.5, 24.5, -8.5]},
			"faces": {
				"north": {"uv": [5.33333, 1.75439, 6.97807, 3.28947], "rotation": 180, "texture": "#1"},
				"east": {"uv": [5.33333, 1.75439, 6.86842, 3.28947], "rotation": 180, "texture": "#1"},
				"south": {"uv": [5.33333, 1.75439, 6.75877, 3.28947], "rotation": 180, "texture": "#1"},
				"west": {"uv": [5.33333, 1.75439, 7.08772, 3.28947], "rotation": 180, "texture": "#1"},
				"up": {"uv": [8.73245, 2.96053, 6.28362, 3.07018], "texture": "#1"},
				"down": {"uv": [8.73245, 2.96053, 6.28362, 2.85088], "texture": "#1"}
			}
		},
		{
			"name": "penis",
			"from": [25, 15.5, 7],
			"to": [25.5, 16, 16],
			"rotation": {"angle": 0, "axis": "y", "origin": [20.5, 15.5, 7.5]},
			"faces": {
				"north": {"uv": [5.33333, 1.75439, 6.75877, 3.28947], "texture": "#1"},
				"east": {"uv": [5.33333, 1.75439, 6.86842, 3.28947], "texture": "#1"},
				"south": {"uv": [5.33333, 1.75439, 6.97807, 3.28947], "texture": "#1"},
				"west": {"uv": [5.33333, 1.75439, 7.08772, 3.28947], "texture": "#1"},
				"up": {"uv": [8.73245, 2.96053, 6.28362, 2.85088], "texture": "#1"},
				"down": {"uv": [8.73245, 2.96053, 6.28362, 3.07018], "texture": "#1"}
			}
		},
		{
			"name": "penis",
			"from": [25, 16, 15.5],
			"to": [25.5, 25, 16],
			"rotation": {"angle": 0, "axis": "y", "origin": [25.5, 20.5, 15.5]},
			"faces": {
				"north": {"uv": [8.73245, 2.96053, 6.28362, 2.85088], "rotation": 180, "texture": "#1"},
				"east": {"uv": [5.33333, 1.75439, 6.86842, 3.28947], "rotation": 90, "texture": "#1"},
				"south": {"uv": [8.73245, 2.96053, 6.28362, 3.07018], "texture": "#1"},
				"west": {"uv": [5.33333, 1.75439, 7.08772, 3.28947], "rotation": 270, "texture": "#1"},
				"up": {"uv": [5.33333, 1.75439, 6.97807, 3.28947], "texture": "#1"},
				"down": {"uv": [5.33333, 1.75439, 6.75877, 3.28947], "rotation": 180, "texture": "#1"}
			}
		},
		{
			"name": "penis",
			"from": [16, 20, 15.5],
			"to": [25, 20.5, 16],
			"rotation": {"angle": 0, "axis": "y", "origin": [25.5, 20.5, 15.5]},
			"faces": {
				"north": {"uv": [8.73245, 2.96053, 6.28362, 2.85088], "rotation": 90, "texture": "#1"},
				"east": {"uv": [5.33333, 1.75439, 6.97807, 3.28947], "rotation": 90, "texture": "#1"},
				"south": {"uv": [8.73245, 2.96053, 6.28362, 3.07018], "rotation": 90, "texture": "#1"},
				"west": {"uv": [5.33333, 1.75439, 6.75877, 3.28947], "rotation": 270, "texture": "#1"},
				"up": {"uv": [5.33333, 1.75439, 7.08772, 3.28947], "texture": "#1"},
				"down": {"uv": [5.33333, 1.75439, 6.86842, 3.28947], "rotation": 180, "texture": "#1"}
			}
		},
		{
			"name": "penis",
			"from": [16, 20, 6],
			"to": [16.5, 20.5, 15.5],
			"rotation": {"angle": 0, "axis": "y", "origin": [20.5, 20.5, 15.5]},
			"faces": {
				"north": {"uv": [5.33333, 1.75439, 6.75877, 3.28947], "rotation": 270, "texture": "#1"},
				"east": {"uv": [8.73245, 2.96053, 6.28362, 2.85088], "rotation": 90, "texture": "#1"},
				"south": {"uv": [5.33333, 1.75439, 6.97807, 3.28947], "rotation": 90, "texture": "#1"},
				"west": {"uv": [8.73245, 2.96053, 6.28362, 3.07018], "rotation": 90, "texture": "#1"},
				"up": {"uv": [5.33333, 1.75439, 7.08772, 3.28947], "rotation": 90, "texture": "#1"},
				"down": {"uv": [5.33333, 1.75439, 6.86842, 3.28947], "rotation": 90, "texture": "#1"}
			}
		},
		{
			"name": "penis",
			"from": [13, 20, 5.5],
			"to": [22, 20.5, 6],
			"rotation": {"angle": 0, "axis": "y", "origin": [16.5, 20.5, 10.5]},
			"faces": {
				"north": {"uv": [8.73245, 2.96053, 6.28362, 3.07018], "rotation": 90, "texture": "#1"},
				"east": {"uv": [5.33333, 1.75439, 6.75877, 3.28947], "rotation": 270, "texture": "#1"},
				"south": {"uv": [8.73245, 2.96053, 6.28362, 2.85088], "rotation": 90, "texture": "#1"},
				"west": {"uv": [5.33333, 1.75439, 6.97807, 3.28947], "rotation": 90, "texture": "#1"},
				"up": {"uv": [5.33333, 1.75439, 7.08772, 3.28947], "rotation": 180, "texture": "#1"},
				"down": {"uv": [5.33333, 1.75439, 6.86842, 3.28947], "texture": "#1"}
			}
		},
		{
			"name": "penis",
			"from": [25, 5, 0.5],
			"to": [32, 5.5, 1],
			"rotation": {"angle": 0, "axis": "y", "origin": [24.5, 9.5, 0.5]},
			"faces": {
				"north": {"uv": [5.33333, 1.75439, 7.08772, 3.28947], "texture": "#1"},
				"east": {"uv": [5.33333, 1.75439, 6.75877, 3.28947], "texture": "#1"},
				"south": {"uv": [5.33333, 1.75439, 6.86842, 3.28947], "texture": "#1"},
				"west": {"uv": [5.33333, 1.75439, 6.97807, 3.28947], "texture": "#1"},
				"up": {"uv": [8.73245, 2.96053, 6.28362, 2.85088], "rotation": 90, "texture": "#1"},
				"down": {"uv": [8.73245, 2.96053, 6.28362, 3.07018], "rotation": 270, "texture": "#1"}
			}
		},
		{
			"name": "penis",
			"from": [24.5, 6, -9],
			"to": [25, 15, -8.5],
			"rotation": {"angle": 0, "axis": "y", "origin": [24.5, 10.5, -8.5]},
			"faces": {
				"north": {"uv": [5.33333, 1.75439, 6.86842, 3.28947], "rotation": 270, "texture": "#1"},
				"east": {"uv": [8.73245, 2.96053, 6.28362, 2.85088], "texture": "#1"},
				"south": {"uv": [5.33333, 1.75439, 7.08772, 3.28947], "rotation": 90, "texture": "#1"},
				"west": {"uv": [8.73245, 2.96053, 6.28362, 3.07018], "rotation": 180, "texture": "#1"},
				"up": {"uv": [5.33333, 1.75439, 6.75877, 3.28947], "rotation": 90, "texture": "#1"},
				"down": {"uv": [5.33333, 1.75439, 6.97807, 3.28947], "rotation": 90, "texture": "#1"}
			}
		},
		{
			"name": "penis",
			"from": [15.5, 5.5, -9],
			"to": [16, 6, 0],
			"rotation": {"angle": 0, "axis": "y", "origin": [12, -4.5, 0.5]},
			"faces": {
				"north": {"uv": [5.33333, 1.75439, 6.75877, 3.28947], "rotation": 180, "texture": "#1"},
				"east": {"uv": [5.33333, 1.75439, 7.08772, 3.28947], "rotation": 180, "texture": "#1"},
				"south": {"uv": [5.33333, 1.75439, 6.97807, 3.28947], "rotation": 180, "texture": "#1"},
				"west": {"uv": [5.33333, 1.75439, 6.86842, 3.28947], "rotation": 180, "texture": "#1"},
				"up": {"uv": [8.73245, 2.96053, 6.28362, 3.07018], "rotation": 180, "texture": "#1"},
				"down": {"uv": [8.73245, 2.96053, 6.28362, 2.85088], "rotation": 180, "texture": "#1"}
			}
		},
		{
			"name": "penis",
			"from": [2.5, -9, 0],
			"to": [11.5, -8.5, 0.5],
			"rotation": {"angle": 0, "axis": "y", "origin": [12, -4.5, 0.5]},
			"faces": {
				"north": {"uv": [8.73245, 2.96053, 6.28362, 3.07018], "rotation": 270, "texture": "#1"},
				"east": {"uv": [5.33333, 1.75439, 6.97807, 3.28947], "rotation": 270, "texture": "#1"},
				"south": {"uv": [8.73245, 2.96053, 6.28362, 2.85088], "rotation": 270, "texture": "#1"},
				"west": {"uv": [5.33333, 1.75439, 6.75877, 3.28947], "rotation": 90, "texture": "#1"},
				"up": {"uv": [5.33333, 1.75439, 6.86842, 3.28947], "rotation": 180, "texture": "#1"},
				"down": {"uv": [5.33333, 1.75439, 7.08772, 3.28947], "texture": "#1"}
			}
		},
		{
			"name": "penis",
			"from": [7.5, -16, 0],
			"to": [16.5, -15.5, 0.5],
			"rotation": {"angle": 0, "axis": "y", "origin": [12, -4.5, 0.5]},
			"faces": {
				"north": {"uv": [8.73245, 2.96053, 6.28362, 3.07018], "rotation": 270, "texture": "#1"},
				"east": {"uv": [5.33333, 1.75439, 6.97807, 3.28947], "rotation": 270, "texture": "#1"},
				"south": {"uv": [8.73245, 2.96053, 6.28362, 2.85088], "rotation": 270, "texture": "#1"},
				"west": {"uv": [5.33333, 1.75439, 6.75877, 3.28947], "rotation": 90, "texture": "#1"},
				"up": {"uv": [5.33333, 1.75439, 6.86842, 3.28947], "rotation": 180, "texture": "#1"},
				"down": {"uv": [5.33333, 1.75439, 7.08772, 3.28947], "texture": "#1"}
			}
		},
		{
			"name": "penis",
			"from": [16, -16, 0.5],
			"to": [16.5, -15.5, 10],
			"rotation": {"angle": 0, "axis": "y", "origin": [12, -15.5, 0.5]},
			"faces": {
				"north": {"uv": [5.33333, 1.75439, 6.75877, 3.28947], "rotation": 90, "texture": "#1"},
				"east": {"uv": [8.73245, 2.96053, 6.28362, 3.07018], "rotation": 270, "texture": "#1"},
				"south": {"uv": [5.33333, 1.75439, 6.97807, 3.28947], "rotation": 270, "texture": "#1"},
				"west": {"uv": [8.73245, 2.96053, 6.28362, 2.85088], "rotation": 270, "texture": "#1"},
				"up": {"uv": [5.33333, 1.75439, 6.86842, 3.28947], "rotation": 270, "texture": "#1"},
				"down": {"uv": [5.33333, 1.75439, 7.08772, 3.28947], "rotation": 270, "texture": "#1"}
			}
		},
		{
			"name": "penis",
			"from": [9.5, -16, 9.5],
			"to": [16, -15.5, 10],
			"rotation": {"angle": 0, "axis": "y", "origin": [16, -15.5, 5.5]},
			"faces": {
				"north": {"uv": [8.73245, 2.96053, 6.28362, 2.85088], "rotation": 270, "texture": "#1"},
				"east": {"uv": [5.33333, 1.75439, 6.75877, 3.28947], "rotation": 90, "texture": "#1"},
				"south": {"uv": [8.73245, 2.96053, 6.28362, 3.07018], "rotation": 270, "texture": "#1"},
				"west": {"uv": [5.33333, 1.75439, 6.97807, 3.28947], "rotation": 270, "texture": "#1"},
				"up": {"uv": [5.33333, 1.75439, 6.86842, 3.28947], "texture": "#1"},
				"down": {"uv": [5.33333, 1.75439, 7.08772, 3.28947], "rotation": 180, "texture": "#1"}
			}
		},
		{
			"name": "penis",
			"from": [7, -16, 0],
			"to": [7.5, -9, 0.5],
			"rotation": {"angle": 0, "axis": "y", "origin": [7, -8.5, 0.5]},
			"faces": {
				"north": {"uv": [8.73245, 2.96053, 6.28362, 3.07018], "rotation": 180, "texture": "#1"},
				"east": {"uv": [5.33333, 1.75439, 6.86842, 3.28947], "rotation": 270, "texture": "#1"},
				"south": {"uv": [8.73245, 2.96053, 6.28362, 2.85088], "texture": "#1"},
				"west": {"uv": [5.33333, 1.75439, 7.08772, 3.28947], "rotation": 90, "texture": "#1"},
				"up": {"uv": [5.33333, 1.75439, 6.75877, 3.28947], "rotation": 180, "texture": "#1"},
				"down": {"uv": [5.33333, 1.75439, 6.97807, 3.28947], "texture": "#1"}
			}
		},
		{
			"name": "penis",
			"from": [2.5, -9, -9],
			"to": [3, -8.5, 0],
			"rotation": {"angle": 0, "axis": "y", "origin": [3, -8.5, -4.5]},
			"faces": {
				"north": {"uv": [5.33333, 1.75439, 6.75877, 3.28947], "rotation": 90, "texture": "#1"},
				"east": {"uv": [8.73245, 2.96053, 6.28362, 3.07018], "rotation": 270, "texture": "#1"},
				"south": {"uv": [5.33333, 1.75439, 6.97807, 3.28947], "rotation": 270, "texture": "#1"},
				"west": {"uv": [8.73245, 2.96053, 6.28362, 2.85088], "rotation": 270, "texture": "#1"},
				"up": {"uv": [5.33333, 1.75439, 6.86842, 3.28947], "rotation": 270, "texture": "#1"},
				"down": {"uv": [5.33333, 1.75439, 7.08772, 3.28947], "rotation": 270, "texture": "#1"}
			}
		},
		{
			"name": "penis",
			"from": [2.5, -8.5, -7],
			"to": [3, 1, -6.5],
			"rotation": {"angle": 0, "axis": "y", "origin": [3, -8.5, -4.5]},
			"faces": {
				"north": {"uv": [5.33333, 1.75439, 7.08772, 3.28947], "rotation": 90, "texture": "#1"},
				"east": {"uv": [8.73245, 2.96053, 6.28362, 3.07018], "rotation": 180, "texture": "#1"},
				"south": {"uv": [5.33333, 1.75439, 6.86842, 3.28947], "rotation": 270, "texture": "#1"},
				"west": {"uv": [8.73245, 2.96053, 6.28362, 2.85088], "texture": "#1"},
				"up": {"uv": [5.33333, 1.75439, 6.75877, 3.28947], "rotation": 270, "texture": "#1"},
				"down": {"uv": [5.33333, 1.75439, 6.97807, 3.28947], "rotation": 270, "texture": "#1"}
			}
		},
		{
			"name": "penis",
			"from": [-6.5, 0.5, -7],
			"to": [2.5, 1, -6.5],
			"rotation": {"angle": 0, "axis": "y", "origin": [3, -3.5, -6.5]},
			"faces": {
				"north": {"uv": [5.33333, 1.75439, 7.08772, 3.28947], "rotation": 180, "texture": "#1"},
				"east": {"uv": [5.33333, 1.75439, 6.97807, 3.28947], "rotation": 180, "texture": "#1"},
				"south": {"uv": [5.33333, 1.75439, 6.86842, 3.28947], "rotation": 180, "texture": "#1"},
				"west": {"uv": [5.33333, 1.75439, 6.75877, 3.28947], "rotation": 180, "texture": "#1"},
				"up": {"uv": [8.73245, 2.96053, 6.28362, 3.07018], "rotation": 90, "texture": "#1"},
				"down": {"uv": [8.73245, 2.96053, 6.28362, 2.85088], "rotation": 270, "texture": "#1"}
			}
		},
		{
			"name": "penis",
			"from": [-6.5, 0.5, -16],
			"to": [-6, 1, -7],
			"rotation": {"angle": 0, "axis": "y", "origin": [-2, 0.5, -6.5]},
			"faces": {
				"north": {"uv": [5.33333, 1.75439, 6.75877, 3.28947], "rotation": 90, "texture": "#1"},
				"east": {"uv": [8.73245, 2.96053, 6.28362, 3.07018], "rotation": 270, "texture": "#1"},
				"south": {"uv": [5.33333, 1.75439, 6.97807, 3.28947], "rotation": 270, "texture": "#1"},
				"west": {"uv": [8.73245, 2.96053, 6.28362, 2.85088], "rotation": 270, "texture": "#1"},
				"up": {"uv": [5.33333, 1.75439, 6.86842, 3.28947], "rotation": 270, "texture": "#1"},
				"down": {"uv": [5.33333, 1.75439, 7.08772, 3.28947], "rotation": 270, "texture": "#1"}
			}
		},
		{
			"name": "penis",
			"from": [-6, 0.5, -16],
			"to": [3.5, 1, -15.5],
			"rotation": {"angle": 0, "axis": "y", "origin": [-6, 0.5, -11.5]},
			"faces": {
				"north": {"uv": [8.73245, 2.96053, 6.28362, 3.07018], "rotation": 270, "texture": "#1"},
				"east": {"uv": [5.33333, 1.75439, 6.97807, 3.28947], "rotation": 270, "texture": "#1"},
				"south": {"uv": [8.73245, 2.96053, 6.28362, 2.85088], "rotation": 270, "texture": "#1"},
				"west": {"uv": [5.33333, 1.75439, 6.75877, 3.28947], "rotation": 90, "texture": "#1"},
				"up": {"uv": [5.33333, 1.75439, 6.86842, 3.28947], "rotation": 180, "texture": "#1"},
				"down": {"uv": [5.33333, 1.75439, 7.08772, 3.28947], "texture": "#1"}
			}
		},
		{
			"name": "penis",
			"from": [3, 1, -16],
			"to": [3.5, 10, -15.5],
			"rotation": {"angle": 0, "axis": "y", "origin": [-1, 0.5, -15.5]},
			"faces": {
				"north": {"uv": [8.73245, 2.96053, 6.28362, 3.07018], "texture": "#1"},
				"east": {"uv": [5.33333, 1.75439, 7.08772, 3.28947], "rotation": 270, "texture": "#1"},
				"south": {"uv": [8.73245, 2.96053, 6.28362, 2.85088], "rotation": 180, "texture": "#1"},
				"west": {"uv": [5.33333, 1.75439, 6.86842, 3.28947], "rotation": 90, "texture": "#1"},
				"up": {"uv": [5.33333, 1.75439, 6.97807, 3.28947], "rotation": 180, "texture": "#1"},
				"down": {"uv": [5.33333, 1.75439, 6.75877, 3.28947], "texture": "#1"}
			}
		},
		{
			"name": "penis",
			"from": [8, 9, -15],
			"to": [8.5, 9.5, -6],
			"rotation": {"angle": 0, "axis": "y", "origin": [8, 9.5, -10.5]},
			"faces": {
				"north": {"uv": [5.33333, 1.75439, 6.97807, 3.28947], "rotation": 270, "texture": "#1"},
				"east": {"uv": [8.73245, 2.96053, 6.28362, 2.85088], "rotation": 270, "texture": "#1"},
				"south": {"uv": [5.33333, 1.75439, 6.75877, 3.28947], "rotation": 90, "texture": "#1"},
				"west": {"uv": [8.73245, 2.96053, 6.28362, 3.07018], "rotation": 270, "texture": "#1"},
				"up": {"uv": [5.33333, 1.75439, 6.86842, 3.28947], "rotation": 90, "texture": "#1"},
				"down": {"uv": [5.33333, 1.75439, 7.08772, 3.28947], "rotation": 90, "texture": "#1"}
			}
		},
		{
			"name": "penis",
			"from": [3.5, 9.5, -16],
			"to": [12.5, 10, -15.5],
			"rotation": {"angle": 0, "axis": "y", "origin": [3, 5.5, -15.5]},
			"faces": {
				"north": {"uv": [8.73245, 2.96053, 6.28362, 3.07018], "rotation": 270, "texture": "#1"},
				"east": {"uv": [5.33333, 1.75439, 6.97807, 3.28947], "rotation": 270, "texture": "#1"},
				"south": {"uv": [8.73245, 2.96053, 6.28362, 2.85088], "rotation": 270, "texture": "#1"},
				"west": {"uv": [5.33333, 1.75439, 6.75877, 3.28947], "rotation": 90, "texture": "#1"},
				"up": {"uv": [5.33333, 1.75439, 6.86842, 3.28947], "rotation": 180, "texture": "#1"},
				"down": {"uv": [5.33333, 1.75439, 7.08772, 3.28947], "texture": "#1"}
			}
		},
		{
			"name": "penis",
			"from": [15, -16, 20],
			"to": [15.5, -9, 20.5],
			"rotation": {"angle": 0, "axis": "y", "origin": [23, -1.5, 14.5]},
			"faces": {
				"north": {"uv": [8.73245, 2.96053, 6.28362, 3.07018], "texture": "#1"},
				"east": {"uv": [5.33333, 1.75439, 7.08772, 3.28947], "rotation": 270, "texture": "#1"},
				"south": {"uv": [8.73245, 2.96053, 6.28362, 2.85088], "rotation": 180, "texture": "#1"},
				"west": {"uv": [5.33333, 1.75439, 6.86842, 3.28947], "rotation": 90, "texture": "#1"},
				"up": {"uv": [5.33333, 1.75439, 6.97807, 3.28947], "rotation": 180, "texture": "#1"},
				"down": {"uv": [5.33333, 1.75439, 6.75877, 3.28947], "texture": "#1"}
			}
		},
		{
			"name": "penis",
			"from": [6, -4, 25],
			"to": [6.5, -3.5, 32],
			"rotation": {"angle": 0, "axis": "y", "origin": [11, -8.5, 24.5]},
			"faces": {
				"north": {"uv": [5.33333, 1.75439, 6.75877, 3.28947], "texture": "#1"},
				"east": {"uv": [5.33333, 1.75439, 6.86842, 3.28947], "texture": "#1"},
				"south": {"uv": [5.33333, 1.75439, 6.97807, 3.28947], "texture": "#1"},
				"west": {"uv": [5.33333, 1.75439, 7.08772, 3.28947], "texture": "#1"},
				"up": {"uv": [8.73245, 2.96053, 6.28362, 2.85088], "texture": "#1"},
				"down": {"uv": [8.73245, 2.96053, 6.28362, 3.07018], "texture": "#1"}
			}
		},
		{
			"name": "penis",
			"from": [15, -13, 31.5],
			"to": [15.5, -4, 32],
			"rotation": {"angle": 0, "axis": "y", "origin": [15, -3.5, 26.5]},
			"faces": {
				"north": {"uv": [8.73245, 2.96053, 6.28362, 2.85088], "rotation": 180, "texture": "#1"},
				"east": {"uv": [5.33333, 1.75439, 6.86842, 3.28947], "rotation": 90, "texture": "#1"},
				"south": {"uv": [8.73245, 2.96053, 6.28362, 3.07018], "texture": "#1"},
				"west": {"uv": [5.33333, 1.75439, 7.08772, 3.28947], "rotation": 270, "texture": "#1"},
				"up": {"uv": [5.33333, 1.75439, 6.97807, 3.28947], "texture": "#1"},
				"down": {"uv": [5.33333, 1.75439, 6.75877, 3.28947], "rotation": 180, "texture": "#1"}
			}
		},
		{
			"name": "penis",
			"from": [-7, 5.5, 0],
			"to": [-6.5, 12.5, 0.5],
			"rotation": {"angle": 0, "axis": "y", "origin": [-6.5, 8.5, 0.5]},
			"faces": {
				"north": {"uv": [5.33333, 1.75439, 6.75877, 3.28947], "texture": "#1"},
				"east": {"uv": [5.33333, 1.75439, 6.86842, 3.28947], "texture": "#1"},
				"south": {"uv": [5.33333, 1.75439, 6.97807, 3.28947], "texture": "#1"},
				"west": {"uv": [5.33333, 1.75439, 7.08772, 3.28947], "texture": "#1"},
				"up": {"uv": [8.73245, 2.96053, 6.28362, 2.85088], "texture": "#1"},
				"down": {"uv": [8.73245, 2.96053, 6.28362, 3.07018], "texture": "#1"}
			}
		},
		{
			"name": "penis",
			"from": [0, 0, 0],
			"to": [1, 1, 1],
			"faces": {
				"north": {"uv": [5.33333, 0, 5.44298, 0.10965], "texture": "#1"},
				"east": {"uv": [5.33333, 0, 5.44298, 0.10965], "texture": "#1"},
				"south": {"uv": [5.33333, 0, 5.44298, 0.10965], "texture": "#1"},
				"west": {"uv": [5.33333, 0, 5.44298, 0.10965], "texture": "#1"},
				"up": {"uv": [5.33333, 0, 5.44298, 0.10965], "texture": "#1"},
				"down": {"uv": [5.33333, 0, 5.44298, 0.10965], "texture": "#1"}
			}
		}
	],
	"display": {
		"thirdperson_righthand": {
			"rotation": [169.75, 0, 0],
			"translation": [-7.25, -5.25, 0],
			"scale": [0.32, 0.32, 0.32]
		},
		"gui": {
			"rotation": [0, -86, 0]
		},
		"fixed": {
			"scale": [1.25, 1.25, 1.25]
		}
	},
	"groups": [
		{
			"name": "outer",
			"origin": [8, 0.5, 8],
			"color": 0,
			"nbt": "{}",
			"children": [0, 1, 2, 3, 4, 5, 6, 7, 8, 9, 10, 11]
		},
		{
			"name": "inner",
			"origin": [8, 0.5, 8],
			"color": 0,
			"nbt": "{}",
			"children": [12, 13, 14, 15, 16, 17, 18, 19, 20, 21, 22, 23]
		},
		24,
		25,
		26,
		27,
		28,
		29,
		30,
		31,
		32,
		33,
		34,
		35,
		36,
		37,
		38,
		39,
		40,
		41,
		42,
		43,
		44,
		45,
		46,
		47,
		48,
		49,
		50,
		51,
		52,
		53,
		54,
		55,
		56,
		57,
		58,
		59,
		60,
		61,
		62,
		63,
		64,
		65,
		66,
		67,
		68,
		69,
		70,
		71,
		72,
		73,
		74,
		75,
		76,
		77,
		78,
		79,
		80,
		81,
		82,
		83,
		84,
		85,
		86,
		87,
		88,
		89
	]
}