{
	"credit": "Made with Blockbench",
	"texture_size": [32, 32],
	"textures": {
		"0": "minecraft:item/ora",
		"particle": "minecraft:item/ora"
	},
	"elements": [
		{
			"from": [4.5, -2.68364, 6],
			"to": [10.5, 1.31636, 17],
			"rotation": {"angle": 0, "axis": "y", "origin": [7.25, 4.65818, 4.5]},
			"faces": {
				"north": {"uv": [6, 3, 9, 5], "texture": "#0"},
				"east": {"uv": [0, 5.5, 5.5, 7.5], "texture": "#0"},
				"south": {"uv": [3, 7.5, 6, 9.5], "texture": "#0"},
				"west": {"uv": [5.5, 5.5, 11, 7.5], "texture": "#0"},
				"up": {"uv": [3, 5.5, 0, 0], "texture": "#0"},
				"down": {"uv": [6, 0, 3, 5.5], "texture": "#0"}
			}
		},
		{
			"from": [4.5, -2.68364, 0.5],
			"to": [10.5, 1.56636, 6],
			"rotation": {"angle": 0, "axis": "y", "origin": [7.25, 4.65818, 4.5]},
			"faces": {
				"north": {"uv": [6, 7.5, 9, 9.5], "texture": "#0"},
				"east": {"uv": [9, 0, 12, 2], "texture": "#0"},
				"south": {"uv": [9, 2, 12, 4], "texture": "#0"},
				"west": {"uv": [9, 7.5, 12, 9.5], "texture": "#0"},
				"up": {"uv": [9, 3, 6, 0], "texture": "#0"},
				"down": {"uv": [3, 7.5, 0, 10.5], "texture": "#0"}
			}
		},
		{
			"from": [10.5, -2.07314, 2.01455],
			"to": [12.5, -0.07314, 6.01455],
			"rotation": {"angle": 0, "axis": "y", "origin": [7.25, 4.65818, 4.5]},
			"faces": {
				"north": {"uv": [12.5, 12, 13.5, 13], "texture": "#0"},
				"east": {"uv": [9, 4, 11, 5], "texture": "#0"},
				"south": {"uv": [0, 13, 1, 14], "texture": "#0"},
				"west": {"uv": [11, 6.5, 13, 7.5], "texture": "#0"},
				"up": {"uv": [5, 14, 4, 12], "texture": "#0"},
				"down": {"uv": [6, 12, 5, 14], "texture": "#0"}
			}
		},
		{
			"from": [12.15266, -0.9944, 0.15659],
			"to": [14.15266, 1.0056, 4.15659],
			"rotation": {"angle": 0, "axis": "y", "origin": [7.25, 4.65818, 4.5]},
			"faces": {
				"north": {"uv": [13, 0, 14, 1], "texture": "#0"},
				"east": {"uv": [12, 5, 14, 6], "texture": "#0"},
				"south": {"uv": [1, 13, 2, 14], "texture": "#0"},
				"west": {"uv": [6, 12, 8, 13], "texture": "#0"},
				"up": {"uv": [13, 9.5, 12, 7.5], "texture": "#0"},
				"down": {"uv": [9, 12, 8, 14], "texture": "#0"}
			}
		},
		{
			"from": [9.5, -2.68364, -1],
			"to": [11, 2.06636, 0],
			"rotation": {"angle": 0, "axis": "y", "origin": [7.25, 4.65818, 4.5]},
			"faces": {
				"north": {"uv": [3, 9.5, 4, 12], "texture": "#0"},
				"east": {"uv": [9, 12, 9.5, 14.5], "texture": "#0"},
				"south": {"uv": [4, 9.5, 5, 12], "texture": "#0"},
				"west": {"uv": [9.5, 12, 10, 14.5], "texture": "#0"},
				"up": {"uv": [14, 1.5, 13, 1], "texture": "#0"},
				"down": {"uv": [14, 1.5, 13, 2], "texture": "#0"}
			}
		},
		{
			"from": [7.75, -2.68364, -1],
			"to": [9.25, 2.06636, 0],
			"rotation": {"angle": 0, "axis": "y", "origin": [7.25, 4.65818, 4.5]},
			"faces": {
				"north": {"uv": [5, 9.5, 6, 12], "texture": "#0"},
				"east": {"uv": [12, 9.5, 12.5, 12], "texture": "#0"},
				"south": {"uv": [6, 9.5, 7, 12], "texture": "#0"},
				"west": {"uv": [10, 12, 10.5, 14.5], "texture": "#0"},
				"up": {"uv": [3, 13.5, 2, 13], "texture": "#0"},
				"down": {"uv": [14, 2, 13, 2.5], "texture": "#0"}
			}
		},
		{
			"from": [6, -2.68364, -1],
			"to": [7.5, 2.06636, 0],
			"rotation": {"angle": 0, "axis": "y", "origin": [7.25, 4.65818, 4.5]},
			"faces": {
				"north": {"uv": [7, 9.5, 8, 12], "texture": "#0"},
				"east": {"uv": [10.5, 12, 11, 14.5], "texture": "#0"},
				"south": {"uv": [8, 9.5, 9, 12], "texture": "#0"},
				"west": {"uv": [11, 12, 11.5, 14.5], "texture": "#0"},
				"up": {"uv": [14, 3, 13, 2.5], "texture": "#0"},
				"down": {"uv": [14, 3, 13, 3.5], "texture": "#0"}
			}
		},
		{
			"from": [4.25, -2.68364, -1],
			"to": [5.75, 2.06636, 0],
			"rotation": {"angle": 0, "axis": "y", "origin": [7.25, 4.65818, 4.5]},
			"faces": {
				"north": {"uv": [9, 9.5, 10, 12], "texture": "#0"},
				"east": {"uv": [11.5, 12, 12, 14.5], "texture": "#0"},
				"south": {"uv": [10, 9.5, 11, 12], "texture": "#0"},
				"west": {"uv": [12, 12, 12.5, 14.5], "texture": "#0"},
				"up": {"uv": [14, 4, 13, 3.5], "texture": "#0"},
				"down": {"uv": [14, 4, 13, 4.5], "texture": "#0"}
			}
		},
		{
			"from": [9.5, -3.18925, -0.46158],
			"to": [11, -2.18925, 4.28842],
			"rotation": {"angle": 0, "axis": "y", "origin": [7.25, 4.65818, 4.5]},
			"faces": {
				"north": {"uv": [13, 8, 14, 8.5], "texture": "#0"},
				"east": {"uv": [12.5, 11, 15, 11.5], "texture": "#0"},
				"south": {"uv": [13, 8.5, 14, 9], "texture": "#0"},
				"west": {"uv": [12.5, 11.5, 15, 12], "texture": "#0"},
				"up": {"uv": [13, 5, 12, 2.5], "texture": "#0"},
				"down": {"uv": [4, 12, 3, 14.5], "texture": "#0"}
			}
		},
		{
			"from": [7.75, -3.18925, -0.46158],
			"to": [9.25, -2.18925, 4.28842],
			"rotation": {"angle": 0, "axis": "y", "origin": [7.25, 4.65818, 4.5]},
			"faces": {
				"north": {"uv": [13, 7, 14, 7.5], "texture": "#0"},
				"east": {"uv": [12.5, 10, 15, 10.5], "texture": "#0"},
				"south": {"uv": [13, 7.5, 14, 8], "texture": "#0"},
				"west": {"uv": [12.5, 10.5, 15, 11], "texture": "#0"},
				"up": {"uv": [12, 12, 11, 9.5], "texture": "#0"},
				"down": {"uv": [13, 0, 12, 2.5], "texture": "#0"}
			}
		},
		{
			"from": [6, -3.18925, -0.46158],
			"to": [7.5, -2.18925, 4.28842],
			"rotation": {"angle": 0, "axis": "y", "origin": [7.25, 4.65818, 4.5]},
			"faces": {
				"north": {"uv": [13, 6.5, 14, 7], "texture": "#0"},
				"east": {"uv": [12, 6, 14.5, 6.5], "texture": "#0"},
				"south": {"uv": [7, 13, 8, 13.5], "texture": "#0"},
				"west": {"uv": [12.5, 9.5, 15, 10], "texture": "#0"},
				"up": {"uv": [3, 13, 2, 10.5], "texture": "#0"},
				"down": {"uv": [12, 4, 11, 6.5], "texture": "#0"}
			}
		},
		{
			"from": [4.25, -3.18925, -0.46158],
			"to": [5.75, -2.18925, 4.28842],
			"rotation": {"angle": 0, "axis": "y", "origin": [7.25, 4.65818, 4.5]},
			"faces": {
				"north": {"uv": [13, 4.5, 14, 5], "texture": "#0"},
				"east": {"uv": [6, 5, 8.5, 5.5], "texture": "#0"},
				"south": {"uv": [6, 13, 7, 13.5], "texture": "#0"},
				"west": {"uv": [8.5, 5, 11, 5.5], "texture": "#0"},
				"up": {"uv": [1, 13, 0, 10.5], "texture": "#0"},
				"down": {"uv": [2, 10.5, 1, 13], "texture": "#0"}
			}
		}
	]
}