{
	"textures": {
		"0": "minecraft:item/otchim",
		"particle": "minecraft:item/otchim"
	},
	"elements": [
		{
			"from": [10, -16, 6],
			"to": [13, -2, 10],
			"rotation": {"angle": 0, "axis": "y", "origin": [0, -16, 0]},
			"faces": {
				"north": {"uv": [0, 0, 3, 14], "texture": "#0"},
				"east": {"uv": [0, 0, 4, 14], "texture": "#0"},
				"south": {"uv": [0, 0, 3, 14], "texture": "#0"},
				"west": {"uv": [0, 0, 4, 14], "texture": "#0"},
				"up": {"uv": [0, 0, 3, 4], "texture": "#0"},
				"down": {"uv": [0, 0, 3, 4], "texture": "#0"}
			}
		},
		{
			"from": [2, -2, 0],
			"to": [14, 6, 11],
			"rotation": {"angle": 0, "axis": "y", "origin": [0, -16, 0]},
			"faces": {
				"north": {"uv": [0, 0, 12, 8], "texture": "#0"},
				"east": {"uv": [0, 0, 11, 8], "texture": "#0"},
				"south": {"uv": [0, 0, 12, 8], "texture": "#0"},
				"west": {"uv": [0, 0, 11, 8], "texture": "#0"},
				"up": {"uv": [0, 0, 12, 11], "texture": "#0"},
				"down": {"uv": [0, 0, 12, 11], "texture": "#0"}
			}
		},
		{
			"from": [2.5, -1, 11],
			"to": [7.5, 3, 13],
			"rotation": {"angle": 0, "axis": "y", "origin": [0, -16, 0]},
			"faces": {
				"north": {"uv": [11, 1, 16, 5], "texture": "#0"},
				"east": {"uv": [11, 1, 16, 5], "texture": "#0"},
				"south": {"uv": [11, 1, 16, 5], "texture": "#0"},
				"west": {"uv": [11, 1, 16, 5], "texture": "#0"},
				"up": {"uv": [11, 1, 16, 5], "texture": "#0"},
				"down": {"uv": [11, 1, 16, 5], "texture": "#0"}
			}
		},
		{
			"from": [8.5, -1, 11],
			"to": [13.5, 3, 13],
			"rotation": {"angle": 0, "axis": "y", "origin": [0, -16, 0]},
			"faces": {
				"north": {"uv": [11, 1, 16, 5], "texture": "#0"},
				"east": {"uv": [11, 1, 16, 5], "texture": "#0"},
				"south": {"uv": [11, 1, 16, 5], "texture": "#0"},
				"west": {"uv": [11, 1, 16, 5], "texture": "#0"},
				"up": {"uv": [11, 1, 16, 5], "texture": "#0"},
				"down": {"uv": [11, 1, 16, 5], "texture": "#0"}
			}
		},
		{
			"from": [7.5, -4, 4],
			"to": [8.5, -3, 10],
			"rotation": {"angle": -22.5, "axis": "x", "origin": [8, -5.5, 4]},
			"faces": {
				"north": {"uv": [15, 0, 16, 1], "texture": "#0"},
				"east": {"uv": [15, 0, 16, 1], "texture": "#0"},
				"south": {"uv": [15, 0, 16, 1], "texture": "#0"},
				"west": {"uv": [15, 0, 16, 1], "texture": "#0"},
				"up": {"uv": [15, 0, 16, 1], "texture": "#0"},
				"down": {"uv": [15, 0, 16, 1], "texture": "#0"}
			}
		},
		{
			"from": [7.5, -4.25, 3],
			"to": [8.75, -2.75, 4],
			"rotation": {"angle": -22.5, "axis": "x", "origin": [8, -5.5, 4]},
			"faces": {
				"north": {"uv": [15, 0, 16, 1], "texture": "#0"},
				"east": {"uv": [15, 0, 16, 1], "texture": "#0"},
				"south": {"uv": [15, 0, 16, 1], "texture": "#0"},
				"west": {"uv": [15, 0, 16, 1], "texture": "#0"},
				"up": {"uv": [15, 0, 16, 1], "texture": "#0"},
				"down": {"uv": [15, 0, 16, 1], "texture": "#0"}
			}
		},
		{
			"from": [3, 6, 1],
			"to": [13, 7, 11],
			"rotation": {"angle": 0, "axis": "y", "origin": [0, -16, 0]},
			"faces": {
				"north": {"uv": [0, 0, 10, 1], "texture": "#0"},
				"east": {"uv": [0, 0, 10, 1], "texture": "#0"},
				"south": {"uv": [0, 0, 10, 1], "texture": "#0"},
				"west": {"uv": [0, 0, 10, 1], "texture": "#0"},
				"up": {"uv": [0, 0, 10, 10], "texture": "#0"},
				"down": {"uv": [0, 0, 10, 10], "texture": "#0"}
			}
		},
		{
			"from": [3, 7, 2],
			"to": [13, 8, 11],
			"rotation": {"angle": 0, "axis": "y", "origin": [0, -16, 0]},
			"faces": {
				"north": {"uv": [0, 0, 10, 1], "texture": "#0"},
				"east": {"uv": [0, 0, 9, 1], "texture": "#0"},
				"south": {"uv": [0, 0, 10, 1], "texture": "#0"},
				"west": {"uv": [0, 0, 9, 1], "texture": "#0"},
				"up": {"uv": [0, 0, 10, 9], "texture": "#0"},
				"down": {"uv": [0, 0, 10, 9], "texture": "#0"}
			}
		},
		{
			"from": [4, 8, 3],
			"to": [12, 9, 11],
			"rotation": {"angle": 0, "axis": "y", "origin": [0, -16, 0]},
			"faces": {
				"north": {"uv": [0, 0, 8, 1], "texture": "#0"},
				"east": {"uv": [0, 0, 8, 1], "texture": "#0"},
				"south": {"uv": [0, 0, 8, 1], "texture": "#0"},
				"west": {"uv": [0, 0, 8, 1], "texture": "#0"},
				"up": {"uv": [0, 0, 8, 8], "texture": "#0"},
				"down": {"uv": [0, 0, 8, 8], "texture": "#0"}
			}
		},
		{
			"from": [4, 9, 4],
			"to": [12, 10, 11],
			"rotation": {"angle": 0, "axis": "y", "origin": [0, -16, 0]},
			"faces": {
				"north": {"uv": [0, 0, 8, 1], "texture": "#0"},
				"east": {"uv": [0, 0, 7, 1], "texture": "#0"},
				"south": {"uv": [0, 0, 8, 1], "texture": "#0"},
				"west": {"uv": [0, 0, 7, 1], "texture": "#0"},
				"up": {"uv": [0, 0, 8, 7], "texture": "#0"},
				"down": {"uv": [0, 0, 8, 7], "texture": "#0"}
			}
		},
		{
			"from": [4, 10, 4],
			"to": [12, 16, 11],
			"rotation": {"angle": 0, "axis": "y", "origin": [0, -16, 0]},
			"faces": {
				"north": {"uv": [0, 0, 8, 6], "texture": "#0"},
				"east": {"uv": [0, 0, 7, 6], "texture": "#0"},
				"south": {"uv": [0, 0, 8, 6], "texture": "#0"},
				"west": {"uv": [0, 0, 7, 6], "texture": "#0"},
				"up": {"uv": [0, 0, 8, 7], "texture": "#0"},
				"down": {"uv": [0, 0, 8, 7], "texture": "#0"}
			}
		},
		{
			"from": [5, 16, 7],
			"to": [11, 17, 9],
			"rotation": {"angle": 0, "axis": "y", "origin": [0, -16, 0]},
			"faces": {
				"north": {"uv": [0, 0, 6, 1], "texture": "#0"},
				"east": {"uv": [0, 0, 2, 1], "texture": "#0"},
				"south": {"uv": [0, 0, 6, 1], "texture": "#0"},
				"west": {"uv": [0, 0, 2, 1], "texture": "#0"},
				"up": {"uv": [0, 0, 6, 2], "texture": "#0"},
				"down": {"uv": [0, 0, 6, 2], "texture": "#0"}
			}
		},
		{
			"from": [7, 16, 6],
			"to": [9, 17, 10],
			"rotation": {"angle": 0, "axis": "y", "origin": [8, 16.5, 8]},
			"faces": {
				"north": {"uv": [0, 0, 2, 1], "texture": "#0"},
				"east": {"uv": [0, 0, 4, 1], "texture": "#0"},
				"south": {"uv": [0, 0, 2, 1], "texture": "#0"},
				"west": {"uv": [0, 0, 4, 1], "texture": "#0"},
				"up": {"uv": [0, 0, 4, 2], "rotation": 90, "texture": "#0"},
				"down": {"uv": [0, 0, 4, 2], "rotation": 270, "texture": "#0"}
			}
		},
		{
			"from": [7, 17, 7],
			"to": [9, 18, 9],
			"rotation": {"angle": 0, "axis": "y", "origin": [8, 16.5, 8]},
			"faces": {
				"north": {"uv": [0, 0, 2, 1], "texture": "#0"},
				"east": {"uv": [0, 0, 2, 1], "texture": "#0"},
				"south": {"uv": [0, 0, 2, 1], "texture": "#0"},
				"west": {"uv": [0, 0, 2, 1], "texture": "#0"},
				"up": {"uv": [0, 0, 2, 2], "rotation": 90, "texture": "#0"},
				"down": {"uv": [0, 0, 2, 2], "rotation": 270, "texture": "#0"}
			}
		},
		{
			"from": [7, 17, 9],
			"to": [9, 18, 11],
			"rotation": {"angle": 0, "axis": "y", "origin": [8, 16.5, 8]},
			"faces": {
				"north": {"uv": [0, 0, 2, 1], "texture": "#0"},
				"east": {"uv": [0, 0, 2, 1], "texture": "#0"},
				"south": {"uv": [0, 0, 2, 1], "texture": "#0"},
				"west": {"uv": [0, 0, 2, 1], "texture": "#0"},
				"up": {"uv": [0, 0, 2, 2], "rotation": 90, "texture": "#0"},
				"down": {"uv": [0, 0, 2, 2], "rotation": 270, "texture": "#0"}
			}
		},
		{
			"from": [7, 18, 9],
			"to": [9, 19, 10],
			"rotation": {"angle": 0, "axis": "y", "origin": [8, 16.5, 8]},
			"faces": {
				"north": {"uv": [0, 0, 2, 1], "texture": "#0"},
				"east": {"uv": [0, 0, 1, 1], "texture": "#0"},
				"south": {"uv": [0, 0, 2, 1], "texture": "#0"},
				"west": {"uv": [0, 0, 1, 1], "texture": "#0"},
				"up": {"uv": [0, 0, 1, 2], "rotation": 90, "texture": "#0"},
				"down": {"uv": [0, 0, 1, 2], "rotation": 270, "texture": "#0"}
			}
		},
		{
			"from": [7, 15, 11],
			"to": [9, 16, 12],
			"rotation": {"angle": 0, "axis": "y", "origin": [8, 16.5, 8]},
			"faces": {
				"north": {"uv": [0, 0, 2, 1], "texture": "#0"},
				"east": {"uv": [0, 0, 1, 1], "texture": "#0"},
				"south": {"uv": [0, 0, 2, 1], "texture": "#0"},
				"west": {"uv": [0, 0, 1, 1], "texture": "#0"},
				"up": {"uv": [0, 0, 1, 2], "rotation": 90, "texture": "#0"},
				"down": {"uv": [0, 0, 1, 2], "rotation": 270, "texture": "#0"}
			}
		},
		{
			"from": [7, 13, 11],
			"to": [9, 14, 12],
			"rotation": {"angle": 0, "axis": "y", "origin": [8, 16.5, 8]},
			"faces": {
				"north": {"uv": [0, 0, 2, 1], "texture": "#0"},
				"east": {"uv": [0, 0, 1, 1], "texture": "#0"},
				"south": {"uv": [0, 0, 2, 1], "texture": "#0"},
				"west": {"uv": [0, 0, 1, 1], "texture": "#0"},
				"up": {"uv": [0, 0, 1, 2], "rotation": 90, "texture": "#0"},
				"down": {"uv": [0, 0, 1, 2], "rotation": 270, "texture": "#0"}
			}
		},
		{
			"from": [7, 11, 11],
			"to": [9, 12, 12],
			"rotation": {"angle": 0, "axis": "y", "origin": [8, 16.5, 8]},
			"faces": {
				"north": {"uv": [0, 0, 2, 1], "texture": "#0"},
				"east": {"uv": [0, 0, 1, 1], "texture": "#0"},
				"south": {"uv": [0, 0, 2, 1], "texture": "#0"},
				"west": {"uv": [0, 0, 1, 1], "texture": "#0"},
				"up": {"uv": [0, 0, 1, 2], "rotation": 90, "texture": "#0"},
				"down": {"uv": [0, 0, 1, 2], "rotation": 270, "texture": "#0"}
			}
		},
		{
			"from": [7, 9, 11],
			"to": [9, 10, 12],
			"rotation": {"angle": 0, "axis": "y", "origin": [8, 16.5, 8]},
			"faces": {
				"north": {"uv": [0, 0, 2, 1], "texture": "#0"},
				"east": {"uv": [0, 0, 1, 1], "texture": "#0"},
				"south": {"uv": [0, 0, 2, 1], "texture": "#0"},
				"west": {"uv": [0, 0, 1, 1], "texture": "#0"},
				"up": {"uv": [0, 0, 1, 2], "rotation": 90, "texture": "#0"},
				"down": {"uv": [0, 0, 1, 2], "rotation": 270, "texture": "#0"}
			}
		},
		{
			"from": [7, 7, 10.75],
			"to": [9, 8, 11.75],
			"rotation": {"angle": 0, "axis": "y", "origin": [8, 16.5, 8]},
			"faces": {
				"north": {"uv": [0, 0, 2, 1], "texture": "#0"},
				"east": {"uv": [0, 0, 1, 1], "texture": "#0"},
				"south": {"uv": [0, 0, 2, 1], "texture": "#0"},
				"west": {"uv": [0, 0, 1, 1], "texture": "#0"},
				"up": {"uv": [0, 0, 1, 2], "rotation": 90, "texture": "#0"},
				"down": {"uv": [0, 0, 1, 2], "rotation": 270, "texture": "#0"}
			}
		},
		{
			"from": [7, 5, 10.45],
			"to": [9, 6, 11.45],
			"rotation": {"angle": 0, "axis": "y", "origin": [8, 16.5, 8]},
			"faces": {
				"north": {"uv": [0, 0, 2, 1], "texture": "#0"},
				"east": {"uv": [0, 0, 1, 1], "texture": "#0"},
				"south": {"uv": [0, 0, 2, 1], "texture": "#0"},
				"west": {"uv": [0, 0, 1, 1], "texture": "#0"},
				"up": {"uv": [0, 0, 1, 2], "rotation": 90, "texture": "#0"},
				"down": {"uv": [0, 0, 1, 2], "rotation": 270, "texture": "#0"}
			}
		},
		{
			"from": [7, 3, 10.25],
			"to": [9, 4, 11.25],
			"rotation": {"angle": 0, "axis": "y", "origin": [8, 16.5, 8]},
			"faces": {
				"north": {"uv": [0, 0, 2, 1], "texture": "#0"},
				"east": {"uv": [0, 0, 1, 1], "texture": "#0"},
				"south": {"uv": [0, 0, 2, 1], "texture": "#0"},
				"west": {"uv": [0, 0, 1, 1], "texture": "#0"},
				"up": {"uv": [0, 0, 1, 2], "rotation": 90, "texture": "#0"},
				"down": {"uv": [0, 0, 1, 2], "rotation": 270, "texture": "#0"}
			}
		},
		{
			"from": [5, 18, 3],
			"to": [11, 24, 9],
			"rotation": {"angle": 0, "axis": "y", "origin": [8, 16.5, 8]},
			"faces": {
				"north": {"uv": [10, 10, 16, 16], "texture": "#0"},
				"east": {"uv": [0, 0, 6, 6], "texture": "#0"},
				"south": {"uv": [0, 0, 6, 6], "texture": "#0"},
				"west": {"uv": [0, 0, 6, 6], "texture": "#0"},
				"up": {"uv": [0, 0, 6, 6], "rotation": 90, "texture": "#0"},
				"down": {"uv": [4, 10, 10, 16], "rotation": 270, "texture": "#0"}
			}
		},
		{
			"from": [5, 24, 3],
			"to": [5.5, 24, 3.5],
			"rotation": {"angle": 0, "axis": "y", "origin": [8, 16.5, 8]},
			"faces": {
				"north": {"uv": [3.5, 14, 4, 16], "texture": "#0"},
				"east": {"uv": [3.5, 14, 4, 16], "texture": "#0"},
				"south": {"uv": [3.5, 14, 4, 16], "texture": "#0"},
				"west": {"uv": [3.5, 14, 4, 16], "texture": "#0"},
				"up": {"uv": [3.5, 14, 4, 16], "texture": "#0"},
				"down": {"uv": [3.5, 14, 4, 16], "texture": "#0"}
			}
		},
		{
			"from": [6, 24, 3],
			"to": [6.5, 24, 3.5],
			"rotation": {"angle": 0, "axis": "y", "origin": [8, 16.5, 8]},
			"faces": {
				"north": {"uv": [3.5, 14, 4, 16], "texture": "#0"},
				"east": {"uv": [3.5, 14, 4, 16], "texture": "#0"},
				"south": {"uv": [3.5, 14, 4, 16], "texture": "#0"},
				"west": {"uv": [3.5, 14, 4, 16], "texture": "#0"},
				"up": {"uv": [3.5, 14, 4, 16], "texture": "#0"},
				"down": {"uv": [3.5, 14, 4, 16], "texture": "#0"}
			}
		},
		{
			"from": [7, 24, 3],
			"to": [7.5, 24, 3.5],
			"rotation": {"angle": 0, "axis": "y", "origin": [8, 16.5, 8]},
			"faces": {
				"north": {"uv": [3.5, 14, 4, 16], "texture": "#0"},
				"east": {"uv": [3.5, 14, 4, 16], "texture": "#0"},
				"south": {"uv": [3.5, 14, 4, 16], "texture": "#0"},
				"west": {"uv": [3.5, 14, 4, 16], "texture": "#0"},
				"up": {"uv": [3.5, 14, 4, 16], "texture": "#0"},
				"down": {"uv": [3.5, 14, 4, 16], "texture": "#0"}
			}
		},
		{
			"from": [8, 24, 3],
			"to": [8.5, 24, 3.5],
			"rotation": {"angle": 0, "axis": "y", "origin": [8, 16.5, 8]},
			"faces": {
				"north": {"uv": [3.5, 14, 4, 16], "texture": "#0"},
				"east": {"uv": [3.5, 14, 4, 16], "texture": "#0"},
				"south": {"uv": [3.5, 14, 4, 16], "texture": "#0"},
				"west": {"uv": [3.5, 14, 4, 16], "texture": "#0"},
				"up": {"uv": [3.5, 14, 4, 16], "texture": "#0"},
				"down": {"uv": [3.5, 14, 4, 16], "texture": "#0"}
			}
		},
		{
			"from": [9, 24, 3],
			"to": [9.5, 24, 3.5],
			"rotation": {"angle": 0, "axis": "y", "origin": [8, 16.5, 8]},
			"faces": {
				"north": {"uv": [3.5, 14, 4, 16], "texture": "#0"},
				"east": {"uv": [3.5, 14, 4, 16], "texture": "#0"},
				"south": {"uv": [3.5, 14, 4, 16], "texture": "#0"},
				"west": {"uv": [3.5, 14, 4, 16], "texture": "#0"},
				"up": {"uv": [3.5, 14, 4, 16], "texture": "#0"},
				"down": {"uv": [3.5, 14, 4, 16], "texture": "#0"}
			}
		},
		{
			"from": [10, 24, 3],
			"to": [10.5, 24, 3.5],
			"rotation": {"angle": 0, "axis": "y", "origin": [8, 16.5, 8]},
			"faces": {
				"north": {"uv": [3.5, 14, 4, 16], "texture": "#0"},
				"east": {"uv": [3.5, 14, 4, 16], "texture": "#0"},
				"south": {"uv": [3.5, 14, 4, 16], "texture": "#0"},
				"west": {"uv": [3.5, 14, 4, 16], "texture": "#0"},
				"up": {"uv": [3.5, 14, 4, 16], "texture": "#0"},
				"down": {"uv": [3.5, 14, 4, 16], "texture": "#0"}
			}
		},
		{
			"from": [10.5, 24, 4],
			"to": [11, 24, 4.5],
			"rotation": {"angle": 0, "axis": "y", "origin": [8, 16.5, 8]},
			"faces": {
				"north": {"uv": [3.5, 14, 4, 16], "texture": "#0"},
				"east": {"uv": [3.5, 14, 4, 16], "texture": "#0"},
				"south": {"uv": [3.5, 14, 4, 16], "texture": "#0"},
				"west": {"uv": [3.5, 14, 4, 16], "texture": "#0"},
				"up": {"uv": [3.5, 14, 4, 16], "texture": "#0"},
				"down": {"uv": [3.5, 14, 4, 16], "texture": "#0"}
			}
		},
		{
			"from": [9.5, 24, 4],
			"to": [10, 24, 4.5],
			"rotation": {"angle": 0, "axis": "y", "origin": [8, 16.5, 8]},
			"faces": {
				"north": {"uv": [3.5, 14, 4, 16], "texture": "#0"},
				"east": {"uv": [3.5, 14, 4, 16], "texture": "#0"},
				"south": {"uv": [3.5, 14, 4, 16], "texture": "#0"},
				"west": {"uv": [3.5, 14, 4, 16], "texture": "#0"},
				"up": {"uv": [3.5, 14, 4, 16], "texture": "#0"},
				"down": {"uv": [3.5, 14, 4, 16], "texture": "#0"}
			}
		},
		{
			"from": [8.5, 24, 4],
			"to": [9, 24, 4.5],
			"rotation": {"angle": 0, "axis": "y", "origin": [8, 16.5, 8]},
			"faces": {
				"north": {"uv": [3.5, 14, 4, 16], "texture": "#0"},
				"east": {"uv": [3.5, 14, 4, 16], "texture": "#0"},
				"south": {"uv": [3.5, 14, 4, 16], "texture": "#0"},
				"west": {"uv": [3.5, 14, 4, 16], "texture": "#0"},
				"up": {"uv": [3.5, 14, 4, 16], "texture": "#0"},
				"down": {"uv": [3.5, 14, 4, 16], "texture": "#0"}
			}
		},
		{
			"from": [7.5, 24, 4],
			"to": [8, 24, 4.5],
			"rotation": {"angle": 0, "axis": "y", "origin": [8, 16.5, 8]},
			"faces": {
				"north": {"uv": [3.5, 14, 4, 16], "texture": "#0"},
				"east": {"uv": [3.5, 14, 4, 16], "texture": "#0"},
				"south": {"uv": [3.5, 14, 4, 16], "texture": "#0"},
				"west": {"uv": [3.5, 14, 4, 16], "texture": "#0"},
				"up": {"uv": [3.5, 14, 4, 16], "texture": "#0"},
				"down": {"uv": [3.5, 14, 4, 16], "texture": "#0"}
			}
		},
		{
			"from": [6.5, 24, 4],
			"to": [7, 24, 4.5],
			"rotation": {"angle": 0, "axis": "y", "origin": [8, 16.5, 8]},
			"faces": {
				"north": {"uv": [3.5, 14, 4, 16], "texture": "#0"},
				"east": {"uv": [3.5, 14, 4, 16], "texture": "#0"},
				"south": {"uv": [3.5, 14, 4, 16], "texture": "#0"},
				"west": {"uv": [3.5, 14, 4, 16], "texture": "#0"},
				"up": {"uv": [3.5, 14, 4, 16], "texture": "#0"},
				"down": {"uv": [3.5, 14, 4, 16], "texture": "#0"}
			}
		},
		{
			"from": [8, 1, -0.25],
			"to": [8.5, 2.5, 0.25],
			"rotation": {"angle": 0, "axis": "y", "origin": [8, 16.5, 8]},
			"faces": {
				"north": {"uv": [3.5, 14, 4, 16], "texture": "#0"},
				"east": {"uv": [3.5, 14, 4, 16], "texture": "#0"},
				"south": {"uv": [3.5, 14, 4, 16], "texture": "#0"},
				"west": {"uv": [3.5, 14, 4, 16], "texture": "#0"},
				"up": {"uv": [3.5, 14, 4, 16], "texture": "#0"},
				"down": {"uv": [3.5, 14, 4, 16], "texture": "#0"}
			}
		},
		{
			"from": [5.5, 24, 4],
			"to": [6, 24, 4.5],
			"rotation": {"angle": 0, "axis": "y", "origin": [8, 16.5, 8]},
			"faces": {
				"north": {"uv": [3.5, 14, 4, 16], "texture": "#0"},
				"east": {"uv": [3.5, 14, 4, 16], "texture": "#0"},
				"south": {"uv": [3.5, 14, 4, 16], "texture": "#0"},
				"west": {"uv": [3.5, 14, 4, 16], "texture": "#0"},
				"up": {"uv": [3.5, 14, 4, 16], "texture": "#0"},
				"down": {"uv": [3.5, 14, 4, 16], "texture": "#0"}
			}
		},
		{
			"from": [10.5, 24, 6],
			"to": [11, 24, 6.5],
			"rotation": {"angle": 0, "axis": "y", "origin": [8, 16.5, 8]},
			"faces": {
				"north": {"uv": [3.5, 14, 4, 16], "texture": "#0"},
				"east": {"uv": [3.5, 14, 4, 16], "texture": "#0"},
				"south": {"uv": [3.5, 14, 4, 16], "texture": "#0"},
				"west": {"uv": [3.5, 14, 4, 16], "texture": "#0"},
				"up": {"uv": [3.5, 14, 4, 16], "texture": "#0"},
				"down": {"uv": [3.5, 14, 4, 16], "texture": "#0"}
			}
		},
		{
			"from": [9.5, 24, 6],
			"to": [10, 24, 6.5],
			"rotation": {"angle": 0, "axis": "y", "origin": [8, 16.5, 8]},
			"faces": {
				"north": {"uv": [3.5, 14, 4, 16], "texture": "#0"},
				"east": {"uv": [3.5, 14, 4, 16], "texture": "#0"},
				"south": {"uv": [3.5, 14, 4, 16], "texture": "#0"},
				"west": {"uv": [3.5, 14, 4, 16], "texture": "#0"},
				"up": {"uv": [3.5, 14, 4, 16], "texture": "#0"},
				"down": {"uv": [3.5, 14, 4, 16], "texture": "#0"}
			}
		},
		{
			"from": [5.5, 24, 6],
			"to": [6, 24, 6.5],
			"rotation": {"angle": 0, "axis": "y", "origin": [8, 16.5, 8]},
			"faces": {
				"north": {"uv": [3.5, 14, 4, 16], "texture": "#0"},
				"east": {"uv": [3.5, 14, 4, 16], "texture": "#0"},
				"south": {"uv": [3.5, 14, 4, 16], "texture": "#0"},
				"west": {"uv": [3.5, 14, 4, 16], "texture": "#0"},
				"up": {"uv": [3.5, 14, 4, 16], "texture": "#0"},
				"down": {"uv": [3.5, 14, 4, 16], "texture": "#0"}
			}
		},
		{
			"from": [10, 24, 5],
			"to": [10.5, 24, 5.5],
			"rotation": {"angle": 0, "axis": "y", "origin": [8, 16.5, 8]},
			"faces": {
				"north": {"uv": [3.5, 14, 4, 16], "texture": "#0"},
				"east": {"uv": [3.5, 14, 4, 16], "texture": "#0"},
				"south": {"uv": [3.5, 14, 4, 16], "texture": "#0"},
				"west": {"uv": [3.5, 14, 4, 16], "texture": "#0"},
				"up": {"uv": [3.5, 14, 4, 16], "texture": "#0"},
				"down": {"uv": [3.5, 14, 4, 16], "texture": "#0"}
			}
		},
		{
			"from": [9, 24, 5],
			"to": [9.5, 24, 5.5],
			"rotation": {"angle": 0, "axis": "y", "origin": [8, 16.5, 8]},
			"faces": {
				"north": {"uv": [3.5, 14, 4, 16], "texture": "#0"},
				"east": {"uv": [3.5, 14, 4, 16], "texture": "#0"},
				"south": {"uv": [3.5, 14, 4, 16], "texture": "#0"},
				"west": {"uv": [3.5, 14, 4, 16], "texture": "#0"},
				"up": {"uv": [3.5, 14, 4, 16], "texture": "#0"},
				"down": {"uv": [3.5, 14, 4, 16], "texture": "#0"}
			}
		},
		{
			"from": [6, 24, 5],
			"to": [6.5, 24, 5.5],
			"rotation": {"angle": 0, "axis": "y", "origin": [8, 16.5, 8]},
			"faces": {
				"north": {"uv": [3.5, 14, 4, 16], "texture": "#0"},
				"east": {"uv": [3.5, 14, 4, 16], "texture": "#0"},
				"south": {"uv": [3.5, 14, 4, 16], "texture": "#0"},
				"west": {"uv": [3.5, 14, 4, 16], "texture": "#0"},
				"up": {"uv": [3.5, 14, 4, 16], "texture": "#0"},
				"down": {"uv": [3.5, 14, 4, 16], "texture": "#0"}
			}
		},
		{
			"from": [5, 24, 5],
			"to": [5.5, 24, 5.5],
			"rotation": {"angle": 0, "axis": "y", "origin": [8, 16.5, 8]},
			"faces": {
				"north": {"uv": [3.5, 14, 4, 16], "texture": "#0"},
				"east": {"uv": [3.5, 14, 4, 16], "texture": "#0"},
				"south": {"uv": [3.5, 14, 4, 16], "texture": "#0"},
				"west": {"uv": [3.5, 14, 4, 16], "texture": "#0"},
				"up": {"uv": [3.5, 14, 4, 16], "texture": "#0"},
				"down": {"uv": [3.5, 14, 4, 16], "texture": "#0"}
			}
		},
		{
			"from": [10.5, 24, 8],
			"to": [11, 24, 8.5],
			"rotation": {"angle": 0, "axis": "y", "origin": [8, 16.5, 8]},
			"faces": {
				"north": {"uv": [3.5, 14, 4, 16], "texture": "#0"},
				"east": {"uv": [3.5, 14, 4, 16], "texture": "#0"},
				"south": {"uv": [3.5, 14, 4, 16], "texture": "#0"},
				"west": {"uv": [3.5, 14, 4, 16], "texture": "#0"},
				"up": {"uv": [3.5, 14, 4, 16], "texture": "#0"},
				"down": {"uv": [3.5, 14, 4, 16], "texture": "#0"}
			}
		},
		{
			"from": [9.5, 24, 8],
			"to": [10, 24, 8.5],
			"rotation": {"angle": 0, "axis": "y", "origin": [8, 16.5, 8]},
			"faces": {
				"north": {"uv": [3.5, 14, 4, 16], "texture": "#0"},
				"east": {"uv": [3.5, 14, 4, 16], "texture": "#0"},
				"south": {"uv": [3.5, 14, 4, 16], "texture": "#0"},
				"west": {"uv": [3.5, 14, 4, 16], "texture": "#0"},
				"up": {"uv": [3.5, 14, 4, 16], "texture": "#0"},
				"down": {"uv": [3.5, 14, 4, 16], "texture": "#0"}
			}
		},
		{
			"from": [8.5, 24, 8],
			"to": [9, 24, 8.5],
			"rotation": {"angle": 0, "axis": "y", "origin": [8, 16.5, 8]},
			"faces": {
				"north": {"uv": [3.5, 14, 4, 16], "texture": "#0"},
				"east": {"uv": [3.5, 14, 4, 16], "texture": "#0"},
				"south": {"uv": [3.5, 14, 4, 16], "texture": "#0"},
				"west": {"uv": [3.5, 14, 4, 16], "texture": "#0"},
				"up": {"uv": [3.5, 14, 4, 16], "texture": "#0"},
				"down": {"uv": [3.5, 14, 4, 16], "texture": "#0"}
			}
		},
		{
			"from": [7.5, 24, 8],
			"to": [8, 24, 8.5],
			"rotation": {"angle": 0, "axis": "y", "origin": [8, 16.5, 8]},
			"faces": {
				"north": {"uv": [3.5, 14, 4, 16], "texture": "#0"},
				"east": {"uv": [3.5, 14, 4, 16], "texture": "#0"},
				"south": {"uv": [3.5, 14, 4, 16], "texture": "#0"},
				"west": {"uv": [3.5, 14, 4, 16], "texture": "#0"},
				"up": {"uv": [3.5, 14, 4, 16], "texture": "#0"},
				"down": {"uv": [3.5, 14, 4, 16], "texture": "#0"}
			}
		},
		{
			"from": [6.5, 24, 8],
			"to": [7, 24, 8.5],
			"rotation": {"angle": 0, "axis": "y", "origin": [8, 16.5, 8]},
			"faces": {
				"north": {"uv": [3.5, 14, 4, 16], "texture": "#0"},
				"east": {"uv": [3.5, 14, 4, 16], "texture": "#0"},
				"south": {"uv": [3.5, 14, 4, 16], "texture": "#0"},
				"west": {"uv": [3.5, 14, 4, 16], "texture": "#0"},
				"up": {"uv": [3.5, 14, 4, 16], "texture": "#0"},
				"down": {"uv": [3.5, 14, 4, 16], "texture": "#0"}
			}
		},
		{
			"from": [5.5, 24, 8],
			"to": [6, 24, 8.5],
			"rotation": {"angle": 0, "axis": "y", "origin": [8, 16.5, 8]},
			"faces": {
				"north": {"uv": [3.5, 14, 4, 16], "texture": "#0"},
				"east": {"uv": [3.5, 14, 4, 16], "texture": "#0"},
				"south": {"uv": [3.5, 14, 4, 16], "texture": "#0"},
				"west": {"uv": [3.5, 14, 4, 16], "texture": "#0"},
				"up": {"uv": [3.5, 14, 4, 16], "texture": "#0"},
				"down": {"uv": [3.5, 14, 4, 16], "texture": "#0"}
			}
		},
		{
			"from": [10, 24, 7],
			"to": [10.5, 24, 7.5],
			"rotation": {"angle": 0, "axis": "y", "origin": [8, 16.5, 8]},
			"faces": {
				"north": {"uv": [3.5, 14, 4, 16], "texture": "#0"},
				"east": {"uv": [3.5, 14, 4, 16], "texture": "#0"},
				"south": {"uv": [3.5, 14, 4, 16], "texture": "#0"},
				"west": {"uv": [3.5, 14, 4, 16], "texture": "#0"},
				"up": {"uv": [3.5, 14, 4, 16], "texture": "#0"},
				"down": {"uv": [3.5, 14, 4, 16], "texture": "#0"}
			}
		},
		{
			"from": [9, 24, 7],
			"to": [9.5, 24, 7.5],
			"rotation": {"angle": 0, "axis": "y", "origin": [8, 16.5, 8]},
			"faces": {
				"north": {"uv": [3.5, 14, 4, 16], "texture": "#0"},
				"east": {"uv": [3.5, 14, 4, 16], "texture": "#0"},
				"south": {"uv": [3.5, 14, 4, 16], "texture": "#0"},
				"west": {"uv": [3.5, 14, 4, 16], "texture": "#0"},
				"up": {"uv": [3.5, 14, 4, 16], "texture": "#0"},
				"down": {"uv": [3.5, 14, 4, 16], "texture": "#0"}
			}
		},
		{
			"from": [6, 24, 7],
			"to": [6.5, 24, 7.5],
			"rotation": {"angle": 0, "axis": "y", "origin": [8, 16.5, 8]},
			"faces": {
				"north": {"uv": [3.5, 14, 4, 16], "texture": "#0"},
				"east": {"uv": [3.5, 14, 4, 16], "texture": "#0"},
				"south": {"uv": [3.5, 14, 4, 16], "texture": "#0"},
				"west": {"uv": [3.5, 14, 4, 16], "texture": "#0"},
				"up": {"uv": [3.5, 14, 4, 16], "texture": "#0"},
				"down": {"uv": [3.5, 14, 4, 16], "texture": "#0"}
			}
		},
		{
			"from": [5, 24, 7],
			"to": [5.5, 24, 7.5],
			"rotation": {"angle": 0, "axis": "y", "origin": [8, 16.5, 8]},
			"faces": {
				"north": {"uv": [3.5, 14, 4, 16], "texture": "#0"},
				"east": {"uv": [3.5, 14, 4, 16], "texture": "#0"},
				"south": {"uv": [3.5, 14, 4, 16], "texture": "#0"},
				"west": {"uv": [3.5, 14, 4, 16], "texture": "#0"},
				"up": {"uv": [3.5, 14, 4, 16], "texture": "#0"},
				"down": {"uv": [3.5, 14, 4, 16], "texture": "#0"}
			}
		},
		{
			"from": [-6.5, 8.75, 7],
			"to": [3.5, 11.75, 10],
			"rotation": {"angle": 45, "axis": "z", "origin": [-1, 14.5, 8.5]},
			"faces": {
				"north": {"uv": [0, 0, 10, 3], "texture": "#0"},
				"east": {"uv": [0, 0, 3, 3], "texture": "#0"},
				"south": {"uv": [0, 0, 10, 3], "texture": "#0"},
				"west": {"uv": [0, 0, 3, 3], "texture": "#0"},
				"up": {"uv": [0, 0, 10, 3], "texture": "#0"},
				"down": {"uv": [0, 0, 10, 3], "texture": "#0"}
			}
		},
		{
			"from": [-3.15165, -2.66206, 6],
			"to": [-0.15165, 8.33794, 9],
			"rotation": {"angle": 22.5, "axis": "x", "origin": [-3.65165, 5.83794, 8.5]},
			"faces": {
				"north": {"uv": [0, 0, 11, 3], "rotation": 90, "texture": "#0"},
				"east": {"uv": [0, 0, 11, 3], "rotation": 270, "texture": "#0"},
				"south": {"uv": [0, 0, 11, 3], "rotation": 270, "texture": "#0"},
				"west": {"uv": [0, 0, 11, 3], "rotation": 270, "texture": "#0"},
				"up": {"uv": [0, 0, 3, 3], "rotation": 270, "texture": "#0"},
				"down": {"uv": [0, 0, 3, 3], "rotation": 270, "texture": "#0"}
			}
		},
		{
			"from": [15.84835, -2.66206, 6],
			"to": [18.84835, 8.33794, 9],
			"rotation": {"angle": 22.5, "axis": "x", "origin": [16.34835, 5.83794, 8.5]},
			"faces": {
				"north": {"uv": [0, 0, 11, 3], "rotation": 90, "texture": "#0"},
				"east": {"uv": [0, 0, 11, 3], "rotation": 270, "texture": "#0"},
				"south": {"uv": [0, 0, 11, 3], "rotation": 270, "texture": "#0"},
				"west": {"uv": [0, 0, 11, 3], "rotation": 270, "texture": "#0"},
				"up": {"uv": [0, 0, 3, 3], "rotation": 270, "texture": "#0"},
				"down": {"uv": [0, 0, 3, 3], "rotation": 270, "texture": "#0"}
			}
		},
		{
			"from": [11.65165, 4.64124, 7],
			"to": [21.65165, 7.64124, 10],
			"rotation": {"angle": -45, "axis": "z", "origin": [21.65165, 11.14124, 8.5]},
			"faces": {
				"north": {"uv": [0, 0, 10, 3], "texture": "#0"},
				"east": {"uv": [0, 0, 3, 3], "texture": "#0"},
				"south": {"uv": [0, 0, 10, 3], "texture": "#0"},
				"west": {"uv": [0, 0, 3, 3], "texture": "#0"},
				"up": {"uv": [0, 0, 10, 3], "texture": "#0"},
				"down": {"uv": [0, 0, 10, 3], "texture": "#0"}
			}
		},
		{
			"from": [4, 13, 3],
			"to": [7, 16, 4],
			"rotation": {"angle": 0, "axis": "y", "origin": [0, -16, 0]},
			"faces": {
				"north": {"uv": [0, 0, 3, 3], "texture": "#0"},
				"east": {"uv": [0, 0, 1, 3], "texture": "#0"},
				"south": {"uv": [0, 0, 3, 3], "texture": "#0"},
				"west": {"uv": [0, 0, 1, 3], "texture": "#0"},
				"up": {"uv": [0, 0, 3, 1], "texture": "#0"},
				"down": {"uv": [0, 0, 3, 1], "texture": "#0"}
			}
		},
		{
			"from": [9, 13, 3],
			"to": [12, 16, 4],
			"rotation": {"angle": 0, "axis": "y", "origin": [0, -16, 0]},
			"faces": {
				"north": {"uv": [0, 0, 3, 3], "texture": "#0"},
				"east": {"uv": [0, 0, 1, 3], "texture": "#0"},
				"south": {"uv": [0, 0, 3, 3], "texture": "#0"},
				"west": {"uv": [0, 0, 1, 3], "texture": "#0"},
				"up": {"uv": [0, 0, 3, 1], "texture": "#0"},
				"down": {"uv": [0, 0, 3, 1], "texture": "#0"}
			}
		},
		{
			"from": [10.75, 13.5, 2],
			"to": [11.75, 14.5, 3],
			"rotation": {"angle": 0, "axis": "y", "origin": [0, -16, 0]},
			"faces": {
				"north": {"uv": [15, 0, 16, 1], "texture": "#0"},
				"east": {"uv": [15, 0, 16, 1], "texture": "#0"},
				"south": {"uv": [15, 0, 16, 1], "texture": "#0"},
				"west": {"uv": [15, 0, 16, 1], "texture": "#0"},
				"up": {"uv": [15, 0, 16, 1], "texture": "#0"},
				"down": {"uv": [15, 0, 16, 1], "texture": "#0"}
			}
		},
		{
			"from": [4.25, 13.5, 2],
			"to": [5.25, 14.5, 3],
			"rotation": {"angle": 0, "axis": "y", "origin": [0, -16, 0]},
			"faces": {
				"north": {"uv": [15, 0, 16, 1], "texture": "#0"},
				"east": {"uv": [15, 0, 16, 1], "texture": "#0"},
				"south": {"uv": [15, 0, 16, 1], "texture": "#0"},
				"west": {"uv": [15, 0, 16, 1], "texture": "#0"},
				"up": {"uv": [15, 0, 16, 1], "texture": "#0"},
				"down": {"uv": [15, 0, 16, 1], "texture": "#0"}
			}
		},
		{
			"from": [3, -16, 6],
			"to": [6, -2, 10],
			"rotation": {"angle": 0, "axis": "y", "origin": [0, -16, 0]},
			"faces": {
				"north": {"uv": [0, 0, 3, 14], "texture": "#0"},
				"east": {"uv": [0, 0, 4, 14], "texture": "#0"},
				"south": {"uv": [0, 0, 3, 14], "texture": "#0"},
				"west": {"uv": [0, 0, 4, 14], "texture": "#0"},
				"up": {"uv": [0, 0, 3, 4], "texture": "#0"},
				"down": {"uv": [0, 0, 3, 4], "texture": "#0"}
			}
		}
	],
	"display": {
		"head": {
			"translation": [0, -12, 0],
			"scale": [1.31, 1.31, 1.31]
		}
	}
}