{
  "parent": "minecraft:item/template_spawn_egg",
	"overrides": [
		{ "predicate": { "custom_model_data": 540 }, "model": "minecraft:item/lightningegg"},
		{ "predicate": { "custom_model_data": 541 }, "model": "minecraft:block/fusedtnt"},
		{ "predicate": { "custom_model_data": 551 }, "model": "minecraft:item/nuke"},
		{ "predicate": { "custom_model_data": 552 }, "model": "minecraft:block/omegatnt"},
		{ "predicate": { "custom_model_data": 573 }, "model": "minecraft:item/stopper"},
		{ "predicate": { "custom_model_data": 574 }, "model": "minecraft:item/supply_beacon"},
		{ "predicate": { "custom_model_data": 575 }, "model": "minecraft:item/stopper_magic"},
		{ "predicate": { "custom_model_data": 576 }, "model": "minecraft:item/lightningegg_old"},
		{ "predicate": { "custom_model_data": 577 }, "model": "minecraft:item/railroad"},
		{ "predicate": { "custom_model_data": 578 }, "model": "minecraft:item/bedrock"},
		{ "predicate": { "custom_model_data": 579 }, "model": "minecraft:item/diamond_block"},
		{ "predicate": { "custom_model_data": 580 }, "model": "minecraft:item/tnt"},
		{ "predicate": { "custom_model_data": 581 }, "model": "minecraft:item/mystical_tree"},
		{ "predicate": { "custom_model_data": 582 }, "model": "minecraft:item/end_portal_frame"},
		{ "predicate": { "custom_model_data": 583 }, "model": "minecraft:item/end_crystal"},
		{ "predicate": { "custom_model_data": 584 }, "model": "minecraft:item/obsidian"},
		{ "predicate": { "custom_model_data": 585 }, "model": "minecraft:item/pumpkin"},
		{ "predicate": { "custom_model_data": 586 }, "model": "minecraft:item/gold_block"},
		{ "predicate": { "custom_model_data": 587 }, "model": "minecraft:item/corrupted_dust"},
		{ "predicate": { "custom_model_data": 588 }, "model": "minecraft:item/corrupted_pentagram"},
		{ "predicate": { "custom_model_data": 589 }, "model": "minecraft:item/lamashtu"},
		{ "predicate": { "custom_model_data": 590 }, "model": "minecraft:item/belial"},
		{ "predicate": { "custom_model_data": 591 }, "model": "minecraft:item/corrupted_dust_lamashtu"},
		{ "predicate": { "custom_model_data": 592 }, "model": "minecraft:item/corrupted_dust_belial"},
		{ "predicate": { "custom_model_data": 593 }, "model": "minecraft:item/corrupted_dust_ahriman"},
		{ "predicate": { "custom_model_data": 594 }, "model": "minecraft:item/ahriman"},
		{ "predicate": { "custom_model_data": 595 }, "model": "minecraft:item/nanobot"}
	]
}