{
	"textures": {
		"1": "minecraft:item/bestform/penis5-2",
		"2": "minecraft:item/bestform/penis5-3",
		"3": "minecraft:item/bestform/penis5-4",
		"4": "minecraft:item/bestform/penis5-1"
	},
	"elements": [
		{
			"from": [3, 0, 6],
			"to": [13, 6, 10],
			"faces": {
				"north": {"uv": [0, 0, 8, 4], "texture": "#1"},
				"east": {"uv": [8, 2, 10, 6], "texture": "#2"},
				"south": {"uv": [0, 4, 8, 8], "texture": "#1"},
				"west": {"uv": [8, 6, 10, 10], "texture": "#2"},
				"up": {"uv": [8, 10, 0, 8], "texture": "#2"},
				"down": {"uv": [16, 0, 8, 2], "texture": "#2"}
			}
		},
		{
			"from": [2, 1, 5],
			"to": [14, 5, 11],
			"faces": {
				"north": {"uv": [0, 0, 12, 4], "texture": "#1"},
				"east": {"uv": [0, 0, 6, 4], "texture": "#1"},
				"south": {"uv": [0, 0, 12, 4], "texture": "#1"},
				"west": {"uv": [0, 0, 6, 4], "texture": "#1"},
				"up": {"uv": [0, 0, 12, 6], "texture": "#1"},
				"down": {"uv": [0, 0, 12, 6], "texture": "#1"}
			}
		},
		{
			"from": [1, 1, 6],
			"to": [15, 5, 10],
			"faces": {
				"north": {"uv": [0, 0, 10, 2], "texture": "#1"},
				"east": {"uv": [0, 8, 2, 10], "texture": "#1"},
				"south": {"uv": [0, 2, 10, 4], "texture": "#1"},
				"west": {"uv": [2, 8, 4, 10], "texture": "#1"},
				"up": {"uv": [10, 6, 0, 4], "texture": "#1"},
				"down": {"uv": [10, 6, 0, 8], "texture": "#1"}
			}
		},
		{
			"from": [7, 2, 6],
			"to": [9, 30, 10],
			"faces": {
				"north": {"uv": [8, 0, 10, 15], "texture": "#3"},
				"east": {"uv": [0, 0, 4, 15], "texture": "#3"},
				"south": {"uv": [10, 0, 12, 15], "texture": "#3"},
				"west": {"uv": [4, 0, 8, 15], "texture": "#3"},
				"up": {"uv": [14, 4, 12, 0], "texture": "#3"},
				"down": {"uv": [14, 4, 12, 8], "texture": "#3"}
			}
		},
		{
			"from": [6, 2, 7],
			"to": [10, 30, 9],
			"faces": {
				"north": {"uv": [0, 0, 4, 16], "texture": "#3"},
				"east": {"uv": [0, 0, 2, 16], "texture": "#3"},
				"south": {"uv": [0, 0, 4, 16], "texture": "#3"},
				"west": {"uv": [0, 0, 2, 16], "texture": "#3"},
				"up": {"uv": [0, 0, 2, 4], "rotation": 90, "texture": "#2"},
				"down": {"uv": [0, 0, 2, 4], "rotation": 270, "texture": "#missing"}
			}
		},
		{
			"from": [7, 29, 7],
			"to": [9, 31, 9],
			"faces": {
				"north": {"uv": [0, 0, 2, 2], "texture": "#4"},
				"east": {"uv": [0, 2, 2, 4], "texture": "#4"},
				"south": {"uv": [2, 0, 4, 2], "texture": "#4"},
				"west": {"uv": [2, 2, 4, 4], "texture": "#4"},
				"up": {"uv": [2, 6, 0, 4], "texture": "#2"},
				"down": {"uv": [4, 0, 2, 2], "texture": "#missing"}
			}
		}
	]
}