{
	"textures": {
		"1": "minecraft:item/bestform/penis6-2",
		"2": "minecraft:item/bestform/penis6-3",
		"3": "minecraft:item/bestform/penis6-4",
		"5": "minecraft:item/bestform/penis6-1"
	},
	"elements": [
		{
			"from": [3, 0, 7],
			"to": [13, 4, 9],
			"faces": {
				"north": {"uv": [0, 0, 8, 4], "texture": "#1"},
				"east": {"uv": [8, 2, 10, 6], "texture": "#2"},
				"south": {"uv": [0, 4, 8, 8], "texture": "#1"},
				"west": {"uv": [8, 6, 10, 10], "texture": "#2"},
				"up": {"uv": [8, 10, 0, 8], "texture": "#2"},
				"down": {"uv": [16, 0, 8, 2], "texture": "#2"}
			}
		},
		{
			"from": [3, 1, 6],
			"to": [13, 3, 10],
			"faces": {
				"north": {"uv": [0, 0, 10, 2], "texture": "#1"},
				"east": {"uv": [0, 0, 4, 2], "texture": "#1"},
				"south": {"uv": [0, 0, 10, 2], "texture": "#1"},
				"west": {"uv": [0, 0, 4, 2], "texture": "#1"},
				"up": {"uv": [0, 0, 10, 4], "texture": "#1"},
				"down": {"uv": [0, 0, 10, 4], "texture": "#1"}
			}
		},
		{
			"from": [2, 1, 7],
			"to": [14, 3, 9],
			"faces": {
				"north": {"uv": [0, 0, 10, 2], "texture": "#1"},
				"east": {"uv": [0, 8, 2, 10], "texture": "#1"},
				"south": {"uv": [0, 2, 10, 4], "texture": "#1"},
				"west": {"uv": [2, 8, 4, 10], "texture": "#1"},
				"up": {"uv": [10, 6, 0, 4], "texture": "#1"},
				"down": {"uv": [10, 6, 0, 8], "texture": "#1"}
			}
		},
		{
			"from": [6, 1, 3],
			"to": [10, 3, 13],
			"faces": {
				"north": {"uv": [0, 0, 4, 2], "texture": "#1"},
				"east": {"uv": [0, 0, 10, 2], "texture": "#1"},
				"south": {"uv": [0, 0, 4, 2], "texture": "#1"},
				"west": {"uv": [0, 0, 10, 2], "texture": "#1"},
				"up": {"uv": [0, 0, 10, 4], "rotation": 90, "texture": "#1"},
				"down": {"uv": [0, 0, 10, 4], "rotation": 270, "texture": "#1"}
			}
		},
		{
			"from": [7, 0, 3],
			"to": [9, 4, 13],
			"faces": {
				"north": {"uv": [8, 6, 10, 10], "texture": "#2"},
				"east": {"uv": [0, 0, 8, 4], "texture": "#1"},
				"south": {"uv": [8, 2, 10, 6], "texture": "#2"},
				"west": {"uv": [0, 4, 8, 8], "texture": "#1"},
				"up": {"uv": [8, 10, 0, 8], "rotation": 90, "texture": "#2"},
				"down": {"uv": [16, 0, 8, 2], "rotation": 270, "texture": "#2"}
			}
		},
		{
			"from": [7, 1, 2],
			"to": [9, 3, 14],
			"faces": {
				"north": {"uv": [2, 8, 4, 10], "texture": "#1"},
				"east": {"uv": [0, 0, 10, 2], "texture": "#1"},
				"south": {"uv": [0, 8, 2, 10], "texture": "#1"},
				"west": {"uv": [0, 2, 10, 4], "texture": "#1"},
				"up": {"uv": [10, 6, 0, 4], "rotation": 90, "texture": "#1"},
				"down": {"uv": [10, 6, 0, 8], "rotation": 270, "texture": "#1"}
			}
		},
		{
			"from": [7, 3, 6],
			"to": [9, 18, 10],
			"faces": {
				"north": {"uv": [8, 0, 10, 15], "texture": "#3"},
				"east": {"uv": [0, 0, 4, 15], "texture": "#3"},
				"south": {"uv": [10, 0, 12, 15], "texture": "#3"},
				"west": {"uv": [4, 0, 8, 15], "texture": "#3"},
				"up": {"uv": [14, 4, 12, 0], "texture": "#3"},
				"down": {"uv": [14, 4, 12, 8], "texture": "#3"}
			}
		},
		{
			"from": [6, 3, 7],
			"to": [10, 18, 9],
			"faces": {
				"north": {"uv": [0, 0, 4, 15], "texture": "#3"},
				"east": {"uv": [0, 0, 2, 15], "texture": "#3"},
				"south": {"uv": [0, 0, 4, 15], "texture": "#3"},
				"west": {"uv": [0, 0, 2, 15], "texture": "#3"},
				"up": {"uv": [0, 0, 2, 4], "rotation": 90, "texture": "#2"},
				"down": {"uv": [0, 0, 2, 4], "rotation": 270, "texture": "#missing"}
			}
		},
		{
			"from": [4.44264, 6.51371, 7.2],
			"to": [6.04264, 16.11371, 8.8],
			"rotation": {"angle": 22.5, "axis": "z", "origin": [4.24264, 11.31371, 8]},
			"faces": {
				"north": {"uv": [0, 0, 2, 10], "texture": "#3"},
				"east": {"uv": [0, 0, 2, 10], "texture": "#3"},
				"south": {"uv": [0, 0, 2, 10], "texture": "#3"},
				"west": {"uv": [0, 0, 2, 10], "texture": "#3"},
				"up": {"uv": [0, 0, 2, 2], "rotation": 90, "texture": "#2"},
				"down": {"uv": [0, 0, 2, 2], "rotation": 270, "texture": "#missing"}
			}
		},
		{
			"from": [10.44264, 6.51371, 7.2],
			"to": [12.04264, 16.11371, 8.8],
			"rotation": {"angle": -22.5, "axis": "z", "origin": [4.24264, 11.31371, 8]},
			"faces": {
				"north": {"uv": [0, 0, 2, 10], "texture": "#3"},
				"east": {"uv": [0, 0, 2, 10], "texture": "#3"},
				"south": {"uv": [0, 0, 2, 10], "texture": "#3"},
				"west": {"uv": [0, 0, 2, 10], "texture": "#3"},
				"up": {"uv": [0, 0, 2, 2], "rotation": 90, "texture": "#2"},
				"down": {"uv": [0, 0, 2, 2], "rotation": 270, "texture": "#missing"}
			}
		},
		{
			"from": [7.24264, 7.51371, 4.2],
			"to": [8.84264, 17.11371, 5.8],
			"rotation": {"angle": -22.5, "axis": "x", "origin": [4.24264, 11.31371, 8]},
			"faces": {
				"north": {"uv": [0, 0, 2, 10], "texture": "#3"},
				"east": {"uv": [0, 0, 2, 10], "texture": "#3"},
				"south": {"uv": [0, 0, 2, 10], "texture": "#3"},
				"west": {"uv": [0, 0, 2, 10], "texture": "#3"},
				"up": {"uv": [0, 0, 2, 2], "rotation": 180, "texture": "#2"},
				"down": {"uv": [0, 0, 2, 2], "rotation": 180, "texture": "#missing"}
			}
		},
		{
			"from": [7.44264, 6.51371, 10.2],
			"to": [9.04264, 16.11371, 11.8],
			"rotation": {"angle": 22.5, "axis": "x", "origin": [4.24264, 11.31371, 8]},
			"faces": {
				"north": {"uv": [0, 0, 2, 10], "texture": "#3"},
				"east": {"uv": [0, 0, 2, 10], "texture": "#3"},
				"south": {"uv": [0, 0, 2, 10], "texture": "#3"},
				"west": {"uv": [0, 0, 2, 10], "texture": "#3"},
				"up": {"uv": [0, 0, 2, 2], "rotation": 180, "texture": "#2"},
				"down": {"uv": [0, 0, 2, 2], "rotation": 180, "texture": "#missing"}
			}
		},
		{
			"from": [7, 17, 7],
			"to": [9, 19, 9],
			"faces": {
				"north": {"uv": [0, 0, 2, 2], "texture": "#5"},
				"east": {"uv": [0, 2, 2, 4], "texture": "#5"},
				"south": {"uv": [2, 0, 4, 2], "texture": "#5"},
				"west": {"uv": [2, 2, 4, 4], "texture": "#5"},
				"up": {"uv": [2, 6, 0, 4], "texture": "#2"},
				"down": {"uv": [4, 0, 2, 2], "texture": "#missing"}
			}
		}
	]
}