{
	"credit": "Made with Blockbench",
	"texture_size": [32, 32],
	"textures": {
		"2": "minecraft:item/railgun_bow"
	},
	"elements": [
		{
			"from": [0, 6.5, -2],
			"to": [1, 7, 6],
			"faces": {
				"north": {"uv": [8.5, 1, 9, 1.25], "texture": "#2"},
				"east": {"uv": [3, 2, 7, 2.25], "texture": "#2"},
				"south": {"uv": [1.5, 8.5, 2, 8.75], "texture": "#2"},
				"west": {"uv": [3, 2.5, 7, 2.75], "texture": "#2"},
				"up": {"uv": [1.5, 4, 1, 0], "texture": "#2"},
				"down": {"uv": [2, 0, 1.5, 4], "texture": "#2"}
			}
		},
		{
			"from": [0.25, 5.5, -1],
			"to": [0.75, 6.5, 1],
			"faces": {
				"north": {"uv": [2, 8.5, 2.25, 9], "texture": "#2"},
				"east": {"uv": [4.5, 1, 5.5, 1.5], "texture": "#2"},
				"south": {"uv": [8.5, 2, 8.75, 2.5], "texture": "#2"},
				"west": {"uv": [4.5, 1.5, 5.5, 2], "texture": "#2"},
				"up": {"uv": [2.25, 8, 2, 7], "texture": "#2"},
				"down": {"uv": [7.25, 2, 7, 3], "texture": "#2"}
			}
		},
		{
			"from": [-3, 6.25, -0.5],
			"to": [0.5, 6.75, 0.5],
			"rotation": {"angle": 22.5, "axis": "z", "origin": [0.5, 6, 0]},
			"faces": {
				"north": {"uv": [6, 5, 7.75, 5.25], "texture": "#2"},
				"east": {"uv": [2.5, 8.5, 3, 8.75], "texture": "#2"},
				"south": {"uv": [5.5, 6, 7.25, 6.25], "texture": "#2"},
				"west": {"uv": [8.5, 2.5, 9, 2.75], "texture": "#2"},
				"up": {"uv": [6.25, 0.5, 4.5, 0], "texture": "#2"},
				"down": {"uv": [6.25, 0.5, 4.5, 1], "texture": "#2"}
			}
		},
		{
			"from": [0.5, 4.75, -0.5],
			"to": [0.5, 5.5, 0.5],
			"faces": {
				"north": {"uv": [0, 0, 0, 0.5], "texture": "#2"},
				"east": {"uv": [6.5, 1.5, 7, 2], "texture": "#2"},
				"south": {"uv": [0, 0, 0, 0.5], "texture": "#2"},
				"west": {"uv": [2.5, 7, 3, 7.5], "texture": "#2"},
				"up": {"uv": [0, 0.5, 0, 0], "texture": "#2"},
				"down": {"uv": [0, 0, 0, 0.5], "texture": "#2"}
			}
		},
		{
			"from": [0.5, 4.21989, -0.39455],
			"to": [0.5, 4.96989, 0.60545],
			"rotation": {"angle": -22.5, "axis": "x", "origin": [0.5, 4.59489, 0.10545]},
			"faces": {
				"north": {"uv": [0, 0, 0, 0.5], "texture": "#2"},
				"east": {"uv": [3, 7, 3.5, 7.5], "texture": "#2"},
				"south": {"uv": [0, 0, 0, 0.5], "texture": "#2"},
				"west": {"uv": [7, 3, 7.5, 3.5], "texture": "#2"},
				"up": {"uv": [0, 0.5, 0, 0], "texture": "#2"},
				"down": {"uv": [0, 0, 0, 0.5], "texture": "#2"}
			}
		},
		{
			"from": [0.5, 1.53524, 0.87155],
			"to": [0.5, 2.28524, 1.87155],
			"rotation": {"angle": -22.5, "axis": "x", "origin": [0.5, 1.5297, 1.47211]},
			"faces": {
				"north": {"uv": [0, 0, 0, 0.5], "texture": "#2"},
				"east": {"uv": [7, 3.5, 7.5, 4], "texture": "#2"},
				"south": {"uv": [0, 0, 0, 0.5], "texture": "#2"},
				"west": {"uv": [7, 4, 7.5, 4.5], "texture": "#2"},
				"up": {"uv": [0, 0.5, 0, 0], "texture": "#2"},
				"down": {"uv": [0, 0, 0, 0.5], "texture": "#2"}
			}
		},
		{
			"from": [0.5, 0.51464, 0.91939],
			"to": [0.5, 1.76464, 1.91939],
			"rotation": {"angle": -45, "axis": "x", "origin": [0.5, 1.5297, 1.47211]},
			"faces": {
				"north": {"uv": [0, 0, 0, 0.75], "texture": "#2"},
				"east": {"uv": [6.5, 0.5, 7, 1.25], "texture": "#2"},
				"south": {"uv": [0, 0, 0, 0.75], "texture": "#2"},
				"west": {"uv": [6.5, 4, 7, 4.75], "texture": "#2"},
				"up": {"uv": [0, 0.5, 0, 0], "texture": "#2"},
				"down": {"uv": [0, 0, 0, 0.5], "texture": "#2"}
			}
		},
		{
			"from": [0.5, -1.33976, 3.99655],
			"to": [0.5, -0.58976, 4.49655],
			"rotation": {"angle": -45, "axis": "x", "origin": [0.5, -1.3453, 4.34711]},
			"faces": {
				"north": {"uv": [0, 0, 0, 0.5], "texture": "#2"},
				"east": {"uv": [8.5, 3, 8.75, 3.5], "texture": "#2"},
				"south": {"uv": [0, 0, 0, 0.5], "texture": "#2"},
				"west": {"uv": [3.5, 8.5, 3.75, 9], "texture": "#2"},
				"up": {"uv": [0, 0.25, 0, 0], "texture": "#2"},
				"down": {"uv": [0, 0, 0, 0.25], "texture": "#2"}
			}
		},
		{
			"from": [0.5, -1.70222, 4.19328],
			"to": [0.5, -1.20222, 5.44328],
			"rotation": {"angle": 22.5, "axis": "x", "origin": [0.5, -1.39949, 4.42822]},
			"faces": {
				"north": {"uv": [0, 0, 0, 0.25], "texture": "#2"},
				"east": {"uv": [8, 1.5, 8.75, 1.75], "texture": "#2"},
				"south": {"uv": [0, 0, 0, 0.25], "texture": "#2"},
				"west": {"uv": [2, 8, 2.75, 8.25], "texture": "#2"},
				"up": {"uv": [0, 0.75, 0, 0], "texture": "#2"},
				"down": {"uv": [0, 0, 0, 0.75], "texture": "#2"}
			}
		},
		{
			"from": [0.25, 1.95984, 0.43679],
			"to": [0.75, 4.45984, 1.93679],
			"rotation": {"angle": -22.5, "axis": "x", "origin": [0.5, 1.95984, 0.93679]},
			"faces": {
				"north": {"uv": [6, 6.5, 6.25, 7.75], "texture": "#2"},
				"east": {"uv": [1, 4, 1.75, 5.25], "texture": "#2"},
				"south": {"uv": [6.5, 6.5, 6.75, 7.75], "texture": "#2"},
				"west": {"uv": [2, 4, 2.75, 5.25], "texture": "#2"},
				"up": {"uv": [8.25, 2.75, 8, 2], "texture": "#2"},
				"down": {"uv": [3.25, 8, 3, 8.75], "texture": "#2"}
			}
		},
		{
			"from": [0.25, -0.83825, 2.58844],
			"to": [0.75, 1.66175, 4.08844],
			"rotation": {"angle": -45, "axis": "x", "origin": [0.5, -0.33825, 3.58844]},
			"faces": {
				"north": {"uv": [7, 0.5, 7.25, 1.75], "texture": "#2"},
				"east": {"uv": [3, 4, 3.75, 5.25], "texture": "#2"},
				"south": {"uv": [1.5, 7, 1.75, 8.25], "texture": "#2"},
				"west": {"uv": [4, 4, 4.75, 5.25], "texture": "#2"},
				"up": {"uv": [8.25, 3.75, 8, 3], "texture": "#2"},
				"down": {"uv": [8.25, 4, 8, 4.75], "texture": "#2"}
			}
		},
		{
			"from": [0, -1.2347, 5.81884],
			"to": [1, -0.2347, 6.81884],
			"rotation": {"angle": 22.5, "axis": "x", "origin": [0.5, 0.0153, 2.88134]},
			"faces": {
				"north": {"uv": [7, 4.5, 7.5, 5], "texture": "#2"},
				"east": {"uv": [5, 7, 5.5, 7.5], "texture": "#2"},
				"south": {"uv": [7, 6.5, 7.5, 7], "texture": "#2"},
				"west": {"uv": [7, 7, 7.5, 7.5], "texture": "#2"},
				"up": {"uv": [8, 1, 7.5, 0.5], "texture": "#2"},
				"down": {"uv": [8, 1, 7.5, 1.5], "texture": "#2"}
			}
		},
		{
			"from": [0, 15.74308, 5.52016],
			"to": [1, 16.74308, 6.52016],
			"rotation": {"angle": 0, "axis": "x", "origin": [0.5, 16.49308, 5.77016]},
			"faces": {
				"north": {"uv": [7.5, 1.5, 8, 2], "texture": "#2"},
				"east": {"uv": [7.5, 2, 8, 2.5], "texture": "#2"},
				"south": {"uv": [2.5, 7.5, 3, 8], "texture": "#2"},
				"west": {"uv": [7.5, 2.5, 8, 3], "texture": "#2"},
				"up": {"uv": [3.5, 8, 3, 7.5], "texture": "#2"},
				"down": {"uv": [8, 3, 7.5, 3.5], "texture": "#2"}
			}
		},
		{
			"from": [0.25, 15.99308, 2.02016],
			"to": [0.75, 16.49308, 5.52016],
			"rotation": {"angle": 0, "axis": "x", "origin": [0.5, 16.49308, 5.77016]},
			"faces": {
				"north": {"uv": [5, 8.5, 5.25, 8.75], "texture": "#2"},
				"east": {"uv": [6, 5.5, 7.75, 5.75], "texture": "#2"},
				"south": {"uv": [5.5, 8.5, 5.75, 8.75], "texture": "#2"},
				"west": {"uv": [6.5, 0, 8.25, 0.25], "texture": "#2"},
				"up": {"uv": [3.75, 8.25, 3.5, 6.5], "texture": "#2"},
				"down": {"uv": [4.25, 6.5, 4, 8.25], "texture": "#2"}
			}
		},
		{
			"from": [0.5, 10.99256, 2.02278],
			"to": [0.5, 16.49256, 2.52278],
			"rotation": {"angle": 22.5, "axis": "x", "origin": [0.5, 15.24256, 2.27278]},
			"faces": {
				"north": {"uv": [0, 0, 0, 2.75], "texture": "#2"},
				"east": {"uv": [5, 4, 5.25, 6.75], "texture": "#2"},
				"south": {"uv": [0, 0, 0, 2.75], "texture": "#2"},
				"west": {"uv": [1, 5.5, 1.25, 8.25], "texture": "#2"},
				"up": {"uv": [0, 0.25, 0, 0], "texture": "#2"},
				"down": {"uv": [0, 0, 0, 0.25], "texture": "#2"}
			}
		},
		{
			"from": [0.25, 8, -1],
			"to": [0.75, 9, 1],
			"rotation": {"angle": 0, "axis": "y", "origin": [0, 14.5, 0]},
			"faces": {
				"north": {"uv": [8.5, 3.5, 8.75, 4], "texture": "#2"},
				"east": {"uv": [5.5, 1, 6.5, 1.5], "texture": "#2"},
				"south": {"uv": [4, 8.5, 4.25, 9], "texture": "#2"},
				"west": {"uv": [5.5, 1.5, 6.5, 2], "texture": "#2"},
				"up": {"uv": [7.75, 4.5, 7.5, 3.5], "texture": "#2"},
				"down": {"uv": [5.25, 7.5, 5, 8.5], "texture": "#2"}
			}
		},
		{
			"from": [1, 6.5, -2],
			"to": [1.5, 8, 1],
			"rotation": {"angle": 0, "axis": "y", "origin": [0, 14.5, 0]},
			"faces": {
				"north": {"uv": [8.5, 0, 8.75, 0.75], "texture": "#2"},
				"east": {"uv": [3, 0, 4.5, 0.75], "texture": "#2"},
				"south": {"uv": [1, 8.5, 1.25, 9.25], "texture": "#2"},
				"west": {"uv": [3, 1, 4.5, 1.75], "texture": "#2"},
				"up": {"uv": [4.75, 8, 4.5, 6.5], "texture": "#2"},
				"down": {"uv": [5.75, 6.5, 5.5, 8], "texture": "#2"}
			}
		},
		{
			"from": [-1.70711, 7.79289, -0.5],
			"to": [0.29289, 7.79289, 0],
			"rotation": {"angle": -22.5, "axis": "z", "origin": [-0.20711, 7.79289, 0]},
			"faces": {
				"north": {"uv": [0, 0, 1, 0], "texture": "#2"},
				"east": {"uv": [0, 0, 0.25, 0], "texture": "#2"},
				"south": {"uv": [0, 0, 1, 0], "texture": "#2"},
				"west": {"uv": [0, 0, 0.25, 0], "texture": "#2"},
				"up": {"uv": [8.5, 7.25, 7.5, 7], "texture": "#2"},
				"down": {"uv": [8.5, 7.5, 7.5, 7.75], "texture": "#2"}
			}
		},
		{
			"from": [0.5, 9, -0.5],
			"to": [0.5, 9.75, 0.5],
			"rotation": {"angle": 0, "axis": "y", "origin": [0, 14.5, 0]},
			"faces": {
				"north": {"uv": [0, 0, 0, 0.5], "texture": "#2"},
				"east": {"uv": [7.5, 4.5, 8, 5], "texture": "#2"},
				"south": {"uv": [0, 0, 0, 0.5], "texture": "#2"},
				"west": {"uv": [7.5, 6, 8, 6.5], "texture": "#2"},
				"up": {"uv": [0, 0.5, 0, 0], "texture": "#2"},
				"down": {"uv": [0, 0, 0, 0.5], "texture": "#2"}
			}
		},
		{
			"from": [0.5, 9.53011, -0.39455],
			"to": [0.5, 11.28011, 0.60545],
			"rotation": {"angle": 22.5, "axis": "x", "origin": [0.5, 9.90511, 0.10545]},
			"faces": {
				"north": {"uv": [0, 0, 0, 1], "texture": "#2"},
				"east": {"uv": [3.5, 5.5, 4, 6.5], "texture": "#2"},
				"south": {"uv": [0, 0, 0, 1], "texture": "#2"},
				"west": {"uv": [4, 5.5, 4.5, 6.5], "texture": "#2"},
				"up": {"uv": [0, 0.5, 0, 0], "texture": "#2"},
				"down": {"uv": [0, 0, 0, 0.5], "texture": "#2"}
			}
		},
		{
			"from": [0.25, 11.04016, 0.43679],
			"to": [0.75, 11.54016, 1.93679],
			"rotation": {"angle": 22.5, "axis": "x", "origin": [0.5, 12.54016, 0.93679]},
			"faces": {
				"north": {"uv": [8.5, 5.5, 8.75, 5.75], "texture": "#2"},
				"east": {"uv": [8, 5, 8.75, 5.25], "texture": "#2"},
				"south": {"uv": [6, 8.5, 6.25, 8.75], "texture": "#2"},
				"west": {"uv": [5.5, 8, 6.25, 8.25], "texture": "#2"},
				"up": {"uv": [4.75, 8.75, 4.5, 8], "texture": "#2"},
				"down": {"uv": [8.25, 5.5, 8, 6.25], "texture": "#2"}
			}
		},
		{
			"from": [0, 11.79016, 0.68679],
			"to": [1, 14.29016, 1.68679],
			"rotation": {"angle": 22.5, "axis": "x", "origin": [0.5, 12.54016, 0.93679]},
			"faces": {
				"north": {"uv": [1.5, 5.5, 2, 6.75], "texture": "#2"},
				"east": {"uv": [2, 5.5, 2.5, 6.75], "texture": "#2"},
				"south": {"uv": [2.5, 5.5, 3, 6.75], "texture": "#2"},
				"west": {"uv": [3, 5.5, 3.5, 6.75], "texture": "#2"},
				"up": {"uv": [8, 7, 7.5, 6.5], "texture": "#2"},
				"down": {"uv": [7.5, 7.5, 7, 8], "texture": "#2"}
			}
		},
		{
			"from": [0.25, 14.54016, 0.43679],
			"to": [0.75, 15.04016, 1.93679],
			"rotation": {"angle": 22.5, "axis": "x", "origin": [0.5, 12.54016, 0.93679]},
			"faces": {
				"north": {"uv": [8.5, 6, 8.75, 6.25], "texture": "#2"},
				"east": {"uv": [6.5, 8, 7.25, 8.25], "texture": "#2"},
				"south": {"uv": [6.5, 8.5, 6.75, 8.75], "texture": "#2"},
				"west": {"uv": [8, 6.5, 8.75, 6.75], "texture": "#2"},
				"up": {"uv": [7.75, 8.75, 7.5, 8], "texture": "#2"},
				"down": {"uv": [8.25, 8, 8, 8.75], "texture": "#2"}
			}
		},
		{
			"from": [0.5, -1.99308, 5.77016],
			"to": [0.5, 16.50692, 6.27016],
			"rotation": {"angle": 0, "axis": "x", "origin": [0.5, -1.99308, 5.77016]},
			"faces": {
				"north": {"uv": [0, 0, 0, 9.25], "texture": "#2"},
				"east": {"uv": [0, 0, 0.25, 9.25], "texture": "#2"},
				"south": {"uv": [0, 0, 0, 9.25], "texture": "#2"},
				"west": {"uv": [0.5, 0, 0.75, 9.25], "texture": "#2"},
				"up": {"uv": [0, 0.25, 0, 0], "texture": "#2"},
				"down": {"uv": [0, 0, 0, 0.25], "texture": "#2"}
			}
		},
		{
			"from": [0, 7.5, -2],
			"to": [1, 8, 6],
			"rotation": {"angle": 0, "axis": "y", "origin": [0, -1.5, 0]},
			"faces": {
				"north": {"uv": [8.5, 4, 9, 4.25], "texture": "#2"},
				"east": {"uv": [3, 3, 7, 3.25], "texture": "#2"},
				"south": {"uv": [8.5, 4.5, 9, 4.75], "texture": "#2"},
				"west": {"uv": [3, 3.5, 7, 3.75], "texture": "#2"},
				"up": {"uv": [2.5, 4, 2, 0], "texture": "#2"},
				"down": {"uv": [3, 0, 2.5, 4], "texture": "#2"}
			}
		},
		{
			"from": [-2, 8, -1.5],
			"to": [-1, 9, 0.5],
			"rotation": {"angle": -22.5, "axis": "z", "origin": [-1.5, 8.5, -0.5]},
			"faces": {
				"north": {"uv": [8, 0.5, 8.5, 1], "texture": "#2"},
				"east": {"uv": [5.5, 4, 6.5, 4.5], "texture": "#2"},
				"south": {"uv": [8, 1, 8.5, 1.5], "texture": "#2"},
				"west": {"uv": [5.5, 4.5, 6.5, 5], "texture": "#2"},
				"up": {"uv": [5, 6.5, 4.5, 5.5], "texture": "#2"},
				"down": {"uv": [6, 5, 5.5, 6], "texture": "#2"}
			}
		}
	],
	"display": {
		"thirdperson_righthand": {
			"rotation": [1.03, 4.71, -25.1],
			"translation": [13.75, -4.75, 10.5],
			"scale": [1.2, 1.2, 1.2]
		},
		"thirdperson_lefthand": {
			"rotation": [-0.27, 3.5, 8.56],
			"translation": [-12.25, 0, 10.75],
			"scale": [1.2, 1.2, 1.2]
		},
		"firstperson_righthand": {
			"rotation": [-41, 16, 4],
			"translation": [7, 5, 2],
			"scale": [1.1, 1.1, 1.1]
		},
		"firstperson_lefthand": {
			"rotation": [14, -28, -14],
			"translation": [-7, 3, 2],
			"scale": [0.8, 0.8, 0.8]
		},
		"gui": {
			"rotation": [106, 48, -112],
			"translation": [1, -1.5, 0],
			"scale": [0.9, 0.9, 0.9]
		},
		"fixed": {
			"rotation": [91.71, -43.47, 91.21],
			"translation": [-3.75, -1.75, 6]
		}
	}
}