{
    "parent": "minecraft:item/generated",
    "textures": {
      "layer0": "minecraft:item/salmon"
    },
      "overrides": [
          { "predicate": { "custom_model_data": 7878 }, "model": "minecraft:item/cod_bucket"},
          { "predicate": { "custom_model_data": 7879 }, "model": "minecraft:item/salmon_bucket"},
          { "predicate": { "custom_model_data": 7880 }, "model": "minecraft:item/tropical_fish_bucket"},
          { "predicate": { "custom_model_data": 7881 }, "model": "minecraft:item/pufferfish_bucket"},
          { "predicate": { "custom_model_data": 7882 }, "model": "minecraft:item/axolotl_bucket"},
          { "predicate": { "custom_model_data": 7883 }, "model": "minecraft:item/tadpole_bucket"},
          { "predicate": { "custom_model_data": 7884 }, "model": "minecraft:item/lava_bucket"},
          { "predicate": { "custom_model_data": 7885 }, "model": "minecraft:item/powder_snow_bucket"},
          { "predicate": { "custom_model_data": 7886 }, "model": "minecraft:item/water_bucket"},
          { "predicate": { "custom_model_data": 7887 }, "model": "minecraft:item/milk_bucket"}
  
      ]
  }