{
    "providers": [
        {
            "type":"bitmap",
            "file":"minecraft:font/icons/mana.png",
            "ascent":9,
            "height":9,
            "chars":[
                "\uE100"             
            ]
        },
        {
            "type":"bitmap",
            "file":"minecraft:font/icons/nitro_charges.png",
            "ascent":9,
            "height":9,
            "chars":[
                "\uE101"             
            ]
        },
        {
            "type":"bitmap",
            "file":"minecraft:font/icons/reactive_boots_fuel.png",
            "ascent":9,
            "height":9,
            "chars":[
                "\uE102"             
            ]
        },
        {
            "type":"bitmap",
            "file":"minecraft:font/icons/sword_charges.png",
            "ascent":9,
            "height":9,
            "chars":[
                "\uE103"             
            ]
        },
        {
            "type":"bitmap",
            "file":"minecraft:font/icons/ready.png",
            "ascent":9,
            "height":9,
            "chars":[
                "\uE104"             
            ]
        },
        {
            "type":"bitmap",
            "file":"minecraft:font/icons/reloading.png",
            "ascent":9,
            "height":9,
            "chars":[
                "\uE105"             
            ]
        },
        {
            "type":"bitmap",
            "file":"minecraft:font/icons/witch_items.png",
            "ascent":9,
            "height":9,
            "chars":[
                "\uE106"             
            ]
        },
        {
            "type":"bitmap",
            "file":"minecraft:font/icons/acidrifle.png",
            "ascent":9,
            "height":9,
            "chars":[
                "\uE109"             
            ]
        },
        {
            "type":"bitmap",
            "file":"minecraft:font/icons/blaze.png",
            "ascent":9,
            "height":9,
            "chars":[
                "\uE110"             
            ]
        },
        {
            "type":"bitmap",
            "file":"minecraft:item/advancement_icon/delayed_death.png",
            "ascent":9,
            "height":9,
            "chars":[
                "\uE111"             
            ]
        },
        {
            "type":"bitmap",
            "file":"minecraft:font/icons/cold.png",
            "ascent":9,
            "height":9,
            "chars":[
                "\uE112"             
            ]
        },
        {
            "type":"bitmap",
            "file":"minecraft:font/icons/freeze.png",
            "ascent":9,
            "height":9,
            "chars":[
                "\uE113"             
            ]
        }
    ]
}
    
