{
    "parent": "item/generated",
    "textures": {
        "layer0": "minecraft:item/railgun/0"
    },
    "display": {
        "thirdperson_righthand": {
            "rotation": [
                -80,
                260,
                -40
            ],
            "translation": [
                -1,
                -2,
                2.5
            ],
            "scale": [
                0.9,
                0.9,
                0.9
            ]
        },
        "thirdperson_lefthand": {
            "rotation": [
                -80,
                -280,
                40
            ],
            "translation": [
                -1,
                -2,
                2.5
            ],
            "scale": [
                0.9,
                0.9,
                0.9
            ]
        },
        "firstperson_righthand": {
            "rotation": [
                0,
                -90,
                25
            ],
            "translation": [
                1.13,
                3.2,
                1.13
            ],
            "scale": [
                0.68,
                0.68,
                0.68
            ]
        },
        "firstperson_lefthand": {
            "rotation": [
                0,
                90,
                -25
            ],
            "translation": [
                1.13,
                3.2,
                1.13
            ],
            "scale": [
                0.68,
                0.68,
                0.68
            ]
        }
    },
    "overrides": [
        {
            "predicate": {
                
                "pulling": 1
            },
            "model": "minecraft:item/railgun/1"
        },
        {
            "predicate": {
                
                "pulling": 1,
                "pull": 0.2
            },
            "model": "minecraft:item/railgun/2"
        },
        {
            "predicate": {
                
                "pulling": 1,
                "pull": 0.3
            },
            "model": "minecraft:item/railgun/3"
        },
        {
            "predicate": {
                
                "pulling": 1,
                "pull": 0.4
            },
            "model": "minecraft:item/railgun/4"
        },
        {
            "predicate": {
                
                "pulling": 1,
                "pull": 0.5
            },
            "model": "minecraft:item/railgun/5"
        },
        {
            "predicate": {
                
                "pulling": 1,
                "pull": 0.6
            },
            "model": "minecraft:item/railgun/6"
        },
        {
            "predicate": {
                
                "pulling": 1,
                "pull": 0.7
            },
            "model": "minecraft:item/railgun/7"
        },
        {
            "predicate": {
                
                "pulling": 1,
                "pull": 0.8
            },
            "model": "minecraft:item/railgun/8"
        },
        {
            "predicate": {
                
                "pulling": 1,
                "pull": 0.9
            },
            "model": "minecraft:item/railgun/9"
        },
        {
            "predicate": {
                
                "pulling": 1,
                "pull": 1.0
            },
            "model": "minecraft:item/railgun/10"
        }
    ]
}



