{
	"credit": "Made with Blockbench",
	"parent": "minecraft:item/laser_minigun/1",
	"elements": [
		{
			"from": [5, 0, -7],
			"to": [11, 6, 3],
			"rotation": {"angle": 0, "axis": "y", "origin": [10.23685, 5.16421, 4.79289]},
			"faces": {
				"north": {"uv": [0, 3, 1.5, 4.5], "texture": "#2"},
				"east": {"uv": [0, 0, 2.5, 1.5], "texture": "#2"},
				"south": {"uv": [4, 0, 5.5, 1.5], "texture": "#2"},
				"west": {"uv": [0, 1.5, 2.5, 3], "texture": "#2"},
				"up": {"uv": [4, 2.5, 2.5, 0], "texture": "#2"},
				"down": {"uv": [4, 2.5, 2.5, 5], "texture": "#2"}
			}
		},
		{
			"from": [8, -2, -6],
			"to": [8, 2, 1],
			"rotation": {"angle": 0, "axis": "y", "origin": [10.23685, 5.16421, 4.79289]},
			"faces": {
				"north": {"uv": [0, 0, 0, 1], "texture": "#2"},
				"east": {"uv": [4, 1.5, 5.75, 2.5], "texture": "#2"},
				"south": {"uv": [0, 0, 0, 1], "texture": "#2"},
				"west": {"uv": [4, 2.5, 5.75, 3.5], "texture": "#2"},
				"up": {"uv": [0, 1.75, 0, 0], "texture": "#2"},
				"down": {"uv": [0, 0, 0, 1.75], "texture": "#2"}
			}
		},
		{
			"from": [6, -2, -2],
			"to": [10, 2, 5],
			"rotation": {"angle": 0, "axis": "y", "origin": [10.23685, 5.16421, 4.79289]},
			"faces": {
				"north": {"uv": [2.75, 6, 3.75, 7], "texture": "#2"},
				"east": {"uv": [4, 3.5, 5.75, 4.5], "texture": "#2"},
				"south": {"uv": [6, 5.5, 7, 6.5], "texture": "#2"},
				"west": {"uv": [0, 4.5, 1.75, 5.5], "texture": "#2"},
				"up": {"uv": [5, 6.25, 4, 4.5], "texture": "#2"},
				"down": {"uv": [2.75, 5, 1.75, 6.75], "texture": "#2"}
			}
		},
		{
			"from": [9.26802, 2.80478, -2],
			"to": [18.26802, 3.80478, 0],
			"rotation": {"angle": 22.5, "axis": "z", "origin": [10.23685, 5.16421, 4.79289]},
			"faces": {
				"north": {"uv": [6.75, 3.75, 9, 4], "texture": "#2"},
				"east": {"uv": [4.5, 6.25, 5, 6.5], "texture": "#2"},
				"south": {"uv": [4.5, 6.75, 6.75, 7], "texture": "#2"},
				"west": {"uv": [7.75, 7.75, 8.25, 8], "texture": "#2"},
				"up": {"uv": [7.75, 0.5, 5.5, 0], "texture": "#2"},
				"down": {"uv": [7.75, 0.5, 5.5, 1], "texture": "#2"}
			}
		},
		{
			"from": [6, 1, 3],
			"to": [10, 5, 8],
			"rotation": {"angle": 0, "axis": "z", "origin": [8, 3, 13]},
			"faces": {
				"north": {"uv": [5, 5.5, 6, 6.5], "rotation": 90, "texture": "#2"},
				"east": {"uv": [1, 5.5, 0, 6.75], "rotation": 270, "texture": "#2"},
				"south": {"uv": [5.75, 1, 6.75, 2], "rotation": 270, "texture": "#2"},
				"west": {"uv": [2.5, 4.25, 1.5, 3], "rotation": 270, "texture": "#2"},
				"up": {"uv": [2.75, 5, 4, 6], "rotation": 270, "texture": "#2"},
				"down": {"uv": [5, 4.5, 6.25, 5.5], "rotation": 270, "texture": "#2"}
			}
		},
		{
			"from": [6, 1, 19],
			"to": [10, 5, 22],
			"rotation": {"angle": 0, "axis": "z", "origin": [8, 3, 13]},
			"faces": {
				"north": {"uv": [5.75, 2, 6.75, 3], "rotation": 90, "texture": "#2"},
				"east": {"uv": [7.75, 3, 6.75, 3.75], "rotation": 270, "texture": "#2"},
				"south": {"uv": [5.75, 3, 6.75, 4], "rotation": 270, "texture": "#2"},
				"west": {"uv": [7.75, 3, 6.75, 2.25], "rotation": 270, "texture": "#2"},
				"up": {"uv": [6.75, 1.25, 7.5, 2.25], "rotation": 270, "texture": "#2"},
				"down": {"uv": [1.75, 6.75, 2.5, 7.75], "rotation": 270, "texture": "#2"}
			}
		},
		{
			"from": [6.5, 3.5, 8],
			"to": [7.5, 4.5, 23],
			"rotation": {"angle": 0, "axis": "z", "origin": [8, 3, 13]},
			"faces": {
				"north": {"uv": [6, 8.25, 6.25, 8.5], "rotation": 90, "texture": "#2"},
				"east": {"uv": [1.5, 5.5, 1.25, 9.25], "rotation": 270, "texture": "#2"},
				"south": {"uv": [6.25, 8.25, 6.5, 8.5], "rotation": 270, "texture": "#2"},
				"west": {"uv": [1.25, 9.25, 1, 5.5], "rotation": 270, "texture": "#2"},
				"up": {"uv": [5.75, 4, 9.5, 4.25], "rotation": 270, "texture": "#2"},
				"down": {"uv": [5.75, 4.25, 9.5, 4.5], "rotation": 270, "texture": "#2"}
			}
		},
		{
			"from": [6.5, 1.5, 8],
			"to": [7.5, 2.5, 23],
			"rotation": {"angle": 0, "axis": "z", "origin": [8, 3, 13]},
			"faces": {
				"north": {"uv": [6.5, 8.25, 6.75, 8.5], "rotation": 90, "texture": "#2"},
				"east": {"uv": [4, 6, 3.75, 9.75], "rotation": 270, "texture": "#2"},
				"south": {"uv": [8.25, 6.5, 8.5, 6.75], "rotation": 270, "texture": "#2"},
				"west": {"uv": [1.75, 9.25, 1.5, 5.5], "rotation": 270, "texture": "#2"},
				"up": {"uv": [6.25, 4.5, 10, 4.75], "rotation": 270, "texture": "#2"},
				"down": {"uv": [6.25, 4.75, 10, 5], "rotation": 270, "texture": "#2"}
			}
		},
		{
			"from": [8.5, 1.5, 8],
			"to": [9.5, 2.5, 23],
			"rotation": {"angle": 0, "axis": "z", "origin": [8, 3, 13]},
			"faces": {
				"north": {"uv": [7, 8.25, 7.25, 8.5], "rotation": 90, "texture": "#2"},
				"east": {"uv": [4.5, 6.25, 4.25, 10], "rotation": 270, "texture": "#2"},
				"south": {"uv": [7.25, 8.25, 7.5, 8.5], "rotation": 270, "texture": "#2"},
				"west": {"uv": [4.25, 10, 4, 6.25], "rotation": 270, "texture": "#2"},
				"up": {"uv": [6.25, 5, 10, 5.25], "rotation": 270, "texture": "#2"},
				"down": {"uv": [6.25, 5.25, 10, 5.5], "rotation": 270, "texture": "#2"}
			}
		},
		{
			"from": [8.5, 3.5, 8],
			"to": [9.5, 4.5, 23],
			"rotation": {"angle": 0, "axis": "z", "origin": [8, 3, 13]},
			"faces": {
				"north": {"uv": [8.25, 7.75, 8.5, 8], "rotation": 90, "texture": "#2"},
				"east": {"uv": [0.5, 6.75, 0.25, 10.5], "rotation": 270, "texture": "#2"},
				"south": {"uv": [8, 8.25, 8.25, 8.5], "rotation": 270, "texture": "#2"},
				"west": {"uv": [0.25, 10.5, 0, 6.75], "rotation": 270, "texture": "#2"},
				"up": {"uv": [4.5, 6.5, 8.25, 6.75], "rotation": 270, "texture": "#2"},
				"down": {"uv": [6.75, 1, 10.5, 1.25], "rotation": 270, "texture": "#2"}
			}
		},
		{
			"from": [7, 2, -10],
			"to": [9, 3, -7],
			"rotation": {"angle": 0, "axis": "y", "origin": [10.23685, 5.16421, 4.79289]},
			"faces": {
				"north": {"uv": [8, 1.25, 8.5, 1.5], "texture": "#2"},
				"east": {"uv": [7.75, 0.75, 8.5, 1], "texture": "#2"},
				"south": {"uv": [8, 1.5, 8.5, 1.75], "texture": "#2"},
				"west": {"uv": [7, 7.75, 7.75, 8], "texture": "#2"},
				"up": {"uv": [2.25, 5, 1.75, 4.25], "texture": "#2"},
				"down": {"uv": [8, 1.25, 7.5, 2], "texture": "#2"}
			}
		},
		{
			"from": [7, 3.41421, -11.41421],
			"to": [9, 6.41421, -10.41421],
			"rotation": {"angle": 0, "axis": "x", "origin": [10.23685, 5.16421, 4.79289]},
			"faces": {
				"north": {"uv": [2.75, 7.5, 3.25, 8.25], "texture": "#2"},
				"east": {"uv": [2.25, 4.25, 2.5, 5], "texture": "#2"},
				"south": {"uv": [3.25, 7.5, 3.75, 8.25], "texture": "#2"},
				"west": {"uv": [2.25, 7.75, 2.5, 8.5], "texture": "#2"},
				"up": {"uv": [8.5, 2, 8, 1.75], "texture": "#2"},
				"down": {"uv": [5, 8, 4.5, 8.25], "texture": "#2"}
			}
		},
		{
			"from": [7, 13.38693, -7.9047],
			"to": [9, 15.38693, -6.9047],
			"rotation": {"angle": -45, "axis": "x", "origin": [10.23685, 5.16421, 4.79289]},
			"faces": {
				"north": {"uv": [7.5, 6.75, 8, 7.25], "texture": "#2"},
				"east": {"uv": [5.5, 1, 5.75, 1.5], "texture": "#2"},
				"south": {"uv": [7.5, 7.25, 8, 7.75], "texture": "#2"},
				"west": {"uv": [5, 8, 5.25, 8.5], "texture": "#2"},
				"up": {"uv": [6, 8.25, 5.5, 8], "texture": "#2"},
				"down": {"uv": [6.5, 8, 6, 8.25], "texture": "#2"}
			}
		},
		{
			"from": [7, 16.50825, -5.78338],
			"to": [9, 17.50825, -1.78338],
			"rotation": {"angle": -45, "axis": "x", "origin": [10.23685, 5.16421, 4.79289]},
			"faces": {
				"north": {"uv": [8, 6.75, 8.5, 7], "texture": "#2"},
				"east": {"uv": [7.5, 6.25, 8.5, 6.5], "texture": "#2"},
				"south": {"uv": [7, 8, 7.5, 8.25], "texture": "#2"},
				"west": {"uv": [7.75, 0, 8.75, 0.25], "texture": "#2"},
				"up": {"uv": [6, 8, 5.5, 7], "texture": "#2"},
				"down": {"uv": [7.5, 5.5, 7, 6.5], "texture": "#2"}
			}
		},
		{
			"from": [7.999, 6.24264, -9.58579],
			"to": [7.999, 8.24264, -6.58579],
			"rotation": {"angle": 0, "axis": "x", "origin": [8.999, 7.24264, -6.58579]},
			"faces": {
				"north": {"uv": [0, 0, 0, 0.5], "texture": "#2"},
				"east": {"uv": [4.5, 7.5, 5.25, 8], "texture": "#2"},
				"south": {"uv": [0, 0, 0, 0.5], "texture": "#2"},
				"west": {"uv": [7.5, 5.5, 8.25, 6], "texture": "#2"},
				"up": {"uv": [0, 0.75, 0, 0], "texture": "#2"},
				"down": {"uv": [0, 0, 0, 0.75], "texture": "#2"}
			}
		},
		{
			"from": [7, 8.24264, -8.58579],
			"to": [9, 9.24264, -4.42954],
			"rotation": {"angle": 0, "axis": "x", "origin": [10.23685, 5.16421, 4.79289]},
			"faces": {
				"north": {"uv": [8, 7, 8.5, 7.25], "texture": "#2"},
				"east": {"uv": [7.75, 0.25, 8.75, 0.5], "texture": "#2"},
				"south": {"uv": [8, 7.25, 8.5, 7.5], "texture": "#2"},
				"west": {"uv": [7.75, 0.5, 8.75, 0.75], "texture": "#2"},
				"up": {"uv": [6.5, 8, 6, 7], "texture": "#2"},
				"down": {"uv": [7.5, 6.75, 7, 7.75], "texture": "#2"}
			}
		},
		{
			"from": [7, 5.82843, -4.01532],
			"to": [9, 7.82843, -3.01532],
			"rotation": {"angle": 0, "axis": "x", "origin": [10.23685, 5.16421, 4.79289]},
			"faces": {
				"north": {"uv": [1.75, 7.75, 2.25, 8.25], "texture": "#2"},
				"east": {"uv": [7.5, 8, 7.75, 8.5], "texture": "#2"},
				"south": {"uv": [7.75, 2.25, 8.25, 2.75], "texture": "#2"},
				"west": {"uv": [7.75, 8, 8, 8.5], "texture": "#2"},
				"up": {"uv": [8.5, 7.75, 8, 7.5], "texture": "#2"},
				"down": {"uv": [8.5, 8, 8, 8.25], "texture": "#2"}
			}
		},
		{
			"from": [3, 3, -5.5],
			"to": [5, 4, -4.5],
			"rotation": {"angle": 0, "axis": "x", "origin": [10.23685, 5.83579, 3.46447]},
			"faces": {
				"north": {"uv": [1.75, 8.25, 2.25, 8.5], "texture": "#2"},
				"east": {"uv": [8.25, 8.25, 8.5, 8.5], "texture": "#2"},
				"south": {"uv": [8.25, 2.25, 8.75, 2.5], "texture": "#2"},
				"west": {"uv": [8.5, 0.75, 8.75, 1], "texture": "#2"},
				"up": {"uv": [8.75, 2.75, 8.25, 2.5], "texture": "#2"},
				"down": {"uv": [3.25, 8.25, 2.75, 8.5], "texture": "#2"}
			}
		},
		{
			"from": [3, 3, 0.5],
			"to": [5, 4, 1.5],
			"rotation": {"angle": 0, "axis": "y", "origin": [4, 3.5, 1]},
			"faces": {
				"north": {"uv": [8.25, 2.75, 8.75, 3], "texture": "#2"},
				"east": {"uv": [8.5, 1.25, 8.75, 1.5], "texture": "#2"},
				"south": {"uv": [8.25, 3, 8.75, 3.25], "texture": "#2"},
				"west": {"uv": [8.5, 1.5, 8.75, 1.75], "texture": "#2"},
				"up": {"uv": [3.75, 8.5, 3.25, 8.25], "texture": "#2"},
				"down": {"uv": [8.75, 3.25, 8.25, 3.5], "texture": "#2"}
			}
		},
		{
			"from": [2, 3, -4.5],
			"to": [3, 4, 0.5],
			"rotation": {"angle": 0, "axis": "y", "origin": [1, 3.5, 1]},
			"faces": {
				"north": {"uv": [1.75, 8.5, 2, 8.75], "texture": "#2"},
				"east": {"uv": [7.5, 2, 8.75, 2.25], "texture": "#2"},
				"south": {"uv": [8.5, 1.75, 8.75, 2], "texture": "#2"},
				"west": {"uv": [7.5, 6, 8.75, 6.25], "texture": "#2"},
				"up": {"uv": [6.75, 8.25, 6.5, 7], "texture": "#2"},
				"down": {"uv": [5.5, 7.5, 5.25, 8.75], "texture": "#2"}
			}
		},
		{
			"from": [3.62132, 3, -0.58579],
			"to": [4.62132, 4, 0.82841],
			"rotation": {"angle": 45, "axis": "y", "origin": [4.12132, 3.5, 1.91421]},
			"faces": {
				"north": {"uv": [2, 8.5, 2.25, 8.75], "texture": "#2"},
				"east": {"uv": [2.25, 8.5, 2.5, 8.75], "texture": "#2"},
				"south": {"uv": [2.75, 8.5, 3, 8.75], "texture": "#2"},
				"west": {"uv": [3, 8.5, 3.25, 8.75], "texture": "#2"},
				"up": {"uv": [3.5, 8.75, 3.25, 8.5], "texture": "#2"},
				"down": {"uv": [3.75, 8.5, 3.5, 8.75], "texture": "#2"}
			}
		},
		{
			"from": [2.35221, 3, -5.35411],
			"to": [3.35221, 4, -3.93991],
			"rotation": {"angle": -45, "axis": "y", "origin": [2.85221, 3.5, -4.64511]},
			"faces": {
				"north": {"uv": [4.5, 8.5, 4.75, 8.75], "texture": "#2"},
				"east": {"uv": [4.75, 8.5, 5, 8.75], "texture": "#2"},
				"south": {"uv": [5, 8.5, 5.25, 8.75], "texture": "#2"},
				"west": {"uv": [5.5, 8.5, 5.75, 8.75], "texture": "#2"},
				"up": {"uv": [6, 8.75, 5.75, 8.5], "texture": "#2"},
				"down": {"uv": [8.75, 5.75, 8.5, 6], "texture": "#2"}
			}
		},
		{
			"from": [7, 0.41637, -4.56647],
			"to": [9, 1.41637, -2.56647],
			"rotation": {"angle": 45, "axis": "x", "origin": [10.23685, 5.16421, 4.94914]},
			"faces": {
				"north": {"uv": [8.25, 3.5, 8.75, 3.75], "texture": "#2"},
				"east": {"uv": [4.5, 8.25, 5, 8.5], "texture": "#2"},
				"south": {"uv": [5.5, 8.25, 6, 8.5], "texture": "#2"},
				"west": {"uv": [8.25, 5.5, 8.75, 5.75], "texture": "#2"},
				"up": {"uv": [8.25, 3.25, 7.75, 2.75], "texture": "#2"},
				"down": {"uv": [8.25, 3.25, 7.75, 3.75], "texture": "#2"}
			}
		}
	],
	"groups": [
		0,
		1,
		2,
		3,
		{
			"name": "rot",
			"origin": [10.23685, 5.16421, 4.79289],
			"color": 0,
			"nbt": "{}",
			"children": [4, 5, 6, 7, 8, 9]
		},
		10,
		11,
		12,
		13,
		14,
		15,
		16,
		17,
		18,
		19,
		20,
		21,
		22
	]
}